date,bench_zz500
2015-01-05,0.0
2015-01-06,0.011600474061384203
2015-01-07,0.001529236148368751
2015-01-08,-0.008053583662522068
2015-01-09,-0.006425375272775313
2015-01-12,-0.01420579546168843
2015-01-13,0.01366597777286005
2015-01-14,-0.004690023662880849
2015-01-15,0.012881663426113521
2015-01-16,0.013044499581577718
2015-01-19,-0.04315485895234161
2015-01-20,0.036087392794259765
2015-01-21,0.02543257116021702
2015-01-22,0.013983309840707614
2015-01-23,-0.009994446553348246
2015-01-26,0.022312005950341662
2015-01-27,0.002576845205227274
2015-01-28,-0.005871329553051474
2015-01-29,-0.006743996432006072
2015-01-30,-0.012011485281194778
2015-02-02,-0.004143639052466397
2015-02-03,0.017486749896156173
2015-02-04,-0.004197999817782794
2015-02-05,-0.005155255897753563
2015-02-06,-0.021122276812716945
2015-02-09,-0.005387738288173516
2015-02-10,0.013756659890971079
2015-02-11,0.01094665543748996
2015-02-12,0.00701018648336782
2015-02-13,0.015476982542850903
2015-02-16,0.017409481615525024
2015-02-17,0.007051455693722675
2015-02-25,-0.0007714300214850534
2015-02-26,0.01066952903053231
2015-02-27,0.008191558506824625
2015-03-02,0.02015964216759758
2015-03-03,-0.0034414857837157253
2015-03-04,0.014996747653898135
2015-03-05,-0.0002302581789960234
2015-03-06,-0.01223387378623575
2015-03-09,0.012915312659484757
2015-03-10,0.010340875433016095
2015-03-11,-0.0021652263689200257
2015-03-12,-0.0004390944116853257
2015-03-13,0.011092403684262564
2015-03-16,0.029573842182261778
2015-03-17,0.015541441542359147
2015-03-18,0.016624232213416246
2015-03-19,0.008084041931787356
2015-03-20,0.010090734040451244
2015-03-23,0.024266884642893727
2015-03-24,0.0041284567096329106
2015-03-25,0.01117636372925812
2015-03-26,-0.007078023879733997
2015-03-27,0.011521053256512204
2015-03-30,0.012514769188416208
2015-03-31,0.0010489269201574558
2015-04-01,0.023800857564351574
2015-04-02,0.01816925743327591
2015-04-03,0.015654738679875546
2015-04-07,0.023996582892846785
2015-04-08,-0.007030145181145753
2015-04-09,-0.007921362704918056
2015-04-10,0.02659902015840121
2015-04-13,0.021465784896990803
2015-04-14,-0.0003607090579831329
2015-04-15,-0.03906546337666683
2015-04-16,0.014013008234276425
2015-04-17,0.008679122709675857
2015-04-20,-0.017649948125241233
2015-04-21,0.03479508667202391
2015-04-22,0.025976587297185105
2015-04-23,0.010484860207871094
2015-04-24,0.0009975388493228543
2015-04-27,0.0111567877288401
2015-04-28,-0.02896034544732662
2015-04-29,0.01956939350243392
2015-04-30,0.0049144247026369214
2015-05-04,0.00481836954686532
2015-05-05,-0.036559630009118105
2015-05-06,-0.014188946915239531
2015-05-07,-0.022209575652604285
2015-05-08,0.03768086969284434
2015-05-11,0.04352120215234412
2015-05-12,0.021904087532220506
2015-05-13,0.009061616706762754
2015-05-14,-0.00130765909757935
2015-05-15,-0.00800032677550866
2015-05-18,0.018381814688066322
2015-05-19,0.024848403846088996
2015-05-20,0.016712640125898126
2015-05-21,0.03685219777673088
2015-05-22,0.01652420882358463
2015-05-25,0.026786198235457137
2015-05-26,0.033215837706634055
2015-05-27,0.011930307569807175
2015-05-28,-0.059912320645039596
2015-05-29,0.009973227730477596
2015-06-01,0.05232049476062617
2015-06-02,0.03795559055748732
2015-06-03,0.008596965020576164
2015-06-04,-0.0013278700618124528
2015-06-05,0.0163340905629612
2015-06-08,-0.010193350633315723
2015-06-09,-0.0015574403585557617
2015-06-10,0.017643416314530702
2015-06-11,0.014117518999720025
2015-06-12,0.015801110124763484
2015-06-15,-0.01844812309834931
2015-06-16,-0.03997656378911285
2015-06-17,0.02028614391388106
2015-06-18,-0.03325691069361425
2015-06-19,-0.06932659173377509
2015-06-23,0.005954496711359614
2015-06-24,0.021971995286098833
2015-06-25,-0.03521065718184224
2015-06-26,-0.0835878902898215
2015-06-29,-0.06536962151646775
2015-06-30,0.049663863169209455
2015-07-01,-0.055480450302155204
2015-07-02,-0.06857063377996198
2015-07-03,-0.06121300302484978
2015-07-06,-0.01624500883013913
2015-07-07,-0.06529436152570489
2015-07-08,-0.023827794066116348
2015-07-09,0.044526435204328196
2015-07-10,0.05052382782196374
2015-07-13,0.062231013226074605
2015-07-14,0.021236727857238513
2015-07-15,-0.05773845727097138
2015-07-16,0.023425146078006387
2015-07-17,0.054882329035356614
2015-07-20,0.015235093249277742
2015-07-21,0.01280847656009354
2015-07-22,0.012138006875527685
2015-07-23,0.0278537638337355
2015-07-24,-0.014840990225666761
2015-07-27,-0.07488246388457298
2015-07-28,-0.01852151220526088
2015-07-29,0.04875670277209143
2015-07-30,-0.027698559106546394
2015-07-31,-0.00942494019675455
2015-08-03,-0.024181253930990576
2015-08-04,0.05329957653699302
2015-08-05,-0.012938643431837926
2015-08-06,-0.006034946819502673
2015-08-07,0.028399531315972837
2015-08-10,0.04751713397193669
2015-08-11,0.0049129804421921275
2015-08-12,-0.011735166259055685
2015-08-13,0.023762226588646795
2015-08-14,0.010640429413563579
2015-08-17,0.022633573094777537
2015-08-18,-0.07473419753618282
2015-08-19,0.022019857203596782
2015-08-20,-0.034944335078132216
2015-08-21,-0.05424056868057814
2015-08-24,-0.07969499139618286
2015-08-25,-0.07490233636255939
2015-08-26,-0.03747332756298405
2015-08-27,0.0348687912056207
2015-08-28,0.059917348971354034
2015-08-31,-0.03822653878697446
2015-09-01,-0.06261671308599659
2015-09-02,-0.007563367108592511
2015-09-07,0.003431576712317641
2015-09-08,0.03764755288464672
2015-09-09,0.02763359137862076
2015-09-10,-0.016898157688661763
2015-09-11,0.00823097024832653
2015-09-14,-0.06830558173630741
2015-09-15,-0.05649121705050919
2015-09-16,0.06601401884713298
2015-09-17,-0.019627467608022586
2015-09-18,0.011980735607443727
2015-09-21,0.035375889532341054
2015-09-22,0.007277887636710556
2015-09-23,-0.011329541465676995
2015-09-24,0.014540693377887548
2015-09-25,-0.03273577182345189
2015-09-28,0.018222507440597946
2015-09-29,-0.01866330958616913
2015-09-30,0.0032964098295926725
2015-10-08,0.04062230046066695
2015-10-09,0.015309557174667976
2015-10-12,0.03843401519308198
2015-10-13,0.012407125166698396
2015-10-14,-0.011405334838755166
2015-10-15,0.03044687337348506
2015-10-16,0.01707546570763907
2015-10-19,-2.6959685337946127e-05
2015-10-20,0.01627699411269745
2015-10-21,-0.0627387574559346
2015-10-22,0.037475010204476966
2015-10-23,0.024974512872794064
2015-10-26,0.006797203228251281
2015-10-27,0.006218388005704956
2015-10-28,-0.025242551967519566
2015-10-29,0.008523315694647371
2015-10-30,-0.0033774184200826562
2015-11-02,-0.02096550867540725
2015-11-03,-0.0023542369778113414
2015-11-04,0.05027239490758806
2015-11-05,0.0011640082058450574
2015-11-06,0.023418012904644403
2015-11-09,0.01301892746597555
2015-11-10,0.004137172247408394
2015-11-11,0.014476548545810486
2015-11-12,-0.0002888868357392438
2015-11-13,-0.015013439723005062
2015-11-16,0.02005256960715518
2015-11-17,-0.008870492366090832
2015-11-18,-0.016135146228030584
2015-11-19,0.025465859964341364
2015-11-20,0.011355656840212447
2015-11-23,-0.007953862728294014
2015-11-24,0.0070142997709246035
2015-11-25,0.015885106110149483
2015-11-26,-0.006096652773535216
2015-11-27,-0.06324040395830366
2015-11-30,0.004376284550685172
2015-12-01,0.004797257167539648
2015-12-02,-0.005115570517763457
2015-12-03,0.022232394347179163
2015-12-04,-0.007772263691613879
2015-12-07,0.012055907674325406
2015-12-08,-0.026056828062292148
2015-12-09,-0.004034229498631858
2015-12-10,-0.003262695832943474
2015-12-11,-0.008096367314675446
2015-12-14,0.020619419260153427
2015-12-15,0.007680388333335619
2015-12-16,0.0041636770522979205
2015-12-17,0.024816054400085052
2015-12-18,-0.002187591122630783
2015-12-21,0.011584064670226324
2015-12-22,0.008737173495485528
2015-12-23,-0.01060635566739343
2015-12-24,-0.002603791449684034
2015-12-25,0.005040603427816759
2015-12-28,-0.024224472929061713
2015-12-29,0.009341922518465662
2015-12-30,0.008686032375211594
2015-12-31,-0.015935822659716825
2016-01-04,-0.08269698556911609
2016-01-05,-0.014023152010738782
2016-01-06,0.025526362388130774
2016-01-07,-0.0853953161864297
2016-01-08,0.016741872787145118
2016-01-11,-0.06723608652706148
2016-01-12,0.0013053424402724723
2016-01-13,-0.03464751183868753
2016-01-14,0.033892411259883515
2016-01-15,-0.037738251899647524
2016-01-18,0.014461253410432695
2016-01-19,0.036491601311944954
2016-01-20,-0.009454437485981293
2016-01-21,-0.040990469984523936
2016-01-22,0.015921846546897322
2016-01-25,0.01015281049926342
2016-01-26,-0.07482127279920148
2016-01-27,-0.013439941602809813
2016-01-28,-0.044060868414037224
2016-01-29,0.037543419657271704
2016-02-01,-0.012735115091431437
2016-02-02,0.03466074510878836
2016-02-03,0.004213631473714896
2016-02-04,0.019842535965933328
2016-02-05,-0.010013125951456647
2016-02-15,0.0006779421630591642
2016-02-16,0.041370561957925434
2016-02-17,0.01166957220039544
2016-02-18,-0.0023913949971614556
2016-02-19,0.003758521301364892
2016-02-22,0.020770897998501514
2016-02-23,-0.005442582556211661
2016-02-24,0.006678197842022948
2016-02-25,-0.07936292349583696
2016-02-26,0.004068573866211622
2016-02-29,-0.052843542328295134
2016-03-01,0.023026186680322747
2016-03-02,0.05106665960249401
2016-03-03,0.004142078687327855
2016-03-04,-0.026903330113657864
2016-03-07,0.023301361187997527
2016-03-08,0.0020477875029334403
2016-03-09,-0.02555197221533123
2016-03-10,-0.016928845085667943
2016-03-11,-0.0023488079392244288
2016-03-14,0.032966175226630146
2016-03-15,-0.008925260825327408
2016-03-16,-0.01365296641724889
2016-03-17,0.03292945998418051
2016-03-18,0.03537777715898782
2016-03-21,0.025250199184436273
2016-03-22,-0.003933122167791292
2016-03-23,0.00715662440395759
2016-03-24,-0.016432504163282458
2016-03-25,0.00980489896019221
2016-03-28,-0.006524139315467359
2016-03-29,-0.01919745336862222
2016-03-30,0.036412484569907866
2016-03-31,0.002983299389001992
2016-04-01,-0.005081378405116577
2016-04-05,0.02645917319369806
2016-04-06,0.005861692685052988
2016-04-07,-0.014938095305870425
2016-04-08,-0.009669335379685617
2016-04-11,0.021975314245696875
2016-04-12,-0.008173786145963868
2016-04-13,0.014627117261629463
2016-04-14,0.00908226845495852
2016-04-15,-0.002733584823137014
2016-04-18,-0.016156695669880317
2016-04-19,0.0043033178373559355
2016-04-20,-0.04534076912224183
2016-04-21,-0.008556659432334635
2016-04-22,0.006806594893713935
2016-04-25,-0.005529567549223735
2016-04-26,0.011490311270508258
2016-04-27,-0.004972902888649711
2016-04-28,-0.004382801203317466
2016-04-29,-0.0007912752719799743
2016-05-03,0.030382969765720524
2016-05-04,0.0003777898483166009
2016-05-05,0.005517214552220651
2016-05-06,-0.03906141699791421
2016-05-09,-0.0365412002704022
2016-05-10,-0.0008270002524527476
2016-05-11,-0.0026991235254142376
2016-05-12,0.0005328990933726185
2016-05-13,-0.0021217296549700393
2016-05-16,0.01719017694174796
2016-05-17,-0.003819328555158319
2016-05-18,-0.027485432634353213
2016-05-19,0.006311277012496452
2016-05-20,0.011676928316683544
2016-05-23,0.013357986359434193
2016-05-24,-0.011412381142546169
2016-05-25,-0.004875347803829921
2016-05-26,0.0051109501363035825
2016-05-27,-0.0008355978615658399
2016-05-30,-0.004925438925080128
2016-05-31,0.04132144583038588
2016-06-01,0.004449062771130441
2016-06-02,0.00671434167311169
2016-06-03,0.0031111310649181156
2016-06-06,0.0031926532506711958
2016-06-07,-0.0010740499614994015
2016-06-08,-0.0035531382746436524
2016-06-13,-0.046056694356461314
2016-06-14,0.0028400192118946954
2016-06-15,0.03298593035281705
2016-06-16,-0.003746104806941264
2016-06-17,0.005685813288818009
2016-06-20,0.003571266894355718
2016-06-21,-0.011489298429389283
2016-06-22,0.01556415630070318
2016-06-23,-0.005112425090158079
2016-06-24,-0.012470371367826694
2016-06-27,0.023815896009567128
2016-06-28,0.010471160877664865
2016-06-29,0.0020777698276384093
2016-06-30,0.0005375641318912106
2016-07-01,-0.0019515015130260327
2016-07-04,0.019690618076622313
2016-07-05,0.006036701605294015
2016-07-06,0.00445011563920561
2016-07-07,0.003555435576587218
2016-07-08,-0.003155168130586583
2016-07-11,0.0020079843170868195
2016-07-12,0.01309306930693066
2016-07-13,0.008038904482303044
2016-07-14,0.0013991958501897717
2016-07-15,-0.0022554131464561644
2016-07-18,-0.0044946297325579865
2016-07-19,0.0030988432752605544
2016-07-20,-0.0021797467016171357
2016-07-21,0.003862622157957629
2016-07-22,-0.008036990645240882
2016-07-25,0.002793020734071394
2016-07-26,0.013370719544125498
2016-07-27,-0.04083166139808181
2016-07-28,0.002247447140846015
2016-07-29,-0.006470947208923494
2016-08-01,-0.015091352579201134
2016-08-02,0.009695086818741316
2016-08-03,0.004843957454879755
2016-08-04,0.006427475521869175
2016-08-05,-0.005600947704717418
2016-08-08,0.014100582110460724
2016-08-09,0.008073746256414216
2016-08-10,-0.0036710267994417567
2016-08-11,-0.0145546170075036
2016-08-12,0.01168910638885623
2016-08-15,0.02277154319115926
2016-08-16,0.004091560303172814
2016-08-17,0.00300978993304879
2016-08-18,0.0003159504096565957
2016-08-19,0.0014082315292871517
2016-08-22,-0.012185458993314913
2016-08-23,0.001300552150583556
2016-08-24,0.0009893135470624426
2016-08-25,-0.008156878102146825
2016-08-26,0.004412015849414974
2016-08-29,0.002620606389599933
2016-08-30,-0.0002769337521566495
2016-08-31,0.0013165778313815046
2016-09-01,-0.00819525629409057
2016-09-02,-0.0038439358894801767
2016-09-05,0.005480615704071878
2016-09-06,0.015829681513316318
2016-09-07,0.00020791717811707855
2016-09-08,0.003643183581960807
2016-09-09,-0.00720008346144041
2016-09-12,-0.027725021441651676
2016-09-13,0.004512337005931677
2016-09-14,-0.006624968552364496
2016-09-19,0.010515819921760539
2016-09-20,-0.00033889328486902404
2016-09-21,0.00027120653796974814
2016-09-22,0.006603349753694587
2016-09-23,-0.002358416697464949
2016-09-26,-0.020258751950371745
2016-09-27,0.007272267011881661
2016-09-28,-0.0008955114674776832
2016-09-29,0.0027876483774007532
2016-09-30,0.004651687070056365
2016-10-10,0.0188998576189654
2016-10-11,0.006008353379272302
2016-10-12,-0.0005688799539963485
2016-10-13,0.0003223945430481656
2016-10-14,-0.0023655207615311813
2016-10-17,-0.008708568990755117
2016-10-18,0.01498951373350077
2016-10-19,-0.002153848044637696
2016-10-20,0.0004587961066992996
2016-10-21,-0.003533264391589075
2016-10-24,0.009913084839574537
2016-10-25,0.0036516720774006917
2016-10-26,-0.0050218257444749614
2016-10-27,-0.0019952866520990264
2016-10-28,-0.00944093927602585
2016-10-31,-0.0005607334765630467
2016-11-01,0.008638900469761568
2016-11-02,-0.00811622707611459
2016-11-03,0.004430584666768933
2016-11-04,-0.0032604688967614592
2016-11-07,0.0009640097855503349
2016-11-08,0.005311633342711675
2016-11-09,-0.007628575558419226
2016-11-10,0.012923079783747626
2016-11-11,0.007177637345742838
2016-11-14,0.004726688933138323
2016-11-15,0.003847310888418942
2016-11-16,0.00056170807444067
2016-11-17,-0.0011619174045293112
2016-11-18,-0.005144301111886351
2016-11-21,0.0013949620815680852
2016-11-22,0.007518671897923879
2016-11-23,-0.00451566898104705
2016-11-24,-0.0012245199565084075
2016-11-25,0.004494907935165715
2016-11-28,0.0027026133278820197
2016-11-29,-0.007496851951789951
2016-11-30,-0.00531809648093351
2016-12-01,0.0059053264860498
2016-12-02,-0.015623891420747604
2016-12-05,-0.005359632079276477
2016-12-06,0.0007508456649840678
2016-12-07,0.01034218728094305
2016-12-08,-0.004664517644045074
2016-12-09,-0.002069727289300771
2016-12-12,-0.040657545686775376
2016-12-13,0.004656685464100363
2016-12-14,-0.006161021187669036
2016-12-15,0.00655501242086709
2016-12-16,0.00606967709063122
2016-12-19,0.00034976545140308346
2016-12-20,-0.0031784303395334668
2016-12-21,0.007454798242717997
2016-12-22,-0.00091688052668637
2016-12-23,-0.009427937538139863
2016-12-26,0.0020296084049664653
2016-12-27,-0.0009357003852417112
2016-12-28,-0.002960790985965689
2016-12-29,-0.0028116946081808702
2016-12-30,0.001762463995035768
2017-01-03,0.009120909121388188
2017-01-04,0.011693214107164396
2017-01-05,0.0007209128852621038
2017-01-06,-0.004322361265642338
2017-01-09,0.006874232926634027
2017-01-10,-0.0033497417160528453
2017-01-11,-0.009692004760765371
2017-01-12,-0.00933518215528839
2017-01-13,-0.012464828586687182
2017-01-16,-0.026380786031840353
2017-01-17,0.008427785994256531
2017-01-18,-0.0022163506832376667
2017-01-19,-0.0041063904465452605
2017-01-20,0.012960667938520798
2017-01-23,0.008195034302515447
2017-01-24,-0.0011195414254629998
2017-01-25,0.0023210699954259173
2017-01-26,0.0071428918193336965
2017-02-03,-0.002670432908988385
2017-02-06,0.008403293652903265
2017-02-07,-0.0005304149858209595
2017-02-08,0.0057017901415137295
2017-02-09,0.0062909275859877045
2017-02-10,0.0009366342451169185
2017-02-13,0.005134832754994045
2017-02-14,0.0008226511660767155
2017-02-15,-0.009912327898991324
2017-02-16,0.007547887256998953
2017-02-17,-0.008205254004346463
2017-02-20,0.01235104230747286
2017-02-21,0.007733678305293701
2017-02-22,0.00618391033252319
2017-02-23,-3.7070045395326545e-05
2017-02-24,0.00033673206168072234
2017-02-27,-0.008017084171663247
2017-02-28,0.004159240378254214
2017-03-01,0.0025841075063131047
2017-03-02,-0.0051038709637518664
2017-03-03,0.002829999549313733
2017-03-06,0.009992499426608958
2017-03-07,0.000900676965378322
2017-03-08,-0.004001109886420551
2017-03-09,-0.008882438137689297
2017-03-10,0.0013262146355705884
2017-03-13,0.009302224593357167
2017-03-14,-0.002215768527481954
2017-03-15,-0.0011426846621532816
2017-03-16,0.008831247321178015
2017-03-17,-0.009183383409695933
2017-03-20,0.0023275363436547902
2017-03-21,0.0027099228418334675
2017-03-22,-0.002480068140486069
2017-03-23,0.0019077539428196122
2017-03-24,0.005287007903639118
2017-03-27,-0.004672640232669667
2017-03-28,-0.002661129552810504
2017-03-29,-0.0027928705631442563
2017-03-30,-0.01617149188184941
2017-03-31,0.004063842001085449
2017-04-05,0.021606929463497737
2017-04-06,0.003009188115541628
2017-04-07,0.0029086917747136454
2017-04-10,-0.0018529412211778507
2017-04-11,0.009537747428630672
2017-04-12,-0.007948204677207027
2017-04-13,0.0059636766172785904
2017-04-14,-0.013232159862146098
2017-04-17,-0.010961741133795666
2017-04-18,-0.005945853854970151
2017-04-19,-0.010526299388770477
2017-04-20,-0.000453496886145377
2017-04-21,-0.0074136271478015825
2017-04-24,-0.025744717658803484
2017-04-25,0.00357742119410287
2017-04-26,0.0025874691175657993
2017-04-27,0.0025743151350301474
2017-04-28,0.0031587616879027447
2017-05-02,0.0006857849339811928
2017-05-03,-0.0029986551096182756
2017-05-04,-0.0034159045289374745
2017-05-05,-0.014026174204338826
2017-05-08,-0.018743185191997025
2017-05-09,0.006101540613902667
2017-05-10,-0.020984697272122377
2017-05-11,-0.0022426705449009043
2017-05-12,-0.0015086911508283007
2017-05-15,0.005070108360136327
2017-05-16,0.02056838793859672
2017-05-17,0.0021480598464103107
2017-05-18,-0.008519074597894583
2017-05-19,-0.0002208724461624234
2017-05-22,-0.014421805596001813
2017-05-23,-0.02104499890470235
2017-05-24,0.005961962781532382
2017-05-25,0.008889080484545397
2017-05-26,-0.002370615984138902
2017-05-31,-0.0021980733022325394
2017-06-01,-0.019591009769749923
2017-06-02,0.010949211908931833
2017-06-05,0.007497592039525047
2017-06-06,0.004422435434505934
2017-06-07,0.019429874416247772
2017-06-08,0.0006649851721738376
2017-06-09,0.0017268055942460947
2017-06-12,-0.011126988727264808
2017-06-13,0.013080122313797515
2017-06-14,-0.0022792413454045812
2017-06-15,0.009174665587294184
2017-06-16,-0.001356879144750911
2017-06-19,0.007385664393813274
2017-06-20,0.0015666761866870438
2017-06-21,0.0018609174372414827
2017-06-22,-0.01412591577426825
2017-06-23,0.0030005023087849025
2017-06-26,0.016859363327349053
2017-06-27,0.0002503419704040777
2017-06-28,-0.004410150543825875
2017-06-29,0.005057334531670676
2017-06-30,0.003460852478097909
2017-07-03,0.006392795235054205
2017-07-04,-0.004945446304270296
2017-07-05,0.007664088110170164
2017-07-06,0.0012415320731808954
2017-07-07,0.003927986906710368
2017-07-10,-0.0031239911275439125
2017-07-11,-0.0124980665618315
2017-07-12,0.000652636078701363
2017-07-13,0.0027621111399172005
2017-07-14,-0.0034455676731280915
2017-07-17,-0.04116343653018395
2017-07-18,0.010545464446282349
2017-07-19,0.020363968254235365
2017-07-20,0.006588154524570289
2017-07-21,0.004398879867787642
2017-07-24,0.006695929390755362
2017-07-25,-0.0021938892158912537
2017-07-26,-0.0011212948517941301
2017-07-27,0.006071550588120589
2017-07-28,0.005084071526288758
2017-07-31,0.013279789428296551
2017-08-01,-0.0018196252778659439
2017-08-02,-0.005516548053460246
2017-08-03,0.0016171187454614433
2017-08-04,-0.005884729565935332
2017-08-07,0.012578070784177608
2017-08-08,4.759321130443084e-05
2017-08-09,0.0057585045021035786
2017-08-10,-0.00801259302021129
2017-08-11,-0.020357055405916924
2017-08-14,0.021335164148484465
2017-08-15,0.003515217778229829
2017-08-16,0.0006397709493313197
2017-08-17,0.007474520478571778
2017-08-18,-0.0028699204999033112
2017-08-21,0.008825160371532581
2017-08-22,-0.004341185987026486
2017-08-23,-0.008343815382105935
2017-08-24,-0.006989014325976761
2017-08-25,0.010820900871055361
2017-08-28,0.012298058939294476
2017-08-29,-0.0025558090956918633
2017-08-30,0.007069111882350043
2017-08-31,0.002629597146337037
2017-09-01,0.008665575549074767
2017-09-04,0.005849996169462912
2017-09-05,0.0010937319107708898
2017-09-06,0.0053652999303088755
2017-09-07,-0.007343592972429702
2017-09-08,0.0023755069679505247
2017-09-11,0.01147671648783577
2017-09-12,-0.0008451598058839549
2017-09-13,0.006076149795078534
2017-09-14,-0.001823654549861109
2017-09-15,-0.0075162727680117
2017-09-18,0.00715942519223689
2017-09-19,-0.00501240731994379
2017-09-20,0.008506604862553058
2017-09-21,-0.012016490174778571
2017-09-22,-0.006055610589756566
2017-09-25,-0.012503024188946776
2017-09-26,0.004758206673816323
2017-09-27,0.0095725625391061
2017-09-28,-0.0023317140452733254
2017-09-29,0.005400598983828608
2017-10-09,0.011374684625472753
2017-10-10,0.0040593737693479515
2017-10-11,-0.005817629759539811
2017-10-12,-0.0011055326132121124
2017-10-13,0.007616644891952351
2017-10-16,-0.013504088038129192
2017-10-17,-0.0009472429489320033
2017-10-18,-0.007485324227953116
2017-10-19,-0.009452360347622535
2017-10-20,0.010769988002584219
2017-10-23,0.006290877770710246
2017-10-24,-0.0014759344056037849
2017-10-25,0.006798424958352367
2017-10-26,0.0036161849850102623
2017-10-27,-0.006163134205544707
2017-10-30,-0.0179540659436781
2017-10-31,0.0074403847807658074
2017-11-01,-0.001106671890076738
2017-11-02,-0.01038005783654683
2017-11-03,-0.008936102625625941
2017-11-06,0.013088573482413324
2017-11-07,0.006272365652501
2017-11-08,0.0014881088654659091
2017-11-09,0.00756817222392403
2017-11-10,0.004517988005475315
2017-11-13,0.004515736566474304
2017-11-14,-0.008499207789891217
2017-11-15,-0.011618396525215124
2017-11-16,0.0031586225040765026
2017-11-17,-0.029942164978477792
2017-11-20,0.011196270320059654
2017-11-21,0.003603200288504693
2017-11-22,-0.002619126906069358
2017-11-23,-0.02561247561899782
2017-11-24,0.000560999982468724
2017-11-27,-0.013297164874968681
2017-11-28,0.016911640070707445
2017-11-29,0.0030257282146775033
2017-11-30,-0.008696863273280897
2017-12-01,0.008460234185157622
2017-12-04,-0.0058245110751201645
2017-12-05,-0.02336287864552311
2017-12-06,0.006504253282699546
2017-12-07,-0.006047498703991683
2017-12-08,0.011029309898019202
2017-12-11,0.013385156549747368
2017-12-12,-0.008424843744283095
2017-12-13,0.0070958623245485075
2017-12-14,0.0010577560279350084
2017-12-15,-0.007689271937976527
2017-12-18,-0.005736269516466441
2017-12-19,0.008266142364745654
2017-12-20,-0.008299153447955954
2017-12-21,0.006313554947607658
2017-12-22,0.0007020918490021621
2017-12-25,-0.009176854272387125
2017-12-26,0.0055871792343171744
2017-12-27,-0.007556087875694284
2017-12-28,0.0050411864283228525
2017-12-29,0.007502897198219838
2018-01-02,0.013023891265465881
2018-01-03,0.008846804364339267
2018-01-04,0.004584980237154035
2018-01-05,-4.518865484282042e-05
2018-01-08,0.004508161595699223
2018-01-09,-6.670617326853812e-05
2018-01-10,-0.006176162587751666
2018-01-11,0.0031221022988039415
2018-01-12,-0.004134803624061156
2018-01-15,-0.02281318317271852
2018-01-16,0.0076358705212220546
2018-01-17,-0.005343486009652287
2018-01-18,0.0030857795662038168
2018-01-19,-0.0022936947254564855
2018-01-22,0.011998635286765147
2018-01-23,0.0011594860452073252
2018-01-24,0.006184107002360273
2018-01-25,-0.0018109879111083416
2018-01-26,0.00014257244560300641
2018-01-29,-0.011552987876803589
2018-01-30,0.0005641945647143487
2018-01-31,-0.01965647887680877
2018-02-01,-0.03305683643167123
2018-02-02,0.003360212807908214
2018-02-05,-0.001104107513093644
2018-02-06,-0.04900787233545956
2018-02-07,0.0012394245704088203
2018-02-08,0.009656244692567206
2018-02-09,-0.03669136110764282
2018-02-12,0.025959063169454177
2018-02-13,0.0066413995192222686
2018-02-14,0.0031166386320258255
2018-02-22,0.02100843986703338
2018-02-23,0.0037357060314209267
2018-02-26,0.02238168228862869
2018-02-27,-0.0031709808812407925
2018-02-28,0.002182824894851665
2018-03-01,0.011046403527411819
2018-03-02,-0.005563017427941852
2018-03-05,0.001281301908413468
2018-03-06,0.013436453884335675
2018-03-07,-0.009615040403021413
2018-03-08,0.0073967097621125966
2018-03-09,0.012308550422326592
2018-03-12,0.014306474324067509
2018-03-13,-0.006612365743402737
2018-03-14,-0.010365917031091354
2018-03-15,-0.0014880471521911964
2018-03-16,-0.005469158315952183
2018-03-19,0.0012234983266381505
2018-03-20,0.0032288834758191776
2018-03-21,-0.007207995205468332
2018-03-22,-0.004563401422697955
2018-03-23,-0.05147814457084887
2018-03-26,0.020011577374009715
2018-03-27,0.02232947538184238
2018-03-28,-0.010179344034652593
2018-03-29,0.010299095648330647
2018-03-30,0.013236429676910522
2018-04-02,0.0011807533926218028
2018-04-03,-0.010168312109193778
2018-04-04,-0.006934325239986827
2018-04-09,0.001322766709484835
2018-04-10,0.006321309734219627
2018-04-11,0.003771599705792106
2018-04-12,-0.005796329976785031
2018-04-13,-0.003989205678751717
2018-04-16,-0.0024522206865885687
2018-04-17,-0.020216518833546027
2018-04-18,0.01354640918303951
2018-04-19,0.005706236831439115
2018-04-20,-0.020632068386088886
2018-04-23,-0.009678889410356328
2018-04-24,0.022883212681492848
2018-04-25,0.00037433756519433814
2018-04-26,-0.01869980635699453
2018-04-27,0.002222989818706722
2018-05-02,-0.0009657088063770303
2018-05-03,0.00944269484844562
2018-05-04,-0.00022332720311435406
2018-05-07,0.01858937368110225
2018-05-08,0.003766318776436517
2018-05-09,-0.0020821574991601866
2018-05-10,0.0018808371881651187
2018-05-11,-0.00814989313922354
2018-05-14,-0.003970731088537738
2018-05-15,0.008884718184179352
2018-05-16,-0.0027406042949421616
2018-05-17,-0.005044911201901425
2018-05-18,0.0035772994653300305
2018-05-21,0.01285205541145773
2018-05-22,0.0034106254734691532
2018-05-23,-0.012975737373438934
2018-05-24,-0.0035301844908004476
2018-05-25,-0.012485356989096585
2018-05-28,-0.0044847747473723
2018-05-29,-0.009473355445185017
2018-05-30,-0.02619506636163449
2018-05-31,0.012649161737869452
2018-06-01,-0.012051500833265338
2018-06-04,-0.00034651863109314007
2018-06-05,0.016879723392836832
2018-06-06,-0.0008340427888176016
2018-06-07,-0.0062761288892428935
2018-06-08,-0.011976256618136616
2018-06-11,-0.006515795600867902
2018-06-12,0.010828498178383716
2018-06-13,-0.015163304557070933
2018-06-14,-0.003583008442987534
2018-06-15,-0.018434095290257968
2018-06-19,-0.06240586147915539
2018-06-20,0.011023569979637271
2018-06-21,-0.02099496190166572
2018-06-22,0.013925431055656468
2018-06-25,-0.006800229452028295
2018-06-26,0.0068780085189745765
2018-06-27,-0.009840551287914612
2018-06-28,-0.010644877189548985
2018-06-29,0.03217536314738956
2018-07-02,-0.01513676366870087
2018-07-03,0.01135483519434577
2018-07-04,-0.014583048721121039
2018-07-05,-0.02705932431746383
2018-07-06,0.0027835978453707444
2018-07-09,0.022198962100455688
2018-07-10,0.005673953265264098
2018-07-11,-0.019540429044510588
2018-07-12,0.02707221375015889
2018-07-13,0.006126631222812984
2018-07-16,-0.0017274542243845836
2018-07-17,0.00019248537111171693
2018-07-18,-0.007613255840806632
2018-07-19,-0.008786729343138289
2018-07-20,0.012505551392690384
2018-07-23,0.007487560987391895
2018-07-24,0.017383966244725713
2018-07-25,0.0007578271098509504
2018-07-26,-0.006626907731894782
2018-07-27,-0.004587103772082157
2018-07-30,-0.012218795303745922
2018-07-31,0.0006885046719962151
2018-08-01,-0.016063692008819186
2018-08-02,-0.021420582641414776
2018-08-03,-0.013262583541666317
2018-08-06,-0.021197829504538745
2018-08-07,0.02727734314284236
2018-08-08,-0.015392778103924476
2018-08-09,0.025447847280133384
2018-08-10,0.005143093488811701
2018-08-13,0.004923954032493683
2018-08-14,-0.0034419458467186415
2018-08-15,-0.02085599498201618
2018-08-16,-0.009009063799335526
2018-08-17,-0.017457761994284393
2018-08-20,0.00616694045217292
2018-08-21,0.012276908114595475
2018-08-22,-0.011234714778065147
2018-08-23,0.005509590615709659
2018-08-24,-0.0023397969023392085
2018-08-27,0.022212192593600077
2018-08-28,0.002850766219025136
2018-08-29,-0.006483441591730199
2018-08-30,-0.015143789103918337
2018-08-31,-0.010745574384851908
2018-09-03,0.004994994620775017
2018-09-04,0.01062438131216581
2018-09-05,-0.015387666963854851
2018-09-06,-0.0045025680006146596
2018-09-07,-0.0003275371087028134
2018-09-10,-0.018135223236458997
2018-09-11,-0.00042083963884320674
2018-09-12,-0.0018988283824872276
2018-09-13,0.005803190050213347
2018-09-14,-0.01082985082214094
2018-09-17,-0.014494398382897011
2018-09-18,0.017625624947038343
2018-09-19,0.011397434829860442
2018-09-20,-0.0007198816100860705
2018-09-21,0.015155868409711504
2018-09-25,-0.0026367159047868682
2018-09-26,0.004815807868462585
2018-09-27,-0.012511343271804476
2018-09-28,0.009536567004108987
2018-10-08,-0.03212844713199858
2018-10-09,-0.0024965081168795145
2018-10-10,-0.0010787742535421918
2018-10-11,-0.0696496029063326
2018-10-12,-0.0068207883141184755
2018-10-15,-0.01844068779160557
2018-10-16,-0.02368812735910819
2018-10-17,0.008220153768099037
2018-10-18,-0.02780291190260753
2018-10-19,0.027256710282048235
2018-10-22,0.04969731031325186
2018-10-23,-0.01836543476555108
2018-10-24,-0.0018972343166666628
2018-10-25,-0.002607472871211547
2018-10-26,-0.00010863353186507663
2018-10-29,-0.016870730946915047
2018-10-30,0.010092419754332171
2018-10-31,0.016175372335618166
2018-11-01,0.006186001334097746
2018-11-02,0.032326272743767204
2018-11-05,0.0006489482756677489
2018-11-06,-0.0006147499453930116
2018-11-07,-0.005173385007097631
2018-11-08,-0.007431247933248009
2018-11-09,-0.0031307546442189693
2018-11-12,0.025884663542866004
2018-11-13,0.018263199819710918
2018-11-14,-0.003950880237710175
2018-11-15,0.016345800581232917
2018-11-16,0.008504678763845197
2018-11-19,0.0024983365886113162
2018-11-20,-0.028537233928670802
2018-11-21,0.003795083141412192
2018-11-22,-0.0007333132806548459
2018-11-23,-0.038795253255641704
2018-11-26,-0.001668662966654244
2018-11-27,0.004622824250250623
2018-11-28,0.01235513315784087
2018-11-29,-0.021648588654302414
2018-11-30,0.007121982649515468
2018-12-03,0.03164977779808775
2018-12-04,0.0046598466945873
2018-12-05,-0.007387224136448767
2018-12-06,-0.020345570435516436
2018-12-07,-2.947117379148434e-05
2018-12-10,-0.011709469140504525
2018-12-11,0.008317830115316172
2018-12-12,-0.0005118790054532418
2018-12-13,0.011344495734433302
2018-12-14,-0.023870398545179472
2018-12-17,-0.0014871688455421195
2018-12-18,-0.005398727673674664
2018-12-19,-0.0137836727207723
2018-12-20,0.0027919677958521127
2018-12-21,-0.006718688376809889
2018-12-24,0.01029982463355017
2018-12-25,-0.011511865104614993
2018-12-26,-0.004046848782750523
2018-12-27,-0.011201380093669444
2018-12-28,0.0016269071701666693
2019-01-02,-0.008656346868072262
2019-01-03,-0.004634604400816977
2019-01-04,0.02384501107515291
2019-01-07,0.018390455201762856
2019-01-08,-0.002569770912618341
2019-01-09,0.0026815982044747777
2019-01-10,-0.001611184558743095
2019-01-11,0.00771160196736953
2019-01-14,-0.006565651883714052
2019-01-15,0.014186233684431393
2019-01-16,-0.002410658422582812
2019-01-17,-0.007643743889616639
2019-01-18,0.010242278209832145
2019-01-21,0.005938621972901181
2019-01-22,-0.014948681072701642
2019-01-23,0.0017245981547031608
2019-01-24,0.00521122974826671
2019-01-25,-0.004548000654653994
2019-01-28,-0.002598160446827924
2019-01-29,-0.012288668793328461
2019-01-30,-0.010029875725444226
2019-01-31,-0.00834595713763342
2019-02-01,0.02820563777544205
2019-02-11,0.025289513700815114
2019-02-12,0.00831503087758656
2019-02-13,0.016427599628785483
2019-02-14,0.004379034706509355
2019-02-15,-0.006495784580013653
2019-02-18,0.03514978690705428
2019-02-19,0.0013473503540011311
2019-02-20,7.2847568605372e-05
2019-02-21,-0.0018167717166349684
2019-02-22,0.02536090351438247
2019-02-25,0.055899776024114
2019-02-26,-0.0011517836787694469
2019-02-27,-0.004100394161800858
2019-02-28,0.0014767192519549166
2019-03-01,0.008345787009306882
2019-03-04,0.017962476540437367
2019-03-05,0.026567149711627103
2019-03-06,0.017891371388535804
2019-03-07,0.012725346612171062
2019-03-08,-0.03900619570514163
2019-03-11,0.04016241874297055
2019-03-12,0.01734116758730142
2019-03-13,-0.02272383354350571
2019-03-14,-0.023292767002282
2019-03-15,0.011420213267905988
2019-03-18,0.026529153705628472
2019-03-19,0.0038173628203403975
2019-03-20,-0.001157151704580528
2019-03-21,0.013359826969482125
2019-03-22,0.005843119574629574
2019-03-25,-0.01289010946009883
2019-03-26,-0.027891748518380388
2019-03-27,0.009824129545050075
2019-03-28,-0.014273442146302773
2019-03-29,0.03306071372706754
2019-04-01,0.037886243929873276
2019-04-02,0.0030758062051046142
2019-04-03,0.010473461401944384
2019-04-04,0.006086318805217372
2019-04-08,-0.004075577870276459
2019-04-09,0.0017819184866347815
2019-04-10,-0.0012444414096840495
2019-04-11,-0.021123751444256822
2019-04-12,-0.002234960722311441
2019-04-15,-0.010218099283035631
2019-04-16,0.021398590518354244
2019-04-17,0.005317629708101457
2019-04-18,-0.005606321230497868
2019-04-19,0.006062159209166085
2019-04-22,-0.014997814181316294
2019-04-23,-0.016596074813385764
2019-04-24,0.0091807834315909
2019-04-25,-0.03896488037283452
2019-04-26,-0.0092316091469693
2019-04-29,-0.026336762185120932
2019-04-30,0.007968702522029858
2019-05-06,-0.07513056847214161
2019-05-07,0.013160039113428779
2019-05-08,-0.005159448264768551
2019-05-09,-0.011991333416873196
2019-05-10,0.03598511581475372
2019-05-13,-0.011535605964867912
2019-05-14,-0.0080485027667353
2019-05-15,0.022343679829869956
2019-05-16,0.006264084340577014
2019-05-17,-0.03245268540196844
2019-05-20,-0.0038481926443273418
2019-05-21,0.01752999861888549
2019-05-22,-0.006682808136737939
2019-05-23,-0.0207921806771576
2019-05-24,-0.006394523201694202
2019-05-27,0.025030154324047427
2019-05-28,-0.0015031382544655747
2019-05-29,0.000276461056323285
2019-05-30,-0.006145019225880954
2019-05-31,-0.002923026956804131
2019-06-03,-0.011844462540716694
2019-06-04,-0.012033820784454252
2019-06-05,-0.0024168944886882038
2019-06-06,-0.021957347893524437
2019-06-10,0.009934213619789967
2019-06-11,0.03729106969775198
2019-06-12,-0.0077486957994234995
2019-06-13,0.002911489485945218
2019-06-14,-0.016835976341065817
2019-06-17,0.001520165654265604
2019-06-18,-0.001180556423101442
2019-06-19,0.01287639535974483
2019-06-20,0.01971837363035389
2019-06-21,0.013437664615428169
2019-06-24,0.0005755470186066258
2019-06-25,-0.009794594164245107
2019-06-26,-0.002492467321542291
2019-06-27,0.009045679776084503
2019-06-28,-0.01138297107527142
2019-07-01,0.030255651977182163
2019-07-02,-0.0031076847062699864
2019-07-03,-0.008592934086747439
2019-07-04,-0.0031146344173054175
2019-07-05,0.003510433789318146
2019-07-08,-0.03408518519987469
2019-07-09,0.0022255162417519347
2019-07-10,-0.007735137106124612
2019-07-11,0.00014244837794663567
2019-07-12,0.003513226202640052
2019-07-15,0.013113047842569392
2019-07-16,0.001366408680045339
2019-07-17,-0.0006021836761590516
2019-07-18,-0.017238511040599924
2019-07-19,0.007138566217530062
2019-07-22,-0.020931848508513484
2019-07-23,0.009912971023140038
2019-07-24,0.010180517089835694
2019-07-25,0.003818979156705593
2019-07-26,0.0013226647913582301
2019-07-29,-0.00022253481444867163
2019-07-30,0.005288930819151272
2019-07-31,-0.004005752683366781
2019-08-01,-0.006675232501223594
2019-08-02,-0.012432065077908283
2019-08-05,-0.012045938393985822
2019-08-06,-0.021342682418696857
2019-08-07,-0.005203674396201952
2019-08-08,0.006428379979076526
2019-08-09,-0.01197354008719742
2019-08-12,0.0184094688447618
2019-08-13,-0.005688318562915073
2019-08-14,0.005463260912031753
2019-08-15,0.004848585775773628
2019-08-16,0.0034228893775694047
2019-08-19,0.03226571466080563
2019-08-20,-0.000498457448554368
2019-08-21,0.002074863368913382
2019-08-22,0.0010629321361863564
2019-08-23,-2.045864183286561e-06
2019-08-26,-0.00663679698848163
2019-08-27,0.01661222623603109
2019-08-28,-0.0016065249629264589
2019-08-29,0.0012154563845956368
2019-08-30,-0.009665233128909101
2019-09-02,0.024927913492097664
2019-09-03,0.007164107581414836
2019-09-04,0.009732007977510726
2019-09-05,0.008862675648453555
2019-09-06,0.0031585646143457158
2019-09-09,0.021111076622227776
2019-09-10,-0.003448302067461273
2019-09-11,-0.0053419149678475275
2019-09-12,0.004853094230912847
2019-09-16,0.0014744564253301728
2019-09-17,-0.020930073100027924
2019-09-18,0.00011477594374031952
2019-09-19,0.009848201920234168
2019-09-20,0.002467414146122504
2019-09-23,-0.006340691096901163
2019-09-24,0.0017905899278349846
2019-09-25,-0.018092010021734217
2019-09-26,-0.02295454500777483
2019-09-27,0.007120380504764379
2019-09-30,-0.012931439199461492
2019-10-08,0.00017405735797138
2019-10-09,0.008335087094476279
2019-10-10,0.012725393592149192
2019-10-11,0.0018151697461141758
2019-10-14,0.014955929360382259
2019-10-15,-0.013667554710171115
2019-10-16,-0.00447342422446162
2019-10-17,-0.0016890416722900037
2019-10-18,-0.013527242363092329
2019-10-21,-0.002170578881496965
2019-10-22,0.011009808040330915
2019-10-23,-0.007663493522190534
2019-10-24,-0.0017998103555530998
2019-10-25,0.007325165128825528
2019-10-28,0.017999547508594338
2019-10-29,-0.01509695209136841
2019-10-30,-0.01194358299502174
2019-10-31,-0.006160189171163455
2019-11-01,0.009136905125045391
2019-11-04,0.005136679194333249
2019-11-05,0.007510264964393443
2019-11-06,-0.01006308081109597
2019-11-07,0.006500855322801424
2019-11-08,-0.003750696515127605
2019-11-11,-0.022478644986558494
2019-11-12,0.0011176827667671585
2019-11-13,-0.0012434422250036103
2019-11-14,0.007500707613925739
2019-11-15,-0.008890273222708744
2019-11-18,0.004933818635949105
2019-11-19,0.016893341999730138
2019-11-20,-0.005794846747107063
2019-11-21,-0.00011321639696892927
2019-11-22,-0.008419401017445427
2019-11-25,-0.000526092559664626
2019-11-26,-0.003945730898704536
2019-11-27,0.00452668490995789
2019-11-28,-0.0030585654104798854
2019-11-29,0.0011617299959501004
2019-12-02,0.0021409864063708373
2019-12-03,0.0042870946830240175
2019-12-04,-0.0011732586345136742
2019-12-05,0.009537319104918618
2019-12-06,0.00863797407198641
2019-12-09,0.0028120889889453604
2019-12-10,0.004866058989770217
2019-12-11,-0.0043117022014043105
2019-12-12,-0.0030394169411689376
2019-12-13,0.01230845969672778
2019-12-16,0.01820174271585384
2019-12-17,0.013553902021664621
2019-12-18,-0.00017952429880496723
2019-12-19,0.001264536438515318
2019-12-20,-0.010885698260501231
2019-12-23,-0.019351242506769895
2019-12-24,0.015286123103248173
2019-12-25,0.004073947079369367
2019-12-26,0.006953367675715194
2019-12-27,-0.00765451779411952
2019-12-30,0.012115794168586103
2019-12-31,0.004906580388176929
2020-01-02,0.01869520811897507
2020-01-03,0.002702128531868242
2020-01-06,0.010075009664277879
2020-01-07,0.011958011720654582
2020-01-08,-0.013825856752196386
2020-01-09,0.013595634057302908
2020-01-10,-0.003148681046431734
2020-01-13,0.014488443003304763
2020-01-14,-0.0031117178661169698
2020-01-15,-0.0022192832256470174
2020-01-16,-0.00042676079514936127
2020-01-17,-0.0031875998386300397
2020-01-20,0.01406339325414474
2020-01-21,-0.011382468850334893
2020-01-22,0.009335727759534063
2020-01-23,-0.035471194563367336
2020-02-03,-0.08680970072930272
2020-02-04,0.01742450467327794
2020-02-05,0.025516014306099954
2020-02-06,0.03101702589403521
2020-02-07,0.008357168140922688
2020-02-10,0.011526100798942673
2020-02-11,-0.005040419861778167
2020-02-12,0.01840418705980662
2020-02-13,-0.008628284141796061
2020-02-14,0.0014705773678882483
2020-02-17,0.032032172373081425
2020-02-18,0.01186356453907833
2020-02-19,-0.010166389615620441
2020-02-20,0.01846246649272021
2020-02-21,0.013548962537083487
2020-02-24,0.014080148270323667
2020-02-25,0.005498280615193751
2020-02-26,-0.026167739397597756
2020-02-27,0.0018003304668496867
2020-02-28,-0.05256416272574482
2020-03-02,0.037629625281355494
2020-03-03,0.009475958291640385
2020-03-04,0.0011365984707583099
2020-03-05,0.014800988715142571
2020-03-06,-0.006422897647350934
2020-03-09,-0.041298713015236355
2020-03-10,0.0270168047457211
2020-03-11,-0.015079883914144387
2020-03-12,-0.017112351127912317
2020-03-13,-0.006676520055043156
2020-03-16,-0.04711023968335415
2020-03-17,0.002298028310939726
2020-03-18,-0.01776456909552082
2020-03-19,0.007491009811562366
2020-03-20,0.0119158869444842
2020-03-23,-0.04222229886114559
2020-03-24,0.01943023579140246
2020-03-25,0.023818494360326792
2020-03-26,-0.009834362577672562
2020-03-27,-0.005568987110224022
2020-03-30,-0.021382661065843522
2020-03-31,0.002776733519112007
2020-04-01,-0.004409445695186864
2020-04-02,0.025497985742804596
2020-04-03,-0.0078023002797636964
2020-04-07,0.03133517654061846
2020-04-08,0.0008980324924483529
2020-04-09,0.009609621002314217
2020-04-10,-0.021409273155646003
2020-04-13,-0.007551103866556885
2020-04-14,0.023100375688213548
2020-04-15,-0.0037514725096859936
2020-04-16,0.009152075919335756
2020-04-17,0.00027835402494269523
2020-04-20,0.011909484906316825
2020-04-21,-0.007044124724301715
2020-04-22,0.008185064035868939
2020-04-23,-0.005536767626521555
2020-04-24,-0.015722900673598605
2020-04-27,-0.001484768324942376
2020-04-28,-0.007191799032231105
2020-04-29,-0.00019893455244501812
2020-04-30,0.024307369121892464
2020-05-06,0.01820368855367893
2020-05-07,-0.001021770873843364
2020-05-08,0.011375843547720699
2020-05-11,-0.0020898015505564915
2020-05-12,0.0029602324519348855
2020-05-13,0.004321119790438255
2020-05-14,-0.008881414957335965
2020-05-15,0.003794347115330332
2020-05-18,-0.00528510710920449
2020-05-19,0.012604903975673709
2020-05-20,-0.010486888685407814
2020-05-21,-0.011572581379674651
2020-05-22,-0.018049563504276556
2020-05-25,-0.002182713584060636
2020-05-26,0.019488018658541106
2020-05-27,-0.00935572606965418
2020-05-28,-0.0015513548747555506
2020-05-29,0.008425399679547585
2020-06-01,0.03017568262447412
2020-06-02,-0.000545831926858531
2020-06-03,0.0010545339570715573
2020-06-04,0.0007967970195483787
2020-06-05,0.001554668938001491
2020-06-08,-0.0018118601644997456
2020-06-09,0.006292038096604724
2020-06-10,0.0008662514838566615
2020-06-11,-0.004655188380193742
2020-06-12,0.0004276180422606579
2020-06-15,-0.0001520167254165372
2020-06-16,0.018720575819584084
2020-06-17,0.007044405035731227
2020-06-18,-0.00017784225043682156
2020-06-19,0.009198869977678603
2020-06-22,-0.0005391254762706632
2020-06-23,0.0035113925757648268
2020-06-24,-0.0026273443664568408
2020-06-29,-0.004603486903813958
2020-06-30,0.017697364310951702
2020-07-01,0.0029789817236829386
2020-07-02,0.01587754956315046
2020-07-03,0.01275756115194615
2020-07-06,0.04103934389929109
2020-07-07,0.012725679618277308
2020-07-08,0.02435568484787698
2020-07-09,0.024226446043253524
2020-07-10,-0.002585994397759195
2020-07-13,0.033413016517785055
2020-07-14,-0.01330382403413588
2020-07-15,-0.02480856320682512
2020-07-16,-0.04802646245428421
2020-07-17,0.003890822784810233
2020-07-20,0.028723684272742522
2020-07-21,0.005590769178912325
2020-07-22,0.008741003028954752
2020-07-23,-9.062499527989765e-05
2020-07-24,-0.05077121308018484
2020-07-27,0.002348829881699155
2020-07-28,0.009671775624966239
2020-07-29,0.026826905840878323
2020-07-30,-0.002883494863152758
2020-07-31,0.010478480950450342
2020-08-03,0.024338606647445804
2020-08-04,-0.006246466888532476
2020-08-05,0.011217266797159064
2020-08-06,-0.0003750273149816241
2020-08-07,-0.012026054975407319
2020-08-10,0.005444857734030251
2020-08-11,-0.018504750717440066
2020-08-12,-0.010975859169652491
2020-08-13,0.0037160713191592976
2020-08-14,0.01082003339102
2020-08-17,0.018266611912626907
2020-08-18,0.006649813553164963
2020-08-19,-0.01813562317730566
2020-08-20,-0.010872646922492013
2020-08-21,0.0076056410653053685
2020-08-24,0.006776099723958984
2020-08-25,-0.005443297612782838
2020-08-26,-0.01904081893409293
2020-08-27,0.008107718805739683
2020-08-28,0.017088248750910084
2020-08-31,-0.00340446645673953
2020-09-01,0.006302832900697775
2020-09-02,0.001058049671706529
2020-09-03,-0.008233644358963677
2020-09-04,-0.006554842583211373
2020-09-07,-0.02111782285626218
2020-09-08,0.007144830609324915
2020-09-09,-0.02695437617814289
2020-09-10,-0.01789983651535154
2020-09-11,0.012252288082725382
2020-09-14,0.00622151245965985
2020-09-15,0.005768952204608935
2020-09-16,-0.0053288414935784845
2020-09-17,0.002074336149478162
2020-09-18,0.01609073004325401
2020-09-21,-0.0036339916561944907
2020-09-22,-0.013544918057201816
2020-09-23,0.005249541962523585
2020-09-24,-0.023058402416759494
2020-09-25,-0.0012410643367751772
2020-09-28,-0.009366847900155406
2020-09-29,0.008141174109447924
2020-09-30,-0.005822979496754699
2020-10-09,0.02672103350827615
2020-10-12,0.02881580126990224
2020-10-13,0.0015624092289157065
2020-10-14,-0.006568061788320034
2020-10-15,-0.007425822440949137
2020-10-16,-0.0048544591055162956
2020-10-19,-0.010944704044998477
2020-10-20,0.010189798563142505
2020-10-21,-0.011380779715745137
2020-10-22,-0.005176369800992453
2020-10-23,-0.016444150359181564
2020-10-26,0.00018025963825740732
2020-10-27,0.0011199830071544348
2020-10-28,0.003963776292567278
2020-10-29,0.0014713416586615846
2020-10-30,-0.02297452195696692
2020-11-02,0.005177142034335391
2020-11-03,0.016058615166234746
2020-11-04,-0.0012192054497363047
2020-11-05,0.01889909787365096
2020-11-06,-0.007986486103545576
2020-11-09,0.01910731997619508
2020-11-10,-0.00756191944437945
2020-11-11,-0.012314277689472575
2020-11-12,0.0033171236978939422
2020-11-13,-0.001349063968116404
2020-11-16,0.012747801242117829
2020-11-17,-0.007895268318572457
2020-11-18,0.0006422658254616742
2020-11-19,0.0030894132007361907
2020-11-20,0.009808823067006145
2020-11-23,0.0077751950415616555
2020-11-24,0.00034914636802807486
2020-11-25,-0.01927665443021742
2020-11-26,-0.0025305612113939446
2020-11-27,0.0027327407921948765
2020-11-30,-0.004828696976042268
2020-12-01,0.016719032295829495
2020-12-02,0.0013008393214473113
2020-12-03,0.0009168637664764834
2020-12-04,0.003702910161344386
2020-12-07,-0.006195154321990137
2020-12-08,-0.0001603192688197641
2020-12-09,-0.01812520918792271
2020-12-10,0.0020421041282847607
2020-12-11,-0.01751079887976459
2020-12-14,0.007986240282924495
2020-12-15,0.001048087400263853
2020-12-16,-0.004810408613408534
2020-12-17,0.011781045122717826
2020-12-18,-0.002691435908002915
2020-12-21,0.016955078894836495
2020-12-22,-0.023214453161629067
2020-12-23,0.009206311619408547
2020-12-24,-0.016231213139704548
2020-12-25,0.01180941207563957
2020-12-28,-0.005418491677948611
2020-12-29,-0.007147112329609406
2020-12-30,0.01119381920530338
2020-12-31,0.01560952267017579
2021-01-04,0.018168368380631073
2021-01-05,0.008783255357646791
2021-01-06,-0.0017722444198765563
2021-01-07,0.0015287662335672358
2021-01-08,0.0029794497500812422
2021-01-11,-0.015584970111016339
2021-01-12,0.01360566347553993
2021-01-13,-0.007079072568135225
2021-01-14,-0.008776479895827305
2021-01-15,-0.003476767460313779
2021-01-18,0.015108687183482683
2021-01-19,-0.0058469926901079106
2021-01-20,0.009117761956157544
2021-01-21,0.013324315805258058
2021-01-22,0.002311815779539428
2021-01-25,0.0011298907320336227
2021-01-26,-0.01690666048686973
2021-01-27,0.0037042933065563055
2021-01-28,-0.021774670741601554
2021-01-29,-0.010638596403705347
2021-02-01,0.0074281374189664184
2021-02-02,0.009621039591571234
2021-02-03,-0.00859206883570185
2021-02-04,-0.011023028973345617
2021-02-05,-0.014050079083047451
2021-02-08,0.013348034494308436
2021-02-09,0.021305802794805206
2021-02-10,0.010419828178906965
2021-02-18,0.013696194888409119
2021-02-19,0.013446135332162212
2021-02-22,-0.006924761467178131
2021-02-23,-0.0038800912114358432
2021-02-24,-0.014332182717233466
2021-02-25,-0.005666909927648955
2021-02-26,-0.020741173845810534
2021-03-01,0.01949767061836627
2021-03-02,-0.008493567020732229
2021-03-03,0.014210370057186505
2021-03-04,-0.018814513966052382
2021-03-05,0.00023586416098742014
2021-03-08,-0.022970250644179013
2021-03-09,-0.023721271463986504
2021-03-10,-0.007488539620170265
2021-03-11,0.025002226892281154
2021-03-12,0.0013759629729168665
2021-03-15,-0.007796052314387736
2021-03-16,0.003461362160200876
2021-03-17,0.004861797121661127
2021-03-18,0.007790714111312491
2021-03-19,-0.01072067275967259
2021-03-22,0.01596526278477728
2021-03-23,-0.013720940927955505
2021-03-24,-0.012321579889277845
2021-03-25,0.002420822656425514
2021-03-26,0.015327873245406742
2021-03-29,0.0005038556957286389
2021-03-30,0.00406398782402384
2021-03-31,-0.004186065766930591
2021-04-01,0.009208403487648953
2021-04-02,0.0023686320239049152
2021-04-06,0.0026064511642096555
2021-04-07,0.0007851050748055588
2021-04-08,0.0013657672871167925
2021-04-09,-0.0033838046171392744
2021-04-12,-0.017176934101943986
2021-04-13,-0.002672482742892446
2021-04-14,0.010858677763141422
2021-04-15,-0.00011947983260074402
2021-04-16,0.010058217530263924
2021-04-19,0.01351349219744491
2021-04-20,0.0005104851788098053
2021-04-21,-0.0012880062969196082
2021-04-22,0.003926632254768414
2021-04-23,0.0026825041463229837
2021-04-26,-0.0031116736502672104
2021-04-27,0.0005634327489465463
2021-04-28,0.00674187283208294
2021-04-29,0.00033745573782617555
2021-04-30,-0.0009581126105796534
2021-05-06,0.0005612338510356807
2021-05-07,-0.006920569856765479
2021-05-10,0.004895693031512494
2021-05-11,-0.003080610068885159
2021-05-12,0.008675596805472141
2021-05-13,-0.011213058867791337
2021-05-14,0.013475632199259957
2021-05-17,0.008020472585736682
2021-05-18,0.003262320351953507
2021-05-19,-0.002304685132432316
2021-05-20,-0.005418877071376449
2021-05-21,-0.0031838331518727614
2021-05-24,0.0024908622427564087
2021-05-25,0.011544714950214807
2021-05-26,0.0012900945213281112
2021-05-27,0.008629780891070027
2021-05-28,-0.0025787498448113233
2021-05-31,0.00912094322730228
2021-06-01,0.0016005373763374742
2021-06-02,-0.008654610846677069
2021-06-03,-0.002050459257973314
2021-06-04,0.0037988940763948875
2021-06-07,0.004249177506252755
2021-06-08,-0.005495797069106523
2021-06-09,0.0012476513039001436
2021-06-10,0.010868233501172941
2021-06-11,-0.005870841487279899
2021-06-15,-0.00925672621737994
2021-06-16,-0.014612090052613658
2021-06-17,0.0075963748174388
2021-06-18,0.006286114171794255
2021-06-21,0.0074229170171349335
2021-06-22,0.004861953906112548
2021-06-23,0.007442368382397646
2021-06-24,-0.005166459252277211
2021-06-25,0.008666339988778526
2021-06-28,0.0022176854174342786
2021-06-29,-0.009240655368952577
2021-06-30,0.00632037626636639
2021-07-01,-0.013441183987497385
2021-07-02,-0.008727539093032699
2021-07-05,0.007954280908073708
2021-07-06,-0.00022500338995179447
2021-07-07,0.008142186452045674
2021-07-08,-0.002288542650717873
2021-07-09,0.008281656331266207
2021-07-12,0.014672556851748952
2021-07-13,0.008323701766125291
2021-07-14,-0.009063682785466542
2021-07-15,0.004879144772603761
2021-07-16,-0.0010515823501494603
2021-07-19,-0.005166697472390291
2021-07-20,0.001711339547765034
2021-07-21,0.012086426425817143
2021-07-22,0.0060147124935929774
2021-07-23,-0.005806548021432989
2021-07-26,-0.01682568085030245
2021-07-27,-0.021686873290129416
2021-07-28,-0.014477784756059542
2021-07-29,0.020675085095394508
2021-07-30,0.0012472462194235145
2021-08-02,0.015468457232700628
2021-08-03,-0.008147555296856734
2021-08-04,0.016920456396044115
2021-08-05,-0.0028147515487626507
2021-08-06,0.003912133255592254
2021-08-09,0.005859743733489742
2021-08-10,0.005688062090140722
2021-08-11,0.007734466601037493
2021-08-12,0.0030649521030547966
2021-08-13,-0.0008893336340060065
2021-08-16,-0.0051347954334177714
2021-08-17,-0.022416196265432564
2021-08-18,0.006760559294499924
2021-08-19,0.0008716310738638988
2021-08-20,-0.003892294006385466
2021-08-23,0.015106892754645163
2021-08-24,0.00942692496042441
2021-08-25,0.008774775130521606
2021-08-26,-0.004775618621557398
2021-08-27,0.008606739300222932
2021-08-30,0.006513827782582693
2021-08-31,0.003938075628763693
2021-09-01,-0.008578509070560458
2021-09-02,0.01583600950911279
2021-09-03,-0.003877098840702309
2021-09-06,0.010540372704940904
2021-09-07,0.0195135546673193
2021-09-08,0.006015524881549661
2021-09-09,0.009730860387802798
2021-09-10,-0.001283894216568493
2021-09-13,0.005399813609160198
2021-09-14,-0.012045105409380641
2021-09-15,0.004723011081674056
2021-09-16,-0.019147005325125144
2021-09-17,-0.0068994781749280865
2021-09-22,0.007850656339749795
2021-09-23,0.006603502727533739
2021-09-24,-0.016321819471026955
2021-09-27,-0.028425365631579935
2021-09-28,0.003948071218686344
2021-09-29,-0.026209559793857307
2021-09-30,0.013321978482843555
2021-10-08,-0.0017272907718750563
2021-10-11,-0.00012268485222821646
2021-10-12,-0.019502233279317216
2021-10-13,0.004228883272753059
2021-10-14,0.003830073092232489
2021-10-15,0.0022587406700311785
2021-10-18,0.00625555226532426
2021-10-19,0.007396612951146686
2021-10-20,-0.0002218982694743854
2021-10-21,-0.00288672248131705
2021-10-22,-0.010168703553692815
2021-10-25,0.011090125774437132
2021-10-26,-0.00021959490370893064
2021-10-27,-0.0075790961684943925
2021-10-28,-0.013948869279005849
2021-10-29,0.01039094827834286
2021-11-01,0.005448202207191111
2021-11-02,-0.010715560364606636
2021-11-03,0.004688551345005898
2021-11-04,0.007979651887686456
2021-11-05,-0.011583508273429688
2021-11-08,0.005014366603689258
2021-11-09,0.00779567864954589
2021-11-10,-0.002742260034595989
2021-11-11,0.008146036789558053
2021-11-12,0.005161618346428254
2021-11-15,-0.00816028818113601
2021-11-16,-0.007363828345456125
2021-11-17,0.00831542704025301
2021-11-18,-0.0027939920022858056
2021-11-19,0.012025948948999776
2021-11-22,0.011881649344200884
2021-11-23,0.0008697366117764727
2021-11-24,-0.000725757362925572
2021-11-25,-0.003110482062702924
2021-11-26,-0.0018911902056254482
2021-11-29,0.000282553955339937
2021-11-30,0.004273113723535449
2021-12-01,0.0027686011945797784
2021-12-02,-0.005891783677353102
2021-12-03,0.00994883810351066
2021-12-06,-0.008416964305278607
2021-12-07,-0.004644732516994821
2021-12-08,0.013342898333941422
2021-12-09,0.002373000647679868
2021-12-10,-0.0018674047036195685
2021-12-13,0.006347642216337102
2021-12-14,-0.00393035252134144
2021-12-15,-0.0013476003293223515
2021-12-16,0.009124641453817528
2021-12-17,-0.00900149031296571
2021-12-20,-0.01621286857992832
2021-12-21,0.011047850394040104
2021-12-22,0.0037097259695937357
2021-12-23,0.004755931562788307
2021-12-24,-0.007963539175079193
2021-12-27,-0.0008256900900702746
2021-12-28,0.0018259942937677298
2021-12-29,-0.005251144999402824
2021-12-30,0.008718543772774145
2021-12-31,0.006625668858809108
2022-01-04,-0.0006712503736716613
2022-01-05,-0.017919738498815674
2022-01-06,0.0010093220374183254
2022-01-07,-0.007507648728346972
2022-01-10,0.0021977011237959143
2022-01-11,-0.007819007293383029
2022-01-12,0.008648647133515208
2022-01-13,-0.013779486531062535
2022-01-14,-0.0023415838236288122
2022-01-17,0.010834413667855758
2022-01-18,0.0007404447698056149
2022-01-19,-0.006198381719799584
2022-01-20,-0.008705167753934706
2022-01-21,-0.011360689491964449
2022-01-24,0.00037697337679287735
2022-01-25,-0.033712791489056815
2022-01-26,0.005726605733129997
2022-01-27,-0.026046135836215734
2022-01-28,-0.0038435221740500403
2022-02-07,0.01460064766819702
2022-02-08,0.009822349965027177
2022-02-09,0.01495656455840022
2022-02-10,-0.00037118060274465847
2022-02-11,-0.013956602524088146
2022-02-14,-0.007312061343035414
2022-02-15,0.00964499604223601
2022-02-16,0.0017380936884270337
2022-02-17,-0.00047843851843532015
2022-02-18,0.00978461438455036
2022-02-21,0.004694938712688446
2022-02-22,-0.011991944209427174
2022-02-23,0.015130969997464883
2022-02-24,-0.017791858199441846
2022-02-25,0.008063705490710893
2022-02-28,0.004968157162695386
2022-03-01,0.0030248157459680236
2022-03-02,0.00017456983084174205
2022-03-03,-0.0022821021520702534
2022-03-04,-0.008122981828254106
2022-03-07,-0.021229219424941492
2022-03-08,-0.03446261594530431
2022-03-09,-0.019328479958444222
2022-03-10,0.01733852870697672
2022-03-11,0.009226898458910116
2022-03-14,-0.02325408973869847
2022-03-15,-0.056708383542234064
2022-03-16,0.03206884180667857
2022-03-17,0.018071007282006724
2022-03-18,0.010323062391504045
2022-03-21,0.004219689145354977
2022-03-22,-0.0001305248988038299
2022-03-23,0.006289604929766934
2022-03-24,-0.008436879698660582
2022-03-25,-0.01196068170211162
2022-03-28,0.002399397598049857
2022-03-29,-0.0048079983702778994
2022-03-30,0.01995819653386266
2022-03-31,-0.008295873073612348
2022-04-01,0.00625458500923326
2022-04-06,-0.0011925486918102912
2022-04-07,-0.021290151063485085
2022-04-08,0.0004066484612454957
2022-04-11,-0.031206017878832593
2022-04-12,0.016089845751746656
2022-04-13,-0.01347824596738001
2022-04-14,0.013592904424477137
2022-04-15,-0.009098194888100708
2022-04-18,0.0005370011942511521
2022-04-19,0.0030276538892757276
2022-04-20,-0.022237541855426368
2022-04-21,-0.03309092618332965
2022-04-22,-0.0032674745650891346
2022-04-25,-0.06466840156210252
2022-04-26,-0.025273198602534186
2022-04-27,0.03879052581099374
2022-04-28,-0.0033621235083795
2022-04-29,0.038595545844436696
2022-05-05,0.010447946836297684
2022-05-06,-0.021617106582024648
2022-05-09,0.008043107461307653
2022-05-10,0.014543943856846209
2022-05-11,0.008388268023880041
2022-05-12,0.0009202101146430497
2022-05-13,0.009350350855809486
2022-05-16,-0.0009867513110681791
2022-05-17,0.004361880685467945
2022-05-18,-0.003240869687810566
2022-05-19,0.0070582269223404825
2022-05-20,0.01560013770872537
2022-05-23,0.00611182411978084
2022-05-24,-0.03688567870151671
2022-05-25,0.01715549769566005
2022-05-26,0.01151730333233525
2022-05-27,-0.0019690234049896116
2022-05-30,0.007272979972609672
2022-05-31,0.014035400642454787
2022-06-01,-0.0004314464740865498
2022-06-02,0.00909582910001272
2022-06-06,0.017933907275398342
2022-06-07,-0.00014060742407195903
2022-06-08,0.005052880675398441
2022-06-09,-0.014014535617731694
2022-06-10,0.017846278314512798
2022-06-13,-0.0010384448967164506
2022-06-14,0.006729637032735436
2022-06-15,-0.0023121405704978892
2022-06-16,0.0006005372892128324
2022-06-17,0.008218911317484201
2022-06-20,0.002229149614252579
2022-06-21,-0.008433919553139768
2022-06-22,-0.015521746057033714
2022-06-23,0.01956446807787615
2022-06-24,0.010762689132715497
2022-06-27,0.006196335588259272
2022-06-28,0.014608894867769395
2022-06-29,-0.01954209510332472
2022-06-30,0.012515884097077379
2022-07-01,-0.0024077792652089647
2022-07-04,0.013138071674634322
2022-07-05,-0.0017782874172368457
2022-07-06,-0.014279286127837798
2022-07-07,0.0053656978601084315
2022-07-08,-0.007523644078171521
2022-07-11,-0.01331888502351486
2022-07-12,-0.01228964700892854
2022-07-13,0.00432749924697351
2022-07-14,0.005414382092018943
2022-07-15,-0.016760202017317094
2022-07-18,0.01864833462432225
2022-07-19,0.00369909194025686
2022-07-20,0.011837663024349299
2022-07-21,-0.009844463405769388
2022-07-22,-0.009148339529901128
2022-07-25,-0.009267783125289197
2022-07-26,0.01231215616795378
2022-07-27,0.003847519641849262
2022-07-28,0.0025172806420488136
2022-07-29,-0.008515839997983776
2022-08-01,0.008438047635011214
2022-08-02,-0.027920885048887567
2022-08-03,-0.0074051863857373945
2022-08-04,0.005620224972282539
2022-08-05,0.01814984582860446
2022-08-08,0.008382093322552686
2022-08-09,0.002911560365455257
2022-08-10,-0.0030623766060918767
2022-08-11,0.018554078892006665
2022-08-12,-0.0028745092680017015
2022-08-15,0.0034201079296354298
2022-08-16,0.0034736396075623066
2022-08-17,0.004378834960766964
2022-08-18,-0.0038022638022637834
2022-08-19,-0.011917184149789595
2022-08-22,0.012666387138360324
2022-08-23,-0.000970231805063837
2022-08-24,-0.028117654336261233
2022-08-25,0.006065640026859276
2022-08-26,-0.003848039603334019
2022-08-29,0.0019100179887812097
2022-08-30,-0.0038777256592290588
2022-08-31,-0.02070974382470059
2022-09-01,-0.004707793526377735
2022-09-02,0.0036985230390564894
2022-09-05,0.005402126701173904
2022-09-06,0.017617041236362985
2022-09-07,0.0015878389654728764
2022-09-08,-0.00459886123436104
2022-09-09,0.0070768328183936635
2022-09-13,-0.002619926958652652
2022-09-14,-0.00800898987686538
2022-09-15,-0.022745745572771647
2022-09-16,-0.02509905366907894
2022-09-19,-0.006944327819296436
2022-09-20,0.0076338330669778465
2022-09-21,0.003405339451419742
2022-09-22,-0.002122577602039266
2022-09-23,-0.012787698063490893
2022-09-26,-0.014140179299103606
2022-09-27,0.019587277311619244
2022-09-28,-0.025427150108529473
2022-09-29,0.0004090461598191819
2022-09-30,-0.010017533282050128
2022-10-10,-0.013711791615768854
2022-10-11,0.008659068688772198
2022-10-12,0.023914110451032755
2022-10-13,0.001699181334776645
2022-10-14,0.024544023161599426
2022-10-17,0.007057909680184382
2022-10-18,0.0033363255535607816
2022-10-19,-0.010429662324149547
2022-10-20,-0.003994829826276858
2022-10-21,0.0013481574621021508
2022-10-24,-0.010069029424799592
2022-10-25,-0.004599026607200352
2022-10-26,0.017346476358568896
2022-10-27,-0.0014401500435394787
2022-10-28,-0.03038738889820558
2022-10-31,0.004377529489086429
2022-11-01,0.023082049418729822
2022-11-02,0.009535190998375853
2022-11-03,-0.00018006602420883588
2022-11-04,0.022802465347723455
2022-11-07,0.001296168883468729
2022-11-08,-0.0011642277587718963
2022-11-09,-0.0021893431318529277
2022-11-10,-0.005085911551211186
2022-11-11,0.008033236448429237
2022-11-14,-0.0014840469030498182
2022-11-15,0.017435325172811433
2022-11-16,-0.005204942610937735
2022-11-17,0.002142193967684891
2022-11-18,-0.004111168836182233
2022-11-21,-0.0003133252041054302
2022-11-22,-0.010389824402112557
2022-11-23,-0.0015998955170273277
2022-11-24,0.0007309176532146466
2022-11-25,-0.00526301169757859
2022-11-28,-0.005351634236004155
2022-11-29,0.017924852360254206
2022-11-30,-0.0012443582064369796
2022-12-01,0.004865053645541462
2022-12-02,-0.002924298022986993
2022-12-05,0.00763779565856737
2022-12-06,-0.0006226750247783075
2022-12-07,-0.001165626886697524
2022-12-08,-0.002857829049276228
2022-12-09,0.0009731211649004479
2022-12-12,-0.006054293235146835
2022-12-13,-0.005386031412830006
2022-12-14,-0.004127965290460334
2022-12-15,0.0009005329383453553
2022-12-16,-0.004755911292913084
2022-12-19,-0.022457293598074024
2022-12-20,-0.009845901948629443
2022-12-21,-0.005476324550912404
2022-12-22,-0.01142350799885039
2022-12-23,-0.00271843517803938
2022-12-26,0.01386519992712576
2022-12-27,0.007256223409535023
2022-12-28,-0.004002949541767498
2022-12-29,-0.0008017604612682305
2022-12-30,0.0012070201796019475
2023-01-03,0.015590496668923093
2023-01-04,-0.0005792575429406366
2023-01-05,0.009745566951423479
2023-01-06,0.0003926488155647778
2023-01-09,0.00452366776321278
2023-01-10,0.0013708563878926938
2023-01-11,-0.0056445612816825586
2023-01-12,0.00018788991313845038
2023-01-13,0.007048704218749258
2023-01-16,0.01130629002144401
2023-01-17,0.0010544907266845094
2023-01-18,0.0030688251715411674
2023-01-19,0.008594707597870954
2023-01-20,0.007591472407173727
2023-01-30,0.005102832471930441
2023-01-31,0.0009262604383344364
2023-02-01,0.012205146959445967
2023-02-02,0.0006644768776185028
2023-02-03,-0.004152185038319489
2023-02-06,-0.006519864621379656
2023-02-07,0.0023657916992603223
2023-02-08,-0.007750220032799127
2023-02-09,0.013764541469111213
2023-02-10,-0.003196130023164545
2023-02-13,0.007827288155661583
2023-02-14,0.002095920474072699
2023-02-15,-0.0020102513439451686
2023-02-16,-0.014859774291823058
2023-02-17,-0.008278903820347572
2023-02-20,0.01742069224245313
2023-02-21,0.005885532305820895
2023-02-22,-0.0013080762349962916
2023-02-23,-0.0023137000848617584
2023-02-24,-0.003062738981686408
2023-02-27,-0.005303713703547208
2023-02-28,0.007979756500893442
2023-03-01,0.0070152920783825845
2023-03-02,-0.003109897627980751
2023-03-03,0.0012675820207044275
2023-03-06,0.0007667847619525769
2023-03-07,-0.017344203952326942
2023-03-08,0.0027401619909934727
2023-03-09,-0.0024708324340795285
2023-03-10,-0.0128938346630183
2023-03-13,0.006462634369611253
2023-03-14,-0.008903122497998406
2023-03-15,0.005693605195980389
2023-03-16,-0.01346423246966899
2023-03-17,0.006896461878931781
2023-03-20,-0.003692274848864141
2023-03-21,0.012065872880599349
2023-03-22,0.005623384038956125
2023-03-23,0.005745054818860229
2023-03-24,0.0006882596229478288
2023-03-27,0.00023771414082185416
2023-03-28,-0.005019329488560764
2023-03-29,-0.003084434196613972
2023-03-30,0.004093889514499516
2023-03-31,0.008533004145601764
2023-04-03,0.011670678347334817
2023-04-04,-0.0007655356176751171
2023-04-06,0.0012404624818613819
2023-04-07,0.007421086670250876
2023-04-10,-0.008345618434303148
2023-04-11,0.001616093546233266
2023-04-12,0.003513537085259255
2023-04-13,-0.006020076232571392
2023-04-14,0.004125127836806186
2023-04-17,0.004380297524362309
2023-04-18,-0.0014537313987402767
2023-04-19,-0.005097792971929582
2023-04-20,-0.0008119096707636109
2023-04-21,-0.025144422124346533
2023-04-24,-0.006681022759633559
2023-04-25,-0.014597070600021245
2023-04-26,0.003922754427400532
2023-04-27,0.0025707610527259117
2023-04-28,0.01352725099627472
2023-05-04,0.0033887496715396814
2023-05-05,-0.00987003364530159
2023-05-08,0.0077412113060391086
2023-05-09,-0.010658421593386036
2023-05-10,-0.0013215830526788208
2023-05-11,-0.003132587494594108
2023-05-12,-0.010207215243554835
2023-05-15,0.011120139863583844
2023-05-16,-0.007883897593755296
2023-05-17,0.0018360844598852566
2023-05-18,0.0010012985846243883
2023-05-19,-0.001811304498236077
2023-05-22,-0.000287718977028284
2023-05-23,-0.010284008032286018
2023-05-24,-0.007705995773598429
2023-05-25,-0.002930505395626559
2023-05-26,0.007813713325729443
2023-05-29,-0.0016271802060652263
2023-05-30,0.00599984066813164
2023-05-31,-0.002228891114297138
2023-06-01,0.0006051787426832878
2023-06-02,0.008883806552468343
2023-06-05,-0.0013283714591776352
2023-06-06,-0.0186465390980316
2023-06-07,0.0005999913093182041
2023-06-08,-0.0034842099812761873
2023-06-09,0.007279401288938558
2023-06-12,0.003016849763211482
2023-06-13,0.0027091548863498183
2023-06-14,6.618089887000522e-06
2023-06-15,0.008724239255602173
2023-06-16,0.008397834277269478
2023-06-19,-0.002704940297754921
2023-06-20,-0.0008595128665978002
2023-06-21,-0.022079264002768384
2023-06-26,-0.01732976121919272
2023-06-27,0.010356665415328425
2023-06-28,-0.0009566240753193789
2023-06-29,-0.0002911325730230452
2023-06-30,0.009788606499701924
2023-07-03,0.0072648710643754555
2023-07-04,0.0021432200598776596
2023-07-05,-0.005687617046997273
2023-07-06,-0.005359735052700376
2023-07-07,-0.004498584799325411
2023-07-10,0.003802664045450932
2023-07-11,0.007511346394219576
2023-07-12,-0.01101964927528054
2023-07-13,0.013629525775685547
2023-07-14,-0.002240216013739138
2023-07-17,-0.0029566272891891066
2023-07-18,-0.0018111693767680626
2023-07-19,-0.0013979139591456802
2023-07-20,-0.01133411530330819
2023-07-21,2.531440490916026e-05
2023-07-24,-0.001505325172175831
2023-07-25,0.0168877636389142
2023-07-26,-0.002508048525503459
2023-07-27,-0.006724940598579643
2023-07-28,0.013765730945886512
2023-07-31,0.007446336733275549
2023-08-01,0.0017476314994153697
2023-08-02,-0.0035121202581457345
2023-08-03,0.0034932356609505
2023-08-04,0.0048977731283277315
2023-08-07,-0.006172738783662202
2023-08-08,-0.004043850244551783
2023-08-09,-0.007311122467483333
2023-08-10,0.0016540042346493422
2023-08-11,-0.01962295932662539
2023-08-14,0.000583425638597479
2023-08-15,-0.006256760411033069
2023-08-16,-0.007918663623468825
2023-08-17,0.007052708452621292
2023-08-18,-0.016437535322996855
2023-08-21,-0.011599570770881695
2023-08-22,0.005302252932174012
2023-08-23,-0.019431951590821228
2023-08-24,0.004115818456346121
2023-08-25,-0.012641813514675415
2023-08-28,0.011275332768342361
2023-08-29,0.022355930221433118
2023-08-30,0.0008370419664767148
2023-08-31,-0.00619031540306314
2023-09-01,0.001986270341847618
2023-09-04,0.01373374139250183
2023-09-05,-0.00704486275639904
2023-09-06,0.00028849260025110013
2023-09-07,-0.015142356805598278
2023-09-08,0.0010381047573957414
2023-09-11,0.011580732296071483
2023-09-12,-0.0006580394234880771
2023-09-13,-0.009622365892499207
2023-09-14,-0.002327046225985785
2023-09-15,0.0004489574016588449
2023-09-18,0.0026346881321586135
2023-09-19,-0.005557993527621208
2023-09-20,-0.006485697709171956
2023-09-21,-0.006917347518408223
2023-09-22,0.01548489643473161
2023-09-25,-0.005643273519781222
2023-09-26,-0.0035311806249184174
2023-09-27,0.004905563475689156
2023-09-28,0.0028937235101818004
2023-10-09,-0.005744389599298572
2023-10-10,-0.004897421033283389
2023-10-11,-0.00010301276825497307
2023-10-12,0.007433669817169086
2023-10-13,-0.006745844235529819
2023-10-16,-0.009356727222378014
2023-10-17,0.0026287166236311776
2023-10-18,-0.012642663359152428
2023-10-19,-0.010963689678890942
2023-10-20,-0.007386489459245249
2023-10-23,-0.024584829091740534
2023-10-24,0.011659008039196062
2023-10-25,0.004482428097107416
2023-10-26,0.0042652529761906255
2023-10-27,0.017244157638643065
2023-10-30,0.009897979435655069
2023-10-31,-0.0032723988035462392
2023-11-01,-0.0033048492829543807
2023-11-02,-0.009168833950094157
2023-11-03,0.00932511516727863
2023-11-06,0.017185810001524526
2023-11-07,0.0010775977420403038
2023-11-08,-0.0005489119780435203
2023-11-09,-0.0028459242299421206
2023-11-10,-0.003390521560927451
2023-11-13,0.005826200857691255
2023-11-14,0.004456281876776158
2023-11-15,0.006050918649155079
2023-11-16,-0.009755288086403024
2023-11-17,0.003932712466306443
2023-11-20,0.005034254237829883
2023-11-21,-0.003302254331889909
2023-11-22,-0.012086338077105907
2023-11-23,0.008988139029948439
2023-11-24,-0.009349118529465628
2023-11-27,-0.0007019219376636077
2023-11-28,0.004489347903803287
2023-11-29,-0.006826432978628283
2023-11-30,-0.0014909972935157612
2023-12-01,0.003935041162838937
2023-12-04,-0.0014011464251905137
2023-12-05,-0.017747572885392637
2023-12-06,0.00392095099085954
2023-12-07,-0.0001240463933509517
2023-12-08,0.003074177999467187
2023-12-11,0.012160807858872191
2023-12-12,0.00023900015274436193
2023-12-13,-0.01054044245784358
2023-12-14,-0.0033009472520250105
2023-12-15,-0.007203064854909402
2023-12-18,-0.011838988291291819
2023-12-19,-0.0010027352389018196
2023-12-20,-0.013119276116337342
2023-12-21,0.005550648015083093
2023-12-22,-0.00507046580104753
2023-12-25,0.0006928115157323056
2023-12-26,-0.01074055051670908
2023-12-27,0.005182302958381735
2023-12-28,0.01840307405312247
2023-12-29,0.00862562235267883
2024-01-02,-0.0036414003459053212
2024-01-03,-0.0014899823642287036
2024-01-04,-0.008531121561076715
2024-01-05,-0.013715333537491659
2024-01-08,-0.021615450588522656
2024-01-09,0.002505950422818648
2024-01-10,-0.004356596180015937
2024-01-11,0.012752807246106945
2024-01-12,-0.003384470487340696
2024-01-15,-0.002473982843466782
2024-01-16,-0.0005584117998190807
2024-01-17,-0.024826602959309385
2024-01-18,0.001070820343215706
2024-01-19,-0.009577734973238328
2024-01-22,-0.04731758737294334
2024-01-23,0.01773071155016659
2024-01-24,0.013967043039702087
2024-01-25,0.02827087175953147
2024-01-26,-0.009085031479269423
2024-01-29,-0.019729107694511194
2024-01-30,-0.02291437952397668
2024-01-31,-0.02450887748468844
2024-02-01,-0.003885475347989553
2024-02-02,-0.02468832354078976
2024-02-05,-0.022563014713294582
2024-02-06,0.07749324030437665
2024-02-07,0.06318691608231553
2024-02-08,0.007957616785756905
2024-02-19,-0.0016756533203370338
2024-02-20,-0.00012447487163536053
2024-02-21,-0.0003734711026734949
2024-02-22,0.00725816494909548
2024-02-23,0.004128399602808086
2024-02-26,-0.00043288294268051253
2024-02-27,0.021622724455582443
2024-02-28,-0.023314744338520654
2024-02-29,0.03139244413151876
2024-03-01,0.006033526658050903
2024-03-04,0.0018163058532638665
2024-03-05,-0.0068642114600226956
2024-03-06,-0.0003232539150158642
2024-03-07,-0.013607222294910404
2024-03-08,0.013700187595929725
2024-03-11,0.0170947360550322
2024-03-12,-0.003185047003795183
2024-03-13,-0.0015874713296409881
2024-03-14,-0.00409594634273347
2024-03-15,0.01135189961672034
2024-03-18,0.013622654309104032
2024-03-19,-0.009085729273123455
2024-03-20,0.0027727984637344605
2024-03-21,-0.005020560999452028
2024-03-22,-0.01486690950871139
2024-03-25,-0.016680997739838
2024-03-26,-0.001950989187402552
2024-03-27,-0.02417294613221499
2024-03-28,0.013018065887353991
2024-03-29,0.011935732731473747
2024-04-01,0.021766272681871257
2024-04-02,-0.0037010156964538687
2024-04-03,-0.001232060328214768
2024-04-08,-0.01414244781006968
2024-04-09,0.008362602126225971
2024-04-10,-0.012620487001441028
2024-04-11,0.004992920062098838
2024-04-12,-0.004638038707535763
2024-04-15,0.01184335691898375
2024-04-16,-0.027748645996419352
2024-04-17,0.02854638788030539
2024-04-18,0.0018896015731073579
2024-04-19,-0.00653664408655219
2024-04-22,-0.008897677647807023
2024-04-23,-0.011259439818664285
2024-04-24,0.010515967874169307
2024-04-25,-0.0007030157475527155
2024-04-26,0.02144375530009457
2024-04-29,0.019800376760012783
2024-04-30,-0.006817571995202942
2024-05-06,0.01607383746788349
2024-05-07,-0.0002749339796694894
2024-05-08,-0.012360957322853916
2024-05-09,0.017954627058159867
2024-05-10,-0.003845759317013475
2024-05-13,-0.005444954294179127
2024-05-14,-0.0008210329757359913
2024-05-15,-0.009831404501939756
2024-05-16,-0.0040373366430068724
2024-05-17,0.012391537181063672
2024-05-20,0.005755759856806986
2024-05-21,-0.008072779940255348
2024-05-22,-0.0018799359726661136
2024-05-23,-0.019438211903938907
2024-05-24,-0.009111744751795547
2024-05-27,0.010900638944565166
2024-05-28,-0.010284154694239933
2024-05-29,0.0022911403596226343
2024-05-30,-0.003687848492298751
2024-05-31,-2.2604574412388168e-05
2024-06-03,-0.006493310778481476
2024-06-04,0.012870515560089224
2024-06-05,-0.011982515747994693
2024-06-06,-0.00931045066825309
2024-06-07,-0.0037905446756426597
2024-06-11,0.00162987763439304
2024-06-12,0.0029669552484248296
2024-06-13,-0.007330473251225378
2024-06-14,0.003561397530892796
2024-06-17,-0.0011432758690143041
2024-06-18,0.004562974229566086
2024-06-19,-0.011866049563267533
2024-06-20,-0.014364980788652004
2024-06-21,0.0015231903772054967
2024-06-24,-0.021445104491477407
2024-06-25,-0.008868575640257781
2024-06-26,0.014509066145579785
2024-06-27,-0.018400814272880983
2024-06-28,0.0029890118809670074
2024-07-01,0.012215797587592503
2024-07-02,-0.010729219133507661
2024-07-03,-0.007790717408697412
2024-07-04,-0.015561239034641128
2024-07-05,0.006569448753749096
2024-07-08,-0.016982240981780694
2024-07-09,0.019499876662443905
2024-07-10,-0.006713280977670211
2024-07-11,0.019728910688334045
2024-07-12,-0.004123707166181156
2024-07-15,-0.007208254732322894
2024-07-16,0.002960748582075734
2024-07-17,-0.008529385345299234
2024-07-18,0.004346680174114326
2024-07-19,-0.0011562850447649486
2024-07-22,-0.0012458821235415973
2024-07-23,-0.02942469964940242
2024-07-24,-0.011590581858219706
2024-07-25,-0.0005591187773937856
2024-07-26,0.015203249418598519
2024-07-29,-0.0058145672433377316
2024-07-30,-0.002030224004213488
2024-07-31,0.03982099385437765
2024-08-01,-0.006843469950331582
2024-08-02,-0.013259921244104245
2024-08-05,-0.01979067038102822
2024-08-06,0.012128636407213511
2024-08-07,0.0002441704309608106
2024-08-08,0.0008144042222757442
2024-08-09,-0.007464553882514213
2024-08-12,-0.0013028805311516845
2024-08-13,0.003750403041050898
2024-08-14,-0.01368812132278363
2024-08-15,0.006708705890419608
2024-08-16,-0.005959500934364592
2024-08-19,0.002693570972811532
2024-08-20,-0.017286075473632034
2024-08-21,-0.003235542730241847
2024-08-22,-0.011717591865920252
2024-08-23,0.0008205815982371689
2024-08-26,0.001602348641970952
2024-08-27,-0.010798000158438126
2024-08-28,0.0010499878761993653
2024-08-29,0.012864415856853606
2024-08-30,0.017817415915224233
2024-09-02,-0.019880968547846378
2024-09-03,0.010908579069603741
2024-09-04,-0.0031328320802004317
2024-09-05,0.004148770863887208
2024-09-06,-0.013831505143346523
2024-09-09,-0.006668944010402411
2024-09-10,0.00011537121798732564
2024-09-11,0.0015994817767779335
2024-09-12,-0.0040598726001789265
2024-09-13,-0.010147689693745687
2024-09-18,0.002675827237270223
2024-09-19,0.012888567222437697
2024-09-20,-0.004866836710991751
2024-09-23,-0.0008225165003480361
2024-09-24,0.0433645034474015
2024-09-25,0.00893039918116667
2024-09-26,0.0436861193537752
2024-09-27,0.053357714785609245
2024-09-30,0.10411079518693045
2024-10-08,0.07179944351774781
2024-10-09,-0.06822102872515667
2024-10-10,-0.007803837060903485
2024-10-11,-0.03867064496176331
2024-10-14,0.02510414362772595
2024-10-15,-0.024177313374285525
2024-10-16,-0.0020959112371541355
2024-10-17,-0.007709083717719389
2024-10-18,0.0407880435284067
2024-10-21,0.011384711401732472
2024-10-22,0.008698807726897462
2024-10-23,0.003915639093824197
2024-10-24,-0.008600542208095807
2024-10-25,0.01449176663698104
2024-10-28,0.012742504333277838
2024-10-29,-0.012099488078970544
2024-10-30,0.004369869918950942
2024-10-31,0.010853161994062832
2024-11-01,-0.011772002392697267
2024-11-04,0.016648319049627824
2024-11-05,0.030875827091320307
2024-11-06,0.00226113675296169
2024-11-07,0.018572298430080014
2024-11-08,-0.002742180538371386
2024-11-11,0.017383827913442396
2024-11-12,-0.010542411327800427
2024-11-13,-0.0006449676558298867
2024-11-14,-0.02899914374808299
2024-11-15,-0.025308021473074094
2024-11-18,-0.015434265960894367
2024-11-19,0.017754035631506015
2024-11-20,0.009397635009938288
2024-11-21,-0.0011814985339738682
2024-11-22,-0.03927281962003648
2024-11-25,-0.0025390200426068654
2024-11-26,-0.007875306198948717
2024-11-27,0.020114296157793365
2024-11-28,-0.008155123050367363
2024-11-29,0.016385299430317968
2024-12-02,0.015666599452489383
2024-12-03,-0.0019348477863658786
2024-12-04,-0.00890912523684606
2024-12-05,0.0038644253453232746
2024-12-06,0.013082028265042789
2024-12-09,-0.005366938720899106
2024-12-10,0.00756333748661131
2024-12-11,0.009182105075190794
2024-12-12,0.008810820375352968
2024-12-13,-0.018375874329346176
2024-12-16,-0.012639668419532013
2024-12-17,-0.01089875858336442
2024-12-18,0.006918415364832731
2024-12-19,0.002258593694278055
2024-12-20,0.0025855992626129254
2024-12-23,-0.01666841299402755
2024-12-24,0.013183696969176095
2024-12-25,-0.009324440313065119
2024-12-26,0.008008163978158622
2024-12-27,0.002057053945432763
2024-12-30,-4.9159458025416214e-05
2024-12-31,-0.02935302972767717
2025-01-02,-0.03142132094946848
2025-01-03,-0.021280892636255655
2025-01-06,-0.00012896569512510503
2025-01-07,0.01060971789721954
2025-01-08,-0.004209908326465728
2025-01-09,-0.0009154843186690576
2025-01-10,-0.01600083568675681
2025-01-13,0.002313159306275736
2025-01-14,0.035410743817009704
2025-01-15,-0.008938906406186442
2025-01-16,0.0041955939925322205
2025-01-17,0.00751222133463636
2025-01-20,0.004839555491123582
2025-01-21,0.0034892854534736006
2025-01-22,-0.004767550834942624
2025-01-23,-0.004068085592092929
2025-01-24,0.011765232573756501
2025-01-27,-0.010727528562199606
2025-02-05,0.004481745608605037
2025-02-06,0.023779965410311688
2025-02-07,0.014977644009116498
2025-02-10,0.009352090079002506
2025-02-11,-0.005140484499579712
2025-02-12,0.014039957120520086
2025-02-13,-0.007115526729096433
2025-02-14,0.00839908718842497
2025-02-17,0.00015467904098986907
2025-02-18,-0.018156847187294156
2025-02-19,0.017663948389836204
2025-02-20,0.002299844545986751
2025-02-21,0.016703174962862333
2025-02-24,-0.0019960178700557663
2025-02-25,-0.010752741535524524
2025-02-26,0.012001732450162672
2025-02-27,-0.0037592494059559556
2025-02-28,-0.02805113294266537
2025-03-03,0.004419893274082876
2025-03-04,0.008811081642673635
2025-03-05,0.002201214962872289
2025-03-06,0.016312366612331486
2025-03-07,-0.005621906917756436
2025-03-10,-2.4942756374213282e-05
2025-03-11,0.005213166112923773
2025-03-12,-0.000739457764058371
2025-03-13,-0.00770300471815244
2025-03-14,0.017686107871744294
2025-03-17,0.0013180371083185705
2025-03-18,0.004138820763520679
2025-03-19,-0.005194593448877516
2025-03-20,-0.006875426128913786
2025-03-21,-0.01445006097872914
2025-03-24,-0.0004772326534303595
2025-03-25,-0.0037074390023252857
2025-03-26,0.00026063780593421626
2025-03-27,0.0015297974279231408
2025-03-28,-0.006977642003491491
2025-03-31,-0.009847820244319183
2025-04-01,0.005988627071394026
2025-04-02,0.0010589103744367279
2025-04-03,-0.009084452008699673
2025-04-07,-0.09553844837909509
2025-04-08,0.007542987272627588
2025-04-09,0.0211867668122796
2025-04-10,0.01917176645336105
2025-04-11,0.006720706485860317
2025-04-14,0.008209527495288027
2025-04-15,-0.004373447257399077
2025-04-16,-0.008151674332846026
2025-04-17,2.6993661888186082e-05
2025-04-18,0.0006676252157185036
2025-04-21,0.014685148685781746
2025-04-22,-0.0032202722964422836
2025-04-23,0.0019096015262587418
2025-04-24,-0.005158874524174961
2025-04-25,0.0037995818676104243
2025-04-28,-0.005132233196734393
2025-04-29,0.0011807155743708275
2025-04-30,0.0048011475652596225
2025-05-06,0.019267306128391892
2025-05-07,0.0017350918849612373
2025-05-08,0.004090228492823922
2025-05-09,-0.00902177245181257
2025-05-12,0.012574890068021372
2025-05-13,-0.002071226010456284
2025-05-14,0.0030181591131974717
2025-05-15,-0.01445391714604971
2025-05-16,9.62329186569022e-05
2025-05-19,0.0008642634078919187
2025-05-20,0.004646211449817139
2025-05-21,0.0018356222063309335
2025-05-22,-0.00948953788868212
2025-05-23,-0.008808966068648227
2025-05-26,0.0029046318441050545
2025-05-27,-0.0030532008339418937
2025-05-28,-0.002637934237414097
2025-05-29,0.014664977896984954
2025-05-30,-0.008538595886998235
2025-06-03,0.004191448880017434
2025-06-04,0.007756144158571621
2025-06-05,0.00539465866064015
2025-06-06,-0.0013674247873040057
2025-06-09,0.007561505567433846
2025-06-10,-0.008209244442913377
2025-06-11,0.006071563167007854
2025-06-12,0.001204912868227881
2025-06-13,-0.010291503518146006
2025-06-16,0.004802935068917158
2025-06-17,-0.0029300549081888727
2025-06-18,-0.0008763830419881158
2025-06-19,-0.012015586847596627
2025-06-20,-0.006574091526432846
2025-06-23,0.006145924025314331
2025-06-24,0.016155666819993142
2025-06-25,0.016772924673594813
2025-06-26,-0.004144953987599287
2025-06-27,0.0043643215004496305
2025-06-30,0.008810091869850822
2025-07-01,0.0032592948224883234
2025-07-02,-0.00702987697715296
2025-07-03,0.0050416175260268314
2025-07-04,-0.001894419061705399
2025-07-07,-0.0018658736280837696
2025-07-08,0.013105868914194074
2025-07-09,-0.00405671708705968
2025-07-10,0.0049651548923406175
2025-07-11,0.007359122855399747
2025-07-14,-0.0010320088666485594
2025-07-15,-0.0003487873825332999
2025-07-16,-0.0002608510723139945
2025-07-17,0.01084725594505076
2025-07-18,0.0028195828661428113
2025-07-21,0.010115400820708276
2025-07-22,0.008455993936354433
2025-07-23,-0.002679687965223554
2025-07-24,0.01562752147896651
2025-07-25,0.0009517605186220024
2025-07-28,0.003782785863841953
2025-07-29,0.0051728336880991765
2025-07-30,-0.006519690440566883
2025-07-31,-0.013991185632232006
2025-08-01,-0.0021103890889351273
2025-08-04,0.0078107899311143925
2025-08-05,0.00662915839552336
2025-08-06,0.00858923347357865
2025-08-07,-0.003120782460699245
2025-08-08,-0.00221537063276922
2025-08-11,0.010794654858859776
2025-08-12,0.004130317784146964
2025-08-13,0.014013362085083747
2025-08-14,-0.012023478434566193
2025-08-15,0.021574375763042664
2025-08-18,0.015163117695327966
2025-08-19,-0.0019285651085679811
2025-08-20,0.010932623724514645
2025-08-21,-0.0035522817093163184
2025-08-22,0.01770241506405723
2025-08-25,0.01891438328557693
2025-08-26,0.0017506005552438975
2025-08-27,-0.014576246361682088
2025-08-28,0.02165372688909084
2025-08-29,0.00467540321430393
2025-09-01,0.009419444231495433
2025-09-02,-0.020899288214686118
2025-09-03,-0.013391863182646735
2025-09-04,-0.02475227343538433
2025-09-05,0.0321716217931014
2025-09-08,0.011306127466932825
2025-09-09,-0.009031595567581707
2025-09-10,0.0004531698073451107
2025-09-11,0.027495235938264084
2025-09-12,0.0035155158640460815
2025-09-15,-0.0014536042810675553
2025-09-16,0.00751398276113302
2025-09-17,0.009602293981774368
2025-09-18,-0.008286455722007036
2025-09-19,-0.004101457246509677
2025-09-22,0.0076397944312340815
2025-09-23,-0.006147986264606997
2025-09-24,0.019914465282681038
2025-09-25,0.0024045190210972844
2025-09-26,-0.013677376820517284
2025-09-29,0.015143124275816211
2025-09-30,0.008408883132713596
2025-10-09,0.01842190824257295
2025-10-10,-0.019963120552343838
2025-10-13,-0.0029277312650880516
2025-10-14,-0.024633433470343857
2025-10-15,0.013780690354906477
2025-10-16,-0.008564573622155236
2025-10-17,-0.029794524810102474
2025-10-20,0.007635328609891356
2025-10-21,0.01640536151770089
2025-10-22,-0.007951993008258218
2025-10-23,0.002029885754045724
2025-10-24,0.016180989647134547
2025-10-27,0.016650754353843
2025-10-28,-0.005198261644932756
2025-10-29,0.01906272008151455
2025-10-30,-0.012733642829739988
2025-10-31,-0.007407547818693128
2025-11-03,0.0003546583003684045
2025-11-04,-0.01674075488164073
2025-11-05,0.0025669721793468714
2025-11-06,0.016098288363806335
2025-11-07,-0.002424541093317023
2025-11-10,0.0021684218283248846
2025-11-11,-0.007106675018382913
2025-11-12,-0.006632280113719746
2025-11-13,0.01546819452593784
2025-11-14,-0.016291675787086568
2025-11-17,-1.5202903478117591e-05
2025-11-18,-0.011655275833235446
2025-11-19,-0.003953282189114393
2025-11-20,-0.008536028921413807
2025-11-21,-0.034627829423884315
2025-11-24,0.007562989463740788
2025-11-25,0.012466206723861006
2025-11-26,0.0015026025939666177
2025-11-27,-0.001977013804638883
2025-11-28,0.011547513551461108
2025-12-01,0.009994951326521173
2025-12-02,-0.00866396407686465
2025-12-03,-0.006241211312018047
2025-12-04,0.0023512226357707
2025-12-05,0.01212495419097337
2025-12-08,0.010500377579657938
2025-12-09,-0.0071161972960123165
2025-12-10,0.004867068370655536
2025-12-11,-0.010215218299634232
2025-12-12,0.01226900318937596
2025-12-15,-0.007786838945073704
2025-12-16,-0.01583365664130809
2025-12-17,0.019497751852507905
2025-12-18,-0.00518224726562555
2025-12-19,0.009676319984677884
2025-12-22,0.012010516699095364
2025-12-23,0.00015574048398070417
2025-12-24,0.013125638195400358
2025-12-25,0.007980098040815786
2025-12-26,0.00649465435835439
2025-12-29,-0.0037847708222726872
2025-12-30,0.003812607578651095
2025-12-31,0.0008888662464103803
2026-01-05,0.024864812733655928
2026-01-06,0.02129600585529068
2026-01-07,0.007798682900485465
2026-01-08,0.0024710860080152663
2026-01-09,0.020539512118502135
2026-01-12,0.023885739677212303
2026-01-13,-0.012831656186773621
2026-01-14,0.01036683007338568
2026-01-15,-0.0005384250762667797
2026-01-16,0.001143097575538654
2026-01-19,0.006714711023276809
2026-01-20,-0.004844382507134037
2026-01-21,0.011192075462547857
2026-01-22,0.005692970476408599
2026-01-23,0.024152348886867347
2026-01-26,-0.009718084741046962
2026-01-27,0.004965503621267464
2026-01-28,0.006109536515096048
2026-01-29,-0.009687065465588285
2026-01-30,-0.01729546457787412
2026-02-02,-0.03983862412371042
2026-02-03,0.031062392295680752
2026-02-04,0.0014915466953067114
2026-02-05,-0.018429798073516745
2026-02-06,3.6827393688598775e-05
2026-02-09,0.020238362665272236
2026-02-10,-0.0005823411075068785
2026-02-11,0.0023319255902647384
2026-02-12,0.011741800497489185
2026-02-13,-0.014719412315680858
2026-02-24,0.011245147344805417
2026-02-25,0.0160433032166436
2026-02-26,0.003478134425322077
2026-02-27,0.01182977649283301
2026-03-02,-1.3859293522600069e-05
2026-03-03,-0.04350954514323191
2026-03-04,-0.003943677618240882
2026-03-05,0.007300323071421033
2026-03-06,0.006157052990852341
2026-03-09,-0.009670670894569966
2026-03-10,0.0158005092107234
2026-03-11,-0.0008287457046716185
2026-03-12,-0.005219359468210838
2026-03-13,-0.014315500863092967
2026-03-16,-0.006632442535012939
2026-03-17,-0.0206618082747414
2026-03-18,0.010029902582699979
2026-03-19,-0.02709095243212134
2026-03-20,-0.01485954838652348
2026-03-23,-0.04114540646697695
2026-03-24,0.02104895339851498
2026-03-25,0.022415651732112574
2026-03-26,-0.01616186063517111
2026-03-27,0.012493898952255389
2026-03-30,0.0020820382521218317
2026-03-31,-0.017590266349571615
2026-04-01,0.017428679077839737
2026-04-02,-0.01868365399627625
2026-04-03,-0.009250140362826453
2026-04-07,0.004800303652052973
2026-04-08,0.04940358811323575
2026-04-09,-0.005855144333335338
2026-04-10,0.008954717463661277
2026-04-13,-0.00020829778049924474
2026-04-14,0.01516999887043946
2026-04-15,-0.005500354203524238
2026-04-16,0.016906843293453155
2026-04-17,0.004169885869086842
2026-04-20,0.009231585828913147
2026-04-21,-0.002375145053932326
2026-04-22,0.012798763773634203
2026-04-23,-0.009666697707069516
2026-04-24,-0.005705702447557082
2026-04-27,0.006204018487175
2026-04-28,-0.011457937956754094
2026-04-29,0.0168772153935417
2026-04-30,0.0008498732981556678
2026-05-06,0.02861605052272531
2026-05-07,0.012616959540964201
2026-05-08,-0.0003024100818691533
2026-05-11,0.016743403913197064
2026-05-12,-0.006081626835178433
2026-05-13,0.015053528462391164
2026-05-14,-0.0278171477780369
2026-05-15,-0.015434547920684216
2026-05-18,0.002096917414254884
2026-05-19,0.008616779515187911
2026-05-20,0.003286991695593766
2026-05-21,-0.0273176445852793
2026-05-22,0.018658311796898808
2026-05-25,0.014801316087089234
2026-05-26,-0.005201122716394502
2026-05-27,-0.014741379111221087
2026-05-28,0.003779167223460833
2026-05-29,-0.023783109624650578
2026-06-01,-0.010209867504988313
2026-06-02,0.005706889237764301
2026-06-03,0.00489459143440496
2026-06-04,-0.000648157892219281
2026-06-05,-0.01263650658031723
2026-06-08,-0.03486669720790092
2026-06-09,0.026713296372803397
2026-06-10,-0.013737466640900808
2026-06-11,-0.003482203312061505
2026-06-12,0.00876330611340781
2026-06-15,0.03707655868347692
2026-06-16,0.01204151425937483
2026-06-17,0.013999797836854455
2026-06-18,0.005332041279272559
2026-06-22,0.02256289280982915
2026-06-23,-0.020317337897658994
2026-06-24,0.017764677582899013
2026-06-25,0.010750949344901173
2026-06-26,-0.02622955221576173
2026-06-29,0.0135025052938047
2026-06-30,0.023839457482011772
2026-07-01,-0.000271276371938578
2026-07-02,-0.037075268055018706
2026-07-03,0.005875194670457606
2026-07-06,-0.010763545051833856
2026-07-07,-0.016453341933365784
2026-07-08,-0.013958506438635832
2026-07-09,0.03131935323157764
2026-07-10,-0.01719907682955457
2026-07-13,-0.04301873125140365
2026-07-14,0.016932616052316662
2026-07-15,-0.015510020613972664
2026-07-16,-0.02355546063984648
2026-07-17,-0.05554536015867939
2026-07-20,-0.013634984348714907
2026-07-21,0.0525278257150219
2026-07-22,-0.006275150276709107
2026-07-23,-0.0022382302629371242
2026-07-24,-0.026066966542587555
2026-07-27,0.024944574986392798
2026-07-28,-0.03590005958086162
2026-07-29,0.010892827634571667
2026-07-30,-0.028563986226345706
2026-07-31,0.025228535702461752
2026-08-03,-0.010604497737520258
2026-08-04,0.02602595987332945
2026-08-05,0.026515973073904853
2026-08-06,0.0025802866102973
2026-08-07,0.019255724605842683
2026-08-10,0.0063695784023298785
2026-08-11,-0.007895703497095563
2026-08-12,0.009760854667814733
2026-08-13,-0.009562092697484648
2026-08-14,0.0027546377055311932
2026-08-17,0.02431814455723358
2026-08-18,-0.0009114634241701447
2026-08-19,-0.04814862825570676
2026-08-20,0.008600288303659331
2026-08-21,0.0005006114338124146
2026-08-24,-0.017473164483794212
2026-08-25,-0.0007969325224923551
2026-08-26,0.007727981283734531
2026-08-27,0.02262393942240748
2026-08-28,-0.006402955829924006
2026-08-31,0.007175018523326804
2026-09-01,-0.011767960664478605
2026-09-02,-0.016452207285850395
