date,bench_ew
2015-01-05,0.0
2015-01-06,0.0
2015-01-07,0.0
2015-01-08,0.0
2015-01-09,0.0
2015-01-12,0.0
2015-01-13,0.0
2015-01-14,0.0
2015-01-15,0.0
2015-01-16,0.0
2015-01-19,0.0
2015-01-20,0.0
2015-01-21,0.0
2015-01-22,0.0
2015-01-23,0.0
2015-01-26,0.0
2015-01-27,0.0
2015-01-28,0.0
2015-01-29,0.0
2015-01-30,0.0
2015-02-02,0.0
2015-02-03,0.0
2015-02-04,0.0
2015-02-05,0.0
2015-02-06,0.0
2015-02-09,0.0
2015-02-10,0.0
2015-02-11,0.0
2015-02-12,0.0
2015-02-13,0.0
2015-02-16,0.0
2015-02-17,0.0
2015-02-25,0.0
2015-02-26,0.0
2015-02-27,0.0
2015-03-02,0.0
2015-03-03,0.0
2015-03-04,0.0
2015-03-05,0.0
2015-03-06,0.0
2015-03-09,0.0
2015-03-10,0.0
2015-03-11,0.0
2015-03-12,0.0
2015-03-13,0.0
2015-03-16,0.0
2015-03-17,0.0
2015-03-18,0.0
2015-03-19,0.0
2015-03-20,0.0
2015-03-23,0.0
2015-03-24,0.0
2015-03-25,0.0
2015-03-26,0.0
2015-03-27,0.0
2015-03-30,0.0
2015-03-31,0.0
2015-04-01,0.0
2015-04-02,0.0
2015-04-03,0.0
2015-04-07,0.0
2015-04-08,0.0
2015-04-09,0.0
2015-04-10,0.0
2015-04-13,0.0
2015-04-14,0.0
2015-04-15,0.0
2015-04-16,0.0
2015-04-17,0.0
2015-04-20,0.0
2015-04-21,0.0
2015-04-22,0.0
2015-04-23,0.0
2015-04-24,0.0
2015-04-27,0.0
2015-04-28,0.0
2015-04-29,0.0
2015-04-30,0.0
2015-05-04,0.0
2015-05-05,0.0
2015-05-06,0.0
2015-05-07,0.0
2015-05-08,0.0
2015-05-11,0.0
2015-05-12,0.0
2015-05-13,0.0
2015-05-14,0.0
2015-05-15,0.0
2015-05-18,0.0
2015-05-19,0.0
2015-05-20,0.0
2015-05-21,0.0
2015-05-22,0.0
2015-05-25,0.0
2015-05-26,0.0
2015-05-27,0.0
2015-05-28,0.0
2015-05-29,0.0
2015-06-01,0.0
2015-06-02,0.0
2015-06-03,0.0
2015-06-04,0.0
2015-06-05,0.0
2015-06-08,0.0
2015-06-09,0.0
2015-06-10,0.0
2015-06-11,0.0
2015-06-12,0.0
2015-06-15,0.0
2015-06-16,0.0
2015-06-17,0.0
2015-06-18,0.0
2015-06-19,0.0
2015-06-23,0.0
2015-06-24,0.0
2015-06-25,0.0
2015-06-26,0.0
2015-06-29,0.0
2015-06-30,0.0
2015-07-01,0.0
2015-07-02,0.0
2015-07-03,0.0
2015-07-06,0.0
2015-07-07,0.0
2015-07-08,0.0
2015-07-09,0.0
2015-07-10,0.0
2015-07-13,0.0
2015-07-14,0.0
2015-07-15,0.0
2015-07-16,0.0
2015-07-17,0.0
2015-07-20,0.0
2015-07-21,0.0
2015-07-22,0.0
2015-07-23,0.0
2015-07-24,0.0
2015-07-27,0.0
2015-07-28,0.0
2015-07-29,0.0
2015-07-30,0.0
2015-07-31,0.0
2015-08-03,0.0
2015-08-04,0.0
2015-08-05,0.0
2015-08-06,0.0
2015-08-07,0.0
2015-08-10,0.0
2015-08-11,0.0
2015-08-12,0.0
2015-08-13,0.0
2015-08-14,0.0
2015-08-17,0.0
2015-08-18,0.0
2015-08-19,0.0
2015-08-20,0.0
2015-08-21,0.0
2015-08-24,0.0
2015-08-25,0.0
2015-08-26,0.0
2015-08-27,0.0
2015-08-28,0.0
2015-08-31,0.0
2015-09-01,0.0
2015-09-02,0.0
2015-09-07,0.0
2015-09-08,0.0
2015-09-09,0.0
2015-09-10,0.0
2015-09-11,0.0
2015-09-14,0.0
2015-09-15,0.0
2015-09-16,0.0
2015-09-17,0.0
2015-09-18,0.0
2015-09-21,0.0
2015-09-22,0.0
2015-09-23,0.0
2015-09-24,0.0
2015-09-25,0.0
2015-09-28,0.0
2015-09-29,0.0
2015-09-30,0.0
2015-10-08,0.0
2015-10-09,0.0
2015-10-12,0.0
2015-10-13,0.0
2015-10-14,0.0
2015-10-15,0.0
2015-10-16,0.0
2015-10-19,0.0
2015-10-20,0.0
2015-10-21,0.0
2015-10-22,0.0
2015-10-23,0.0
2015-10-26,0.0
2015-10-27,0.0
2015-10-28,0.0
2015-10-29,0.0
2015-10-30,0.0
2015-11-02,0.0
2015-11-03,0.0
2015-11-04,0.0
2015-11-05,0.0
2015-11-06,0.0
2015-11-09,0.0
2015-11-10,0.0
2015-11-11,0.0
2015-11-12,0.0
2015-11-13,0.0
2015-11-16,0.0
2015-11-17,0.0
2015-11-18,0.0
2015-11-19,0.0
2015-11-20,0.0
2015-11-23,0.0
2015-11-24,0.0
2015-11-25,0.0
2015-11-26,0.0
2015-11-27,0.0
2015-11-30,0.0
2015-12-01,0.0
2015-12-02,0.0
2015-12-03,0.0
2015-12-04,0.0
2015-12-07,0.0
2015-12-08,0.0
2015-12-09,0.0
2015-12-10,0.0
2015-12-11,0.0
2015-12-14,0.0
2015-12-15,0.0
2015-12-16,0.0
2015-12-17,0.0
2015-12-18,0.0
2015-12-21,0.0
2015-12-22,0.0
2015-12-23,0.0
2015-12-24,0.0
2015-12-25,0.0
2015-12-28,0.0
2015-12-29,0.0
2015-12-30,0.0
2015-12-31,0.0
2016-01-04,0.0
2016-01-05,0.0
2016-01-06,0.0
2016-01-07,0.0
2016-01-08,0.0
2016-01-11,0.0
2016-01-12,-0.0014330546
2016-01-13,-0.037704565
2016-01-14,0.034799162
2016-01-15,-0.043154523
2016-01-18,0.01678247
2016-01-19,0.041487444
2016-01-20,-0.009710231
2016-01-21,-0.041412536
2016-01-22,0.018660942
2016-01-25,0.015314377
2016-01-26,-0.07994004
2016-01-27,-0.0089929765
2016-01-28,-0.0468574
2016-01-29,0.039921872
2016-02-01,-0.015870316
2016-02-02,0.037197497
2016-02-03,0.005306098
2016-02-04,0.022471868
2016-02-05,-0.0108023435
2016-02-15,0.00041178762
2016-02-16,0.045086633
2016-02-17,0.016647864
2016-02-18,-0.0018778292
2016-02-19,0.0045462055
2016-02-22,0.02378327
2016-02-23,-0.0054587824
2016-02-24,0.007888415
2016-02-25,-0.0856421
2016-02-26,0.0028733062
2016-02-29,-0.059320945
2016-03-01,0.026613947
2016-03-02,0.05547606
2016-03-03,0.0027915533
2016-03-04,-0.031116746
2016-03-07,0.025723573
2016-03-08,0.005568087
2016-03-09,-0.026060063
2016-03-10,-0.01796784
2016-03-11,-0.0014179852
2016-03-14,0.037706256
2016-03-15,-0.0070591564
2016-03-16,-0.010930129
2016-03-17,0.036224294
2016-03-18,0.037758753
2016-03-21,0.028234117
2016-03-22,-0.0032251107
2016-03-23,0.009579786
2016-03-24,-0.017371044
2016-03-25,0.009257285
2016-03-28,-0.0069563086
2016-03-29,-0.020420568
2016-03-30,0.0392544
2016-03-31,0.0024451253
2016-04-01,-0.0038103997
2016-04-05,0.028819114
2016-04-06,0.0053459466
2016-04-07,-0.01760835
2016-04-08,-0.008956958
2016-04-11,0.023757195
2016-04-12,-0.007889046
2016-04-13,0.015042998
2016-04-14,0.010832642
2016-04-15,-0.00019769637
2016-04-18,-0.016456032
2016-04-19,0.003958831
2016-04-20,-0.050594933
2016-04-21,-0.011402533
2016-04-22,0.008942893
2016-04-25,-0.004804428
2016-04-26,0.013506451
2016-04-27,-0.0040224474
2016-04-28,-0.003658995
2016-04-29,-0.0011473479
2016-05-03,0.03199022
2016-05-04,8.6715954e-05
2016-05-05,0.0070226993
2016-05-06,-0.043493997
2016-05-09,-0.044614762
2016-05-10,-0.0019672005
2016-05-11,-0.006464764
2016-05-12,-0.0025844937
2016-05-13,-0.003015803
2016-05-16,0.02083467
2016-05-17,-0.0013542989
2016-05-18,-0.0329907
2016-05-19,0.007034458
2016-05-20,0.013260625
2016-05-23,0.016909098
2016-05-24,-0.010717638
2016-05-25,-0.002967478
2016-05-26,0.0057896352
2016-05-27,0.000181836
2016-05-30,-0.0056595267
2016-05-31,0.04715653
2016-06-01,0.008603341
2016-06-02,0.011970483
2016-06-03,0.0033557578
2016-06-06,0.0030217809
2016-06-07,0.0032018924
2016-06-08,-0.0026883688
2016-06-13,-0.055586357
2016-06-14,0.0054363017
2016-06-15,0.03861202
2016-06-16,0.0009637934
2016-06-17,0.0074235993
2016-06-20,0.004724365
2016-06-21,-0.013027464
2016-06-22,0.020574296
2016-06-23,-0.0042531076
2016-06-24,-0.009521471
2016-06-27,0.027495442
2016-06-28,0.011787856
2016-06-29,0.0009390588
2016-06-30,0.0006871448
2016-07-01,-0.0037556181
2016-07-04,0.02054965
2016-07-05,0.005010222
2016-07-06,0.0056049596
2016-07-07,0.0014855474
2016-07-08,-0.002521882
2016-07-11,-0.0055534313
2016-07-12,0.010135203
2016-07-13,0.007038235
2016-07-14,0.0015470806
2016-07-15,-0.00508777
2016-07-18,-0.004830222
2016-07-19,0.0057783956
2016-07-20,1.7284035e-05
2016-07-21,0.0011582639
2016-07-22,-0.008635899
2016-07-25,0.0009200108
2016-07-26,0.013094964
2016-07-27,-0.052413013
2016-07-28,-0.0028345457
2016-07-29,-0.009122018
2016-08-01,-0.01715794
2016-08-02,0.010529631
2016-08-03,0.004314663
2016-08-04,0.007517403
2016-08-05,-0.0070126676
2016-08-08,0.012465003
2016-08-09,0.011191234
2016-08-10,-0.003477897
2016-08-11,-0.017158091
2016-08-12,0.010132161
2016-08-15,0.023937412
2016-08-16,0.007407268
2016-08-17,0.0035817323
2016-08-18,-0.00016427052
2016-08-19,0.0020596979
2016-08-22,-0.014185076
2016-08-23,0.0008298304
2016-08-24,0.003713684
2016-08-25,-0.0071638436
2016-08-26,0.004014775
2016-08-29,0.0023235756
2016-08-30,-4.5865258e-05
2016-08-31,0.0011487874
2016-09-01,-0.008275158
2016-09-02,-0.0050558615
2016-09-05,0.0058590895
2016-09-06,0.016741894
2016-09-07,-0.00042113633
2016-09-08,0.004668147
2016-09-09,-0.008033166
2016-09-12,-0.03352185
2016-09-13,0.008870878
2016-09-14,-0.0054169265
2016-09-19,0.0128884325
2016-09-20,6.781003e-06
2016-09-21,0.0018877423
2016-09-22,0.006684589
2016-09-23,-0.0050203144
2016-09-26,-0.024455845
2016-09-27,0.008192653
2016-09-28,-0.0020524438
2016-09-29,0.0035222485
2016-09-30,0.0062367828
2016-10-10,0.022244178
2016-10-11,0.007230392
2016-10-12,7.1910305e-05
2016-10-13,0.002085831
2016-10-14,-0.0015408294
2016-10-17,-0.010600269
2016-10-18,0.017037515
2016-10-19,0.00074154086
2016-10-20,0.0031392428
2016-10-21,-0.0057542827
2016-10-24,0.008128406
2016-10-25,0.0049707433
2016-10-26,-0.0051956256
2016-10-27,0.00045389967
2016-10-28,-0.01180116
2016-10-31,-0.00039673236
2016-11-01,0.013000992
2016-11-02,-0.0059965965
2016-11-03,0.0077902745
2016-11-04,-0.0034543087
2016-11-07,0.00089837104
2016-11-08,0.006221743
2016-11-09,-0.007235703
2016-11-10,0.015210173
2016-11-11,0.005567661
2016-11-14,0.0026838025
2016-11-15,0.004953245
2016-11-16,-0.0004134714
2016-11-17,-0.0044101356
2016-11-18,-0.0031738086
2016-11-21,0.003349925
2016-11-22,0.010165281
2016-11-23,-0.008789375
2016-11-24,-0.0072501977
2016-11-25,-0.0006812308
2016-11-28,-0.0016399368
2016-11-29,-0.014550423
2016-11-30,-0.003698905
2016-12-01,0.0043075983
2016-12-02,-0.020347908
2016-12-05,-0.0071569216
2016-12-06,0.0040304256
2016-12-07,0.013794079
2016-12-08,-0.006134172
2016-12-09,-0.003811797
2016-12-12,-0.056886345
2016-12-13,0.0051786546
2016-12-14,-0.0056659705
2016-12-15,0.012406355
2016-12-16,0.011682157
2016-12-19,-0.00026966908
2016-12-20,-0.0010760522
2016-12-21,0.00916477
2016-12-22,-0.0006485677
2016-12-23,-0.014247877
2016-12-26,0.0052589606
2016-12-27,0.0034706849
2016-12-28,-0.0036397788
2016-12-29,-0.0031887928
2016-12-30,-0.0015964289
2017-01-03,0.0102720065
2017-01-04,0.014317802
2017-01-05,0.0017181046
2017-01-06,-0.008405436
2017-01-09,0.005808161
2017-01-10,-0.0033831908
2017-01-11,-0.012270798
2017-01-12,-0.010051744
2017-01-13,-0.01988957
2017-01-16,-0.044831246
2017-01-17,0.013166243
2017-01-18,-0.0032093707
2017-01-19,-0.0052031567
2017-01-20,0.017459473
2017-01-23,0.010988493
2017-01-24,-0.0039954223
2017-01-25,0.002294299
2017-01-26,0.0066149207
2017-02-03,-0.0026160863
2017-02-06,0.012719028
2017-02-07,0.002559026
2017-02-08,0.008362872
2017-02-09,0.009271832
2017-02-10,-0.002953716
2017-02-13,0.0065726503
2017-02-14,-0.0003583382
2017-02-15,-0.011431778
2017-02-16,0.007844774
2017-02-17,-0.010974348
2017-02-20,0.008409593
2017-02-21,0.010520967
2017-02-22,0.004227049
2017-02-23,-0.00225523
2017-02-24,0.0030431133
2017-02-27,-0.008435892
2017-02-28,0.0045808093
2017-03-01,0.0031779502
2017-03-02,-0.008917127
2017-03-03,0.0022991116
2017-03-06,0.012141224
2017-03-07,0.0019845157
2017-03-08,-0.00444545
2017-03-09,-0.007978305
2017-03-10,-0.00010429781
2017-03-13,0.007097956
2017-03-14,-0.0020732586
2017-03-15,-0.0021773954
2017-03-16,0.011647568
2017-03-17,-0.0077228276
2017-03-20,0.0031446775
2017-03-21,0.00050412334
2017-03-22,-0.0074818893
2017-03-23,6.164705e-05
2017-03-24,0.002170483
2017-03-27,-0.0007401637
2017-03-28,-0.0024918974
2017-03-29,-0.0075452314
2017-03-30,-0.025414705
2017-03-31,0.00085308234
2017-04-05,0.022903183
2017-04-06,0.0037404431
2017-04-07,0.00071381073
2017-04-10,-0.010637957
2017-04-11,0.009467351
2017-04-12,-0.013467018
2017-04-13,0.0038770693
2017-04-14,-0.017189696
2017-04-17,-0.02017874
2017-04-18,-0.010807582
2017-04-19,-0.013069829
2017-04-20,-0.0069331015
2017-04-21,-0.009060388
2017-04-24,-0.037628204
2017-04-25,0.0056686825
2017-04-26,0.006390906
2017-04-27,0.007285581
2017-04-28,0.008509985
2017-05-02,0.0036554402
2017-05-03,-0.0010826947
2017-05-04,-0.0027695848
2017-05-05,-0.015240738
2017-05-08,-0.025810713
2017-05-09,0.0071407547
2017-05-10,-0.021994306
2017-05-11,-0.005514208
2017-05-12,-0.0002210003
2017-05-15,0.004228454
2017-05-16,0.025515124
2017-05-17,0.005975594
2017-05-18,-0.007508186
2017-05-19,-0.0012310038
2017-05-22,-0.022598915
2017-05-23,-0.03627553
2017-05-24,0.0077975024
2017-05-25,0.010032756
2017-05-26,0.00066700124
2017-05-31,-0.0035213858
2017-06-01,-0.031900883
2017-06-02,0.014752521
2017-06-05,0.011699338
2017-06-06,0.0049756444
2017-06-07,0.025976995
2017-06-08,0.00032028867
2017-06-09,0.0013435816
2017-06-12,-0.017168252
2017-06-13,0.016785776
2017-06-14,0.0017528092
2017-06-15,0.013672558
2017-06-16,-0.0016414131
2017-06-19,0.0073281787
2017-06-20,0.0018007605
2017-06-21,0.0009723171
2017-06-22,-0.021260869
2017-06-23,0.0011918556
2017-06-26,0.013358009
2017-06-27,0.0020971436
2017-06-28,-0.007393392
2017-06-29,0.0045449617
2017-06-30,-0.00018388998
2017-07-03,0.009966872
2017-07-04,-0.0017592582
2017-07-05,0.008566131
2017-07-06,0.0022994794
2017-07-07,0.003620776
2017-07-10,-0.004673445
2017-07-11,-0.014344118
2017-07-12,-0.00015199052
2017-07-13,0.00018982642
2017-07-14,-0.005653472
2017-07-17,-0.05977746
2017-07-18,0.012350088
2017-07-19,0.016249098
2017-07-20,0.0061264965
2017-07-21,0.0007913202
2017-07-24,0.006817534
2017-07-25,-0.0018490549
2017-07-26,0.0017675969
2017-07-27,0.014877671
2017-07-28,-0.00013113118
2017-07-31,0.009706862
2017-08-01,0.00036742236
2017-08-02,-0.009631391
2017-08-03,0.004922402
2017-08-04,-0.0052016885
2017-08-07,0.009004608
2017-08-08,0.0040087732
2017-08-09,0.0037401114
2017-08-10,-0.009086584
2017-08-11,-0.018623365
2017-08-14,0.021782942
2017-08-15,0.00420846
2017-08-16,0.004858818
2017-08-17,0.010410466
2017-08-18,-0.004850312
2017-08-21,0.008500299
2017-08-22,-0.0074686343
2017-08-23,-0.00734143
2017-08-24,-0.007906638
2017-08-25,0.011373758
2017-08-28,0.012247303
2017-08-29,-0.0021145057
2017-08-30,0.0051358305
2017-08-31,0.003545125
2017-09-01,0.008679512
2017-09-04,0.0077294027
2017-09-05,-0.00032493784
2017-09-06,0.006129907
2017-09-07,-0.0056201424
2017-09-08,0.0028113392
2017-09-11,0.010308432
2017-09-12,-0.0025776785
2017-09-13,0.004656539
2017-09-14,-0.0012419433
2017-09-15,-0.006699399
2017-09-18,0.008060461
2017-09-19,-0.0053075976
2017-09-20,0.009635878
2017-09-21,-0.012597758
2017-09-22,-0.006076706
2017-09-25,-0.016340077
2017-09-26,0.0029888658
2017-09-27,0.008368812
2017-09-28,-0.00580371
2017-09-29,0.009183048
2017-10-09,0.013030403
2017-10-10,0.007202047
2017-10-11,-0.005313398
2017-10-12,-0.0026617358
2017-10-13,0.004324234
2017-10-16,-0.022595042
2017-10-17,-0.001387385
2017-10-18,-0.011479556
2017-10-19,-0.012049338
2017-10-20,0.013305482
2017-10-23,0.005908818
2017-10-24,-0.006286301
2017-10-25,0.006970422
2017-10-26,0.004552735
2017-10-27,-0.009198493
2017-10-30,-0.030158367
2017-10-31,0.0092972815
2017-11-01,0.00029245627
2017-11-02,-0.01343082
2017-11-03,-0.008633444
2017-11-06,0.012253255
2017-11-07,0.006198069
2017-11-08,0.0036350675
2017-11-09,0.006399821
2017-11-10,0.00091423834
2017-11-13,0.0006054574
2017-11-14,-0.0083159115
2017-11-15,-0.010917407
2017-11-16,-0.002052801
2017-11-17,-0.040440522
2017-11-20,0.0056321165
2017-11-21,0.00048922404
2017-11-22,0.00025550663
2017-11-23,-0.025513826
2017-11-24,0.0017461787
2017-11-27,-0.012885581
2017-11-28,0.017902022
2017-11-29,0.0018466514
2017-11-30,-0.007183108
2017-12-01,0.0103639085
2017-12-04,-0.012864243
2017-12-05,-0.029913224
2017-12-06,0.011893754
2017-12-07,-0.0014109632
2017-12-08,0.011990233
2017-12-11,0.013070661
2017-12-12,-0.011157174
2017-12-13,0.007999971
2017-12-14,0.0013348573
2017-12-15,-0.0033922407
2017-12-18,-0.007798807
2017-12-19,0.0076712696
2017-12-20,-0.011066926
2017-12-21,0.002216863
2017-12-22,-0.0027240796
2017-12-25,-0.015350953
2017-12-26,0.006233089
2017-12-27,-0.0059790057
2017-12-28,0.0026339823
2017-12-29,0.008758751
2018-01-02,0.010576465
2018-01-03,0.011934112
2018-01-04,0.0029982391
2018-01-05,-0.0010241222
2018-01-08,0.00053179346
2018-01-09,-0.00042006894
2018-01-10,-0.006552951
2018-01-11,0.0056191483
2018-01-12,-0.0064172205
2018-01-15,-0.028993813
2018-01-16,0.006305902
2018-01-17,-0.0024343682
2018-01-18,0.0017014655
2018-01-19,-0.0017977239
2018-01-22,0.010405971
2018-01-23,0.0021416305
2018-01-24,0.0074953693
2018-01-25,-0.0023291302
2018-01-26,-0.0015495147
2018-01-29,-0.014535644
2018-01-30,-0.003223252
2018-01-31,-0.027513927
2018-02-01,-0.044014394
2018-02-02,-0.0049208635
2018-02-05,-0.0055820774
2018-02-06,-0.05844803
2018-02-07,0.0048058745
2018-02-08,0.015313191
2018-02-09,-0.034633275
2018-02-12,0.028856996
2018-02-13,0.0024490424
2018-02-14,0.003205579
2018-02-22,0.021012409
2018-02-23,0.004295923
2018-02-26,0.024643483
2018-02-27,0.003412961
2018-02-28,0.0029935322
2018-03-01,0.015207763
2018-03-02,-0.0054216078
2018-03-05,0.0055039516
2018-03-06,0.011774752
2018-03-07,-0.00805042
2018-03-08,0.007829768
2018-03-09,0.017871909
2018-03-12,0.017163798
2018-03-13,-0.0048618144
2018-03-14,-0.011882124
2018-03-15,-0.004097481
2018-03-16,-0.0022806893
2018-03-19,0.0027609966
2018-03-20,0.002161671
2018-03-21,-0.006501061
2018-03-22,3.6237383e-05
2018-03-23,-0.057913333
2018-03-26,0.01637984
2018-03-27,0.027819932
2018-03-28,-0.0067229806
2018-03-29,0.0098648975
2018-03-30,0.016877512
2018-04-02,0.0046971315
2018-04-03,-0.010648565
2018-04-04,-0.007175583
2018-04-09,0.0025164085
2018-04-10,0.0019160424
2018-04-11,0.006570509
2018-04-12,-0.00562475
2018-04-13,-0.0027784028
2018-04-16,-0.004416917
2018-04-17,-0.024540428
2018-04-18,0.013361357
2018-04-19,0.0046439576
2018-04-20,-0.024053283
2018-04-23,-0.009185034
2018-04-24,0.024655016
2018-04-25,0.00556951
2018-04-26,-0.020739347
2018-04-27,0.0015687123
2018-05-02,-0.005818017
2018-05-03,0.011532829
2018-05-04,-0.00174891
2018-05-07,0.020229945
2018-05-08,0.00806136
2018-05-09,0.0005968644
2018-05-10,0.005987244
2018-05-11,-0.012476727
2018-05-14,-0.0071881297
2018-05-15,0.012110963
2018-05-16,-0.0055675427
2018-05-17,-0.0033963902
2018-05-18,0.0052487324
2018-05-21,0.014304015
2018-05-22,0.005094403
2018-05-23,-0.012038487
2018-05-24,-0.001717612
2018-05-25,-0.009943429
2018-05-28,-0.008638346
2018-05-29,-0.00984935
2018-05-30,-0.04075673
2018-05-31,0.01789967
2018-06-01,-0.01143821
2018-06-04,-0.003299757
2018-06-05,0.019049928
2018-06-06,0.0026930533
2018-06-07,-0.009072852
2018-06-08,-0.01090582
2018-06-11,-0.007512877
2018-06-12,0.009006552
2018-06-13,-0.019299908
2018-06-14,-0.004300001
2018-06-15,-0.026369017
2018-06-19,-0.07474408
2018-06-20,0.01309054
2018-06-21,-0.02824543
2018-06-22,0.016861716
2018-06-25,-0.0033683565
2018-06-26,0.011788665
2018-06-27,-0.0063846684
2018-06-28,-0.011782813
2018-06-29,0.032946005
2018-07-02,-0.012424929
2018-07-03,0.01656437
2018-07-04,-0.018958297
2018-07-05,-0.028841132
2018-07-06,0.00510591
2018-07-09,0.022970231
2018-07-10,0.008926987
2018-07-11,-0.025485452
2018-07-12,0.028361078
2018-07-13,0.002951146
2018-07-16,0.0006954423
2018-07-17,0.003501198
2018-07-18,-0.005959929
2018-07-19,-0.01215228
2018-07-20,0.01169835
2018-07-23,0.008065584
2018-07-24,0.017150704
2018-07-25,0.0021112256
2018-07-26,-0.002603143
2018-07-27,-0.007253314
2018-07-30,-0.016622802
2018-07-31,0.00033030895
2018-08-01,-0.016318416
2018-08-02,-0.026384864
2018-08-03,-0.013363505
2018-08-06,-0.020995097
2018-08-07,0.028004482
2018-08-08,-0.015643666
2018-08-09,0.023515217
2018-08-10,0.0068348567
2018-08-13,0.0037796353
2018-08-14,-0.0012034245
2018-08-15,-0.019902749
2018-08-16,-0.010926192
2018-08-17,-0.019291291
2018-08-20,0.006205654
2018-08-21,0.011744199
2018-08-22,-0.012117166
2018-08-23,0.0067137885
2018-08-24,-0.0033034189
2018-08-27,0.021879142
2018-08-28,0.0016125474
2018-08-29,-0.005597709
2018-08-30,-0.017349394
2018-08-31,-0.011022317
2018-09-03,0.0006091414
2018-09-04,0.013506585
2018-09-05,-0.013959433
2018-09-06,-0.0032894628
2018-09-07,0.00281072
2018-09-10,-0.020337302
2018-09-11,0.0029677805
2018-09-12,-0.000121405
2018-09-13,0.00912648
2018-09-14,-0.01335528
2018-09-17,-0.017255459
2018-09-18,0.021255493
2018-09-19,0.013258005
2018-09-20,-0.0010754472
2018-09-21,0.011863021
2018-09-25,-0.0034111664
2018-09-26,0.0052462737
2018-09-27,-0.019341974
2018-09-28,0.009299067
2018-10-08,-0.038482796
2018-10-09,0.002757628
2018-10-10,0.0022432914
2018-10-11,-0.073301576
2018-10-12,-0.005517493
2018-10-15,-0.013303031
2018-10-16,-0.019832365
2018-10-17,0.009133596
2018-10-18,-0.03320592
2018-10-19,0.023015045
2018-10-22,0.050441016
2018-10-23,-0.013166394
2018-10-24,0.0006439013
2018-10-25,-0.006564495
2018-10-26,0.0012640484
2018-10-29,-0.015564268
2018-10-30,0.012162635
2018-10-31,0.015455256
2018-11-01,0.0074843136
2018-11-02,0.029829444
2018-11-05,0.008603914
2018-11-06,-0.002527055
2018-11-07,-0.0024099366
2018-11-08,-0.0020362935
2018-11-09,-0.0022772201
2018-11-12,0.02927725
2018-11-13,0.019424569
2018-11-14,-0.0004391038
2018-11-15,0.018698227
2018-11-16,0.0108206915
2018-11-19,0.004455697
2018-11-20,-0.027177006
2018-11-21,0.007641555
2018-11-22,0.00066300656
2018-11-23,-0.04521361
2018-11-26,-0.001949401
2018-11-27,0.0078069684
2018-11-28,0.011623249
2018-11-29,-0.025939848
2018-11-30,0.007076052
2018-12-03,0.03194391
2018-12-04,0.008915815
2018-12-05,-0.008415631
2018-12-06,-0.01850245
2018-12-07,0.0011954893
2018-12-10,-0.012632897
2018-12-11,0.010041439
2018-12-12,2.7960676e-05
2018-12-13,0.0088817
2018-12-14,-0.026569583
2018-12-17,0.0012423198
2018-12-18,-0.0065198774
2018-12-19,-0.012100189
2018-12-20,0.005672763
2018-12-21,-0.0077206013
2018-12-24,0.008566244
2018-12-25,-0.010866047
2018-12-26,-0.002409258
2018-12-27,-0.016986001
2018-12-28,0.0007587213
2019-01-02,-0.0021555922
2019-01-03,-0.0067888466
2019-01-04,0.02622676
2019-01-07,0.020717457
2019-01-08,-0.0014611704
2019-01-09,0.003125932
2019-01-10,-0.002114463
2019-01-11,0.0073365797
2019-01-14,-0.0070356275
2019-01-15,0.011856419
2019-01-16,-0.003477534
2019-01-17,-0.010238215
2019-01-18,0.0038010697
2019-01-21,0.006169666
2019-01-22,-0.010580446
2019-01-23,0.0011012
2019-01-24,0.0043760277
2019-01-25,-0.010255828
2019-01-28,-0.010008431
2019-01-29,-0.023214338
2019-01-30,-0.018500097
2019-01-31,-0.020959089
2019-02-01,0.03064369
2019-02-11,0.02997205
2019-02-12,0.015769633
2019-02-13,0.01884666
2019-02-14,0.0063659
2019-02-15,-7.622944e-06
2019-02-18,0.03635846
2019-02-19,0.005959016
2019-02-20,0.0021071604
2019-02-21,-0.0017032409
2019-02-22,0.025359359
2019-02-25,0.052366465
2019-02-26,-0.0030313442
2019-02-27,-0.0016519281
2019-02-28,0.0025016482
2019-03-01,0.006499466
2019-03-04,0.020227948
2019-03-05,0.030540643
2019-03-06,0.022131821
2019-03-07,0.017368859
2019-03-08,-0.044801187
2019-03-11,0.0432022
2019-03-12,0.020775173
2019-03-13,-0.020598996
2019-03-14,-0.030361207
2019-03-15,0.014156618
2019-03-18,0.021618651
2019-03-19,0.004707147
2019-03-20,-0.00029902565
2019-03-21,0.012208924
2019-03-22,0.0040945644
2019-03-25,-0.010008186
2019-03-26,-0.02715373
2019-03-27,0.0058553475
2019-03-28,-0.014159895
2019-03-29,0.027423324
2019-04-01,0.036550224
2019-04-02,0.005940299
2019-04-03,0.010657766
2019-04-04,0.0031669803
2019-04-08,-0.004664049
2019-04-09,0.0049446654
2019-04-10,-0.0020371035
2019-04-11,-0.017639788
2019-04-12,-0.0007886997
2019-04-15,-0.008318265
2019-04-16,0.020950016
2019-04-17,0.008492766
2019-04-18,-0.006121649
2019-04-19,0.0075541046
2019-04-22,-0.012663487
2019-04-23,-0.01829642
2019-04-24,0.010515189
2019-04-25,-0.04104369
2019-04-26,-0.01203132
2019-04-29,-0.037833665
2019-04-30,0.010142211
2019-05-06,-0.074845396
2019-05-07,0.013940506
2019-05-08,-0.0016856369
2019-05-09,-0.008858029
2019-05-10,0.035480894
2019-05-13,-0.0061799814
2019-05-14,-0.0066755046
2019-05-15,0.022129416
2019-05-16,0.0067977183
2019-05-17,-0.034751
2019-05-20,-0.0035210692
2019-05-21,0.017069243
2019-05-22,-0.0053254883
2019-05-23,-0.023056043
2019-05-24,-0.008759192
2019-05-27,0.027693145
2019-05-28,0.00145111
2019-05-29,0.00339294
2019-05-30,-0.007259391
2019-05-31,-0.00057165284
2019-06-03,-0.0145149315
2019-06-04,-0.015896417
2019-06-05,0.001320589
2019-06-06,-0.024516916
2019-06-10,0.011795853
2019-06-11,0.03602458
2019-06-12,-0.0036893932
2019-06-13,0.007319901
2019-06-14,-0.022324579
2019-06-17,0.00022396853
2019-06-18,-0.0011834514
2019-06-19,0.014261542
2019-06-20,0.0150530245
2019-06-21,0.019067302
2019-06-24,-0.00051167334
2019-06-25,-0.009456969
2019-06-26,-0.0008496712
2019-06-27,0.0070279115
2019-06-28,-0.013817306
2019-07-01,0.029295145
2019-07-02,-0.0004558994
2019-07-03,-0.010043105
2019-07-04,-0.0041091456
2019-07-05,0.0028116838
2019-07-08,-0.034622952
2019-07-09,0.004307423
2019-07-10,-0.0066147693
2019-07-11,0.0003032022
2019-07-12,0.002122889
2019-07-15,0.009655913
2019-07-16,0.002820157
2019-07-17,0.00039237208
2019-07-18,-0.018048443
2019-07-19,0.0055744154
2019-07-22,-0.028737526
2019-07-23,0.013527111
2019-07-24,0.012768782
2019-07-25,0.0029280582
2019-07-26,0.0003005658
2019-07-29,-0.00028139824
2019-07-30,0.0046867975
2019-07-31,-0.006521227
2019-08-01,-0.003001019
2019-08-02,-0.0153696835
2019-08-05,-0.0100274505
2019-08-06,-0.028038349
2019-08-07,-0.003929584
2019-08-08,0.007101374
2019-08-09,-0.012243806
2019-08-12,0.018745087
2019-08-13,-0.004857179
2019-08-14,0.0065429797
2019-08-15,0.0044500823
2019-08-16,0.0039657243
2019-08-19,0.032460857
2019-08-20,0.0031806787
2019-08-21,0.0012405156
2019-08-22,0.0049110777
2019-08-23,-0.003892394
2019-08-26,-0.006722773
2019-08-27,0.019028459
2019-08-28,-0.0018934181
2019-08-29,0.0006506064
2019-08-30,-0.016214287
2019-09-02,0.0256289
2019-09-03,0.00861029
2019-09-04,0.007732115
2019-09-05,0.010358299
2019-09-06,0.004882446
2019-09-09,0.024077013
2019-09-10,0.0024213225
2019-09-11,-0.0068232734
2019-09-12,0.005913194
2019-09-16,0.004903453
2019-09-17,-0.023402661
2019-09-18,0.0005496417
2019-09-19,0.01162522
2019-09-20,4.7024016e-05
2019-09-23,-0.007332196
2019-09-24,0.0022265532
2019-09-25,-0.020866046
2019-09-26,-0.03315968
2019-09-27,0.010406274
2019-09-30,-0.013092367
2019-10-08,0.0013774072
2019-10-09,0.010458268
2019-10-10,0.013714007
2019-10-11,0.00076172384
2019-10-14,0.01622471
2019-10-15,-0.013946377
2019-10-16,-0.006146624
2019-10-17,-0.0012615343
2019-10-18,-0.013047228
2019-10-21,-0.004139335
2019-10-22,0.012183882
2019-10-23,-0.0072442987
2019-10-24,-0.002015335
2019-10-25,0.0061534797
2019-10-28,0.022302361
2019-10-29,-0.015823597
2019-10-30,-0.013433579
2019-10-31,-0.012746008
2019-11-01,0.010224482
2019-11-04,0.0038085543
2019-11-05,0.0013226359
2019-11-06,-0.010294767
2019-11-07,0.00765006
2019-11-08,-0.0024346088
2019-11-11,-0.02438592
2019-11-12,0.0041156188
2019-11-13,-0.003283316
2019-11-14,0.007385082
2019-11-15,-0.013220461
2019-11-18,0.007844128
2019-11-19,0.019515108
2019-11-20,-0.006170826
2019-11-21,-0.0008444542
2019-11-22,-0.013006728
2019-11-25,-0.011736794
2019-11-26,-0.00044091576
2019-11-27,-0.00051885453
2019-11-28,-0.0033539305
2019-11-29,0.00063816743
2019-12-02,0.002248148
2019-12-03,0.0070147673
2019-12-04,0.0009819686
2019-12-05,0.012549652
2019-12-06,0.008613798
2019-12-09,0.004182933
2019-12-10,0.0069594383
2019-12-11,-0.0036396445
2019-12-12,-0.0004128636
2019-12-13,0.010308208
2019-12-16,0.01951069
2019-12-17,0.012093835
2019-12-18,0.0031581272
2019-12-19,0.0059621977
2019-12-20,-0.012578559
2019-12-23,-0.023817845
2019-12-24,0.016814526
2019-12-25,0.00569084
2019-12-26,0.008353396
2019-12-27,-0.009358026
2019-12-30,0.0027858366
2019-12-31,0.0051178928
2020-01-02,0.021929545
2020-01-03,0.0053995587
2020-01-06,0.009349566
2020-01-07,0.01485373
2020-01-08,-0.014283065
2020-01-09,0.01708407
2020-01-10,-0.003470052
2020-01-13,0.012808879
2020-01-14,-0.0018055056
2020-01-15,-0.0024991338
2020-01-16,-0.002781052
2020-01-17,-0.004175561
2020-01-20,0.010314633
2020-01-21,-0.012621394
2020-01-22,0.0027782694
2020-01-23,-0.035731286
2020-02-03,-0.08297105
2020-02-04,-0.0029660605
2020-02-05,0.027051931
2020-02-06,0.027277408
2020-02-07,0.01128722
2020-02-10,0.013820307
2020-02-11,-0.005979237
2020-02-12,0.01681754
2020-02-13,-0.00894525
2020-02-14,0.002248486
2020-02-17,0.03347757
2020-02-18,0.017683672
2020-02-19,-0.0060515404
2020-02-20,0.018180845
2020-02-21,0.011751651
2020-02-24,0.015385977
2020-02-25,0.0009458107
2020-02-26,-0.018203003
2020-02-27,0.0020646597
2020-02-28,-0.052525673
2020-03-02,0.03991571
2020-03-03,0.012024757
2020-03-04,0.0073999837
2020-03-05,0.017028967
2020-03-06,-0.0025273988
2020-03-09,-0.03281041
2020-03-10,0.021619763
2020-03-11,-0.009945959
2020-03-12,-0.018481128
2020-03-13,-0.011541224
2020-03-16,-0.04072951
2020-03-17,-0.0032564206
2020-03-18,-0.016284417
2020-03-19,0.007999026
2020-03-20,0.012640751
2020-03-23,-0.038408767
2020-03-24,0.018084904
2020-03-25,0.02295961
2020-03-26,-0.010163559
2020-03-27,-0.005306985
2020-03-30,-0.02160687
2020-03-31,-0.00015450042
2020-04-01,-0.0052398695
2020-04-02,0.021683637
2020-04-03,-0.004864599
2020-04-07,0.03166589
2020-04-08,0.0036302307
2020-04-09,0.009202619
2020-04-10,-0.023793101
2020-04-13,-0.008298425
2020-04-14,0.017992985
2020-04-15,-0.006078946
2020-04-16,0.0047766673
2020-04-17,-0.0006749715
2020-04-20,0.011647948
2020-04-21,-0.004593687
2020-04-22,0.00922543
2020-04-23,-0.004439526
2020-04-24,-0.018791892
2020-04-27,-0.006784911
2020-04-28,-0.019012183
2020-04-29,-0.002168613
2020-04-30,0.021941986
2020-05-06,0.01835226
2020-05-07,-0.002431392
2020-05-08,0.010785034
2020-05-11,2.1007761e-05
2020-05-12,-0.00023626836
2020-05-13,0.0055124317
2020-05-14,-0.008384127
2020-05-15,0.002149913
2020-05-18,-0.005248163
2020-05-19,0.011175707
2020-05-20,-0.008802591
2020-05-21,-0.011236755
2020-05-22,-0.016868515
2020-05-25,-0.0022657071
2020-05-26,0.021546226
2020-05-27,-0.0040931087
2020-05-28,-0.0034775613
2020-05-29,0.007867254
2020-06-01,0.030180633
2020-06-02,0.003669256
2020-06-03,0.0012367765
2020-06-04,0.002334006
2020-06-05,-0.00043921729
2020-06-08,-0.00190461
2020-06-09,0.005330336
2020-06-10,-0.0012523452
2020-06-11,-0.0026456036
2020-06-12,0.0010070517
2020-06-15,-0.00086065027
2020-06-16,0.017770866
2020-06-17,0.0048807543
2020-06-18,-0.0021371327
2020-06-19,0.005281183
2020-06-22,0.0031709892
2020-06-23,0.0004934624
2020-06-24,-0.0032067185
2020-06-29,-0.0043872786
2020-06-30,0.01630435
2020-07-01,0.004102835
2020-07-02,0.011541539
2020-07-03,0.009698744
2020-07-06,0.036079746
2020-07-07,0.012848308
2020-07-08,0.021901798
2020-07-09,0.026859827
2020-07-10,-0.0047527277
2020-07-13,0.033023536
2020-07-14,-0.0069457204
2020-07-15,-0.02674204
2020-07-16,-0.046552587
2020-07-17,0.0006793345
2020-07-20,0.033155017
2020-07-21,0.004906714
2020-07-22,0.0068002674
2020-07-23,-0.0019052124
2020-07-24,-0.042828705
2020-07-27,0.00061442895
2020-07-28,0.010637083
2020-07-29,0.025928989
2020-07-30,-0.0012976659
2020-07-31,0.012862433
2020-08-03,0.029699644
2020-08-04,-0.006497192
2020-08-05,0.010477208
2020-08-06,-0.0009712371
2020-08-07,-0.012246385
2020-08-10,0.005374676
2020-08-11,-0.019052982
2020-08-12,-0.008949137
2020-08-13,0.0042538056
2020-08-14,0.008133017
2020-08-17,0.020376634
2020-08-18,0.00862442
2020-08-19,-0.016238196
2020-08-20,-0.011984402
2020-08-21,0.006375893
2020-08-24,0.007835526
2020-08-25,-0.0021848022
2020-08-26,-0.02109336
2020-08-27,0.011489442
2020-08-28,0.011007287
2020-08-31,0.001419762
2020-09-01,0.0063755177
2020-09-02,0.006613301
2020-09-03,-0.010000949
2020-09-04,0.0013684034
2020-09-07,-0.01122552
2020-09-08,0.009696521
2020-09-09,-0.030110743
2020-09-10,-0.03746689
2020-09-11,0.015808998
2020-09-14,0.018036218
2020-09-15,0.0034157343
2020-09-16,-0.008105437
2020-09-17,0.0019071782
2020-09-18,0.01392587
2020-09-21,-0.0011774867
2020-09-22,-0.01452576
2020-09-23,0.006303329
2020-09-24,-0.027332846
2020-09-25,-0.0048026997
2020-09-28,-0.013864075
2020-09-29,0.009023917
2020-09-30,-0.0015612313
2020-10-09,0.03111901
2020-10-12,0.03200636
2020-10-13,0.005257856
2020-10-14,-0.0061679757
2020-10-15,-0.008559519
2020-10-16,-0.0002765108
2020-10-19,-0.005350421
2020-10-20,0.01143478
2020-10-21,-0.013548302
2020-10-22,-0.0027870412
2020-10-23,-0.015350748
2020-10-26,0.0035913237
2020-10-27,0.0014555479
2020-10-28,0.0023692169
2020-10-29,-0.0018904106
2020-10-30,-0.02798576
2020-11-02,0.004454281
2020-11-03,0.019469868
2020-11-04,-0.0021854409
2020-11-05,0.01828708
2020-11-06,-0.012027956
2020-11-09,0.022451948
2020-11-10,-0.010651286
2020-11-11,-0.016366644
2020-11-12,0.0017198728
2020-11-13,3.6161964e-05
2020-11-16,0.0070498334
2020-11-17,-0.009290283
2020-11-18,0.0033754162
2020-11-19,0.0049461345
2020-11-20,0.0060130395
2020-11-23,0.0025323788
2020-11-24,1.3554807e-05
2020-11-25,-0.014805726
2020-11-26,-0.0062117837
2020-11-27,-0.0009606333
2020-11-30,-0.003220606
2020-12-01,0.01431447
2020-12-02,0.0011462544
2020-12-03,-0.00257114
2020-12-04,0.0031234894
2020-12-07,-0.004140407
2020-12-08,-0.0007625691
2020-12-09,-0.019346392
2020-12-10,-0.00033054134
2020-12-11,-0.016280841
2020-12-14,0.008257143
2020-12-15,0.0001438334
2020-12-16,-0.0112521965
2020-12-17,0.010049435
2020-12-18,-0.0037192034
2020-12-21,0.0134260785
2020-12-22,-0.020813491
2020-12-23,0.007504745
2020-12-24,-0.017588349
2020-12-25,0.008751279
2020-12-28,-0.008796146
2020-12-29,-0.005184376
2020-12-30,0.0058979006
2020-12-31,0.014963697
2021-01-04,0.017652515
2021-01-05,-0.00018257253
2021-01-06,-0.01289194
2021-01-07,-0.021675961
2021-01-08,-0.0024382772
2021-01-11,-0.02149347
2021-01-12,0.009559926
2021-01-13,-0.013536852
2021-01-14,-0.00068317377
2021-01-15,0.010300826
2021-01-18,0.018566739
2021-01-19,0.00042375855
2021-01-20,0.0053091543
2021-01-21,0.008858761
2021-01-22,-0.008852352
2021-01-25,-0.012173877
2021-01-26,-0.012105241
2021-01-27,0.0004976744
2021-01-28,-0.015424823
2021-01-29,-0.015912756
2021-02-01,0.0037619623
2021-02-02,0.0055253217
2021-02-03,-0.01551035
2021-02-04,-0.0189099
2021-02-05,-0.015958637
2021-02-08,0.0022442925
2021-02-09,0.020884335
2021-02-10,0.0073272027
2021-02-18,0.025018383
2021-02-19,0.025871176
2021-02-22,0.0067492477
2021-02-23,-0.006445676
2021-02-24,-0.0016755915
2021-02-25,-0.0076457146
2021-02-26,-0.0057007554
2021-03-01,0.02370235
2021-03-02,-0.0064202985
2021-03-03,0.0136748
2021-03-04,-0.011756909
2021-03-05,0.0069684973
2021-03-08,-0.015515943
2021-03-09,-0.027470097
2021-03-10,-0.010937824
2021-03-11,0.02235025
2021-03-12,0.00046863715
2021-03-15,-0.003954
2021-03-16,0.012164434
2021-03-17,0.0052433256
2021-03-18,0.00032791405
2021-03-19,-0.0062491344
2021-03-22,0.016103143
2021-03-23,-0.012596633
2021-03-24,-0.010283532
2021-03-25,-0.0021202434
2021-03-26,0.014642384
2021-03-29,0.0010572595
2021-03-30,-0.0065485607
2021-03-31,7.501536e-05
2021-04-01,0.003320512
2021-04-02,0.0028904937
2021-04-06,0.010125975
2021-04-07,0.004457314
2021-04-08,-0.006210257
2021-04-09,-0.0007462928
2021-04-12,-0.015036841
2021-04-13,-0.0070157573
2021-04-14,0.011199353
2021-04-15,-0.0034170789
2021-04-16,0.015167641
2021-04-19,0.014167077
2021-04-20,-0.0032920872
2021-04-21,-0.0031403839
2021-04-22,0.00366301
2021-04-23,-0.006151958
2021-04-26,-0.0045644436
2021-04-27,-0.006410919
2021-04-28,0.0029838888
2021-04-29,-0.0028339308
2021-04-30,-0.006271736
2021-05-06,0.004184051
2021-05-07,-0.0053097093
2021-05-10,0.0071715205
2021-05-11,0.0022205957
2021-05-12,0.011608375
2021-05-13,-0.005618819
2021-05-14,0.011981459
2021-05-17,-0.0071123005
2021-05-18,0.0056743487
2021-05-19,-0.00023414553
2021-05-20,-0.003123797
2021-05-21,0.0014753443
2021-05-24,0.0065483977
2021-05-25,0.0095325345
2021-05-26,0.0058158403
2021-05-27,0.008684485
2021-05-28,-0.0024751304
2021-05-31,0.014084226
2021-06-01,0.007701869
2021-06-02,-0.010033499
2021-06-03,-0.0017422208
2021-06-04,0.0016909986
2021-06-07,0.00951562
2021-06-08,-0.001958943
2021-06-09,0.003105103
2021-06-10,0.0066160583
2021-06-11,-0.007971171
2021-06-15,-0.0074046613
2021-06-16,-0.013338164
2021-06-17,0.009970959
2021-06-18,0.010044041
2021-06-21,0.01318248
2021-06-22,0.0048093423
2021-06-23,0.0056540365
2021-06-24,-0.008116197
2021-06-25,0.0035629207
2021-06-28,0.0071526496
2021-06-29,-0.007926087
2021-06-30,0.008957347
2021-07-01,-0.01660648
2021-07-02,-0.0037695917
2021-07-05,0.015222263
2021-07-06,-0.0004258365
2021-07-07,0.009654617
2021-07-08,-0.0021294076
2021-07-09,0.006747727
2021-07-12,0.015987754
2021-07-13,0.0075541926
2021-07-14,-0.008623721
2021-07-15,-0.004478965
2021-07-16,-0.00044114442
2021-07-19,-0.00074431015
2021-07-20,0.0051276935
2021-07-21,0.015084966
2021-07-22,0.0064951084
2021-07-23,-0.010060612
2021-07-26,-0.014137052
2021-07-27,-0.02284606
2021-07-28,-0.024086135
2021-07-29,0.031382557
2021-07-30,0.010653846
2021-08-02,0.01990707
2021-08-03,-0.0059829527
2021-08-04,0.015491213
2021-08-05,-0.00825633
2021-08-06,0.0025377132
2021-08-09,0.008711546
2021-08-10,0.010887287
2021-08-11,0.007267595
2021-08-12,0.003917475
2021-08-13,-0.00042767724
2021-08-16,-0.0036747681
2021-08-17,-0.027699249
2021-08-18,0.007377185
2021-08-19,-0.00028654575
2021-08-20,-0.0033955846
2021-08-23,0.026500722
2021-08-24,0.004843698
2021-08-25,0.0072259596
2021-08-26,-0.007820142
2021-08-27,-0.0009795654
2021-08-30,0.0044427197
2021-08-31,-0.0023378064
2021-09-01,-0.008798569
2021-09-02,0.012196297
2021-09-03,-0.0012010061
2021-09-06,0.01187334
2021-09-07,0.013066738
2021-09-08,0.006457728
2021-09-09,-0.00078919536
2021-09-10,-0.0036859885
2021-09-13,0.004175539
2021-09-14,-0.0074839294
2021-09-15,0.007719085
2021-09-16,-0.01688809
2021-09-17,-0.0021606607
2021-09-22,0.004639476
2021-09-23,0.0050055804
2021-09-24,-0.01667741
2021-09-27,-0.028622536
2021-09-28,0.003442386
2021-09-29,-0.030959519
2021-09-30,0.023360208
2021-10-08,0.010431986
2021-10-11,-0.0041913213
2021-10-12,-0.018822804
2021-10-13,0.0023838321
2021-10-14,0.007359371
2021-10-15,-0.0055192667
2021-10-18,0.00999551
2021-10-19,0.0070518022
2021-10-20,0.0003575263
2021-10-21,-0.004192127
2021-10-22,-0.009931618
2021-10-25,0.010684606
2021-10-26,-0.0032690489
2021-10-27,-0.013827172
2021-10-28,-0.018711826
2021-10-29,0.015246211
2021-11-01,0.013333665
2021-11-02,-0.01198145
2021-11-03,0.0058667986
2021-11-04,0.014686693
2021-11-05,-0.008511318
2021-11-08,0.0056491466
2021-11-09,0.010819201
2021-11-10,0.0047641546
2021-11-11,0.008532949
2021-11-12,0.010325333
2021-11-15,0.0051559643
2021-11-16,-0.0076705413
2021-11-17,0.015150239
2021-11-18,-0.0050320746
2021-11-19,0.0111996345
2021-11-22,0.011607357
2021-11-23,0.0028455234
2021-11-24,0.002149396
2021-11-25,-0.0010616571
2021-11-26,-0.0006300223
2021-11-29,0.0019878703
2021-11-30,0.006837234
2021-12-01,0.0076406407
2021-12-02,-0.012533838
2021-12-03,0.0051078945
2021-12-06,-0.013330729
2021-12-07,-0.00968557
2021-12-08,0.014938451
2021-12-09,0.0035251067
2021-12-10,0.00354797
2021-12-13,0.0055663395
2021-12-14,0.004147298
2021-12-15,0.00010154123
2021-12-16,0.008382121
2021-12-17,-0.008740299
2021-12-20,-0.013722235
2021-12-21,0.013015984
2021-12-22,0.005764743
2021-12-23,-0.002134098
2021-12-24,-0.017596267
2021-12-27,0.002908251
2021-12-28,0.0068385787
2021-12-29,-0.0021648952
2021-12-30,0.010152413
2021-12-31,0.005605003
2022-01-04,0.008011121
2022-01-05,-0.017367203
2022-01-06,0.008708872
2022-01-07,-0.019078579
2022-01-10,0.006811276
2022-01-11,-0.007289171
2022-01-12,0.015131463
2022-01-13,-0.01149135
2022-01-14,-0.00025227363
2022-01-17,0.016699877
2022-01-18,-0.012636202
2022-01-19,-0.0024860739
2022-01-20,-0.024152832
2022-01-21,-0.012081869
2022-01-24,0.00047180193
2022-01-25,-0.04015277
2022-01-26,0.0051739854
2022-01-27,-0.033051375
2022-01-28,0.010681028
2022-02-07,0.011681778
2022-02-08,0.011437612
2022-02-09,0.017279934
2022-02-10,-0.0040441095
2022-02-11,-0.020808572
2022-02-14,0.00066285033
2022-02-15,0.0070678727
2022-02-16,0.010162141
2022-02-17,-0.0024043547
2022-02-18,0.0068297302
2022-02-21,0.015669143
2022-02-22,-0.01029843
2022-02-23,0.017797105
2022-02-24,-0.022949044
2022-02-25,0.009292336
2022-02-28,0.0018828595
2022-03-01,0.007477535
2022-03-02,0.0035584557
2022-03-03,-0.005026435
2022-03-04,-0.012355079
2022-03-07,-0.015798036
2022-03-08,-0.030403143
2022-03-09,-0.00993422
2022-03-10,0.018288128
2022-03-11,0.006690805
2022-03-14,-0.027209427
2022-03-15,-0.047393147
2022-03-16,0.03291891
2022-03-17,0.01955592
2022-03-18,0.011671788
2022-03-21,0.012412598
2022-03-22,-0.0030411605
2022-03-23,0.0037789047
2022-03-24,-0.011590492
2022-03-25,-0.0058172024
2022-03-28,-0.0036103295
2022-03-29,-0.007932804
2022-03-30,0.016771391
2022-03-31,-0.0039291987
2022-04-01,-0.001853735
2022-04-06,0.007453781
2022-04-07,-0.02380891
2022-04-08,-0.006513998
2022-04-11,-0.028926443
2022-04-12,0.016979387
2022-04-13,-0.020786483
2022-04-14,0.009536385
2022-04-15,-0.017055139
2022-04-18,0.0056346557
2022-04-19,0.0041880035
2022-04-20,-0.012185676
2022-04-21,-0.03886298
2022-04-22,-0.012838916
2022-04-25,-0.073345006
2022-04-26,-0.030171683
2022-04-27,0.03333629
2022-04-28,-0.014715506
2022-04-29,0.042533085
2022-05-05,0.01650788
2022-05-06,-0.011709978
2022-05-09,0.014773052
2022-05-10,0.016864158
2022-05-11,0.004501534
2022-05-12,0.006972611
2022-05-13,0.006155432
2022-05-16,0.002672807
2022-05-17,-0.00060465717
2022-05-18,0.006076553
2022-05-19,0.0072728535
2022-05-20,0.012311798
2022-05-23,0.012430427
2022-05-24,-0.040190566
2022-05-25,0.019279284
2022-05-26,0.005242171
2022-05-27,0.0005911405
2022-05-30,0.009107924
2022-05-31,0.01078587
2022-06-01,0.004605673
2022-06-02,0.0077027553
2022-06-06,0.016572963
2022-06-07,-0.0033511363
2022-06-08,-9.140165e-05
2022-06-09,-0.017830042
2022-06-10,0.017947827
2022-06-13,0.004341332
2022-06-14,0.0013123004
2022-06-15,-0.0016105049
2022-06-16,0.00835277
2022-06-17,0.006151065
2022-06-20,0.010555856
2022-06-21,-0.0056462726
2022-06-22,-0.0116038
2022-06-23,0.01957117
2022-06-24,0.010467529
2022-06-27,0.008915151
2022-06-28,0.012665192
2022-06-29,-0.021803726
2022-06-30,0.0091569405
2022-07-01,-0.002405503
2022-07-04,0.0072805644
2022-07-05,-0.0072809556
2022-07-06,-0.009147575
2022-07-07,0.008685094
2022-07-08,-2.4339632e-05
2022-07-11,-0.008826458
2022-07-12,-0.015799394
2022-07-13,0.012039209
2022-07-14,0.0068538636
2022-07-15,-0.016104888
2022-07-18,0.023275891
2022-07-19,0.009626652
2022-07-20,0.010088729
2022-07-21,-0.0036413646
2022-07-22,-0.0027267323
2022-07-25,-0.009705357
2022-07-26,0.011682637
2022-07-27,0.009068485
2022-07-28,0.0077154916
2022-07-29,-0.0051121106
2022-08-01,0.0058725253
2022-08-02,-0.036611147
2022-08-03,-0.0057724537
2022-08-04,0.012502831
2022-08-05,0.010698176
2022-08-08,0.014931901
2022-08-09,0.003731702
2022-08-10,0.003588258
2022-08-11,0.011758242
2022-08-12,-0.005069122
2022-08-15,0.0066709616
2022-08-16,0.008300011
2022-08-17,0.002597985
2022-08-18,0.00411982
2022-08-19,-0.015019158
2022-08-22,0.0048575737
2022-08-23,0.004890818
2022-08-24,-0.03313823
2022-08-25,-0.006658375
2022-08-26,-0.0061057215
2022-08-29,0.0069270167
2022-08-30,-0.007210833
2022-08-31,-0.030307135
2022-09-01,-0.0054760277
2022-09-02,0.014371945
2022-09-05,0.0019917754
2022-09-06,0.016021691
2022-09-07,0.006302275
2022-09-08,-0.01087762
2022-09-09,-0.0016149468
2022-09-13,0.002268012
2022-09-14,-0.009592235
2022-09-15,-0.027287718
2022-09-16,-0.021502107
2022-09-19,-0.010733153
2022-09-20,0.015773278
2022-09-21,0.0011650102
2022-09-22,-0.0021451048
2022-09-23,-0.021692744
2022-09-26,-0.013547095
2022-09-27,0.022339579
2022-09-28,-0.029726923
2022-09-29,-0.0038847465
2022-09-30,-0.014796673
2022-10-10,-0.018550392
2022-10-11,0.0074494705
2022-10-12,0.028955191
2022-10-13,0.0091023315
2022-10-14,0.02317574
2022-10-17,0.014284163
2022-10-18,0.004099279
2022-10-19,-0.007288388
2022-10-20,-0.0034539686
2022-10-21,0.00067197153
2022-10-24,-0.011311222
2022-10-25,-0.0020253279
2022-10-26,0.020600945
2022-10-27,-0.005251453
2022-10-28,-0.03488377
2022-10-31,0.010199145
2022-11-01,0.025685312
2022-11-02,0.014778701
2022-11-03,0.004843424
2022-11-04,0.018947816
2022-11-07,0.0054761777
2022-11-08,-0.0017872647
2022-11-09,0.0005126766
2022-11-10,-0.0060445094
2022-11-11,0.0034852196
2022-11-14,-0.0034444532
2022-11-15,0.02108452
2022-11-16,-0.0037696538
2022-11-17,0.0033529676
2022-11-18,-0.0067527243
2022-11-21,0.005032673
2022-11-22,-0.01472452
2022-11-23,-0.0063493783
2022-11-24,0.0041394155
2022-11-25,-0.01150305
2022-11-28,-0.003748598
2022-11-29,0.017077172
2022-11-30,2.6086678e-05
2022-12-01,0.009317558
2022-12-02,0.0048868572
2022-12-05,0.005532057
2022-12-06,-0.0038249441
2022-12-07,0.0015981308
2022-12-08,-0.0043749097
2022-12-09,-0.0008471328
2022-12-12,-0.0010997409
2022-12-13,-0.0053705936
2022-12-14,-0.0028465916
2022-12-15,0.0041800695
2022-12-16,-0.010873746
2022-12-19,-0.020003654
2022-12-20,-0.006134497
2022-12-21,-0.007192366
2022-12-22,-0.013175532
2022-12-23,-0.003500241
2022-12-26,0.018695604
2022-12-27,0.0045895427
2022-12-28,-0.010621848
2022-12-29,-0.0027668867
2022-12-30,0.0057903514
2023-01-03,0.022594694
2023-01-04,0.0029012302
2023-01-05,0.0073919143
2023-01-06,-0.0014532618
2023-01-09,0.005743614
2023-01-10,-9.747e-05
2023-01-11,-0.008324674
2023-01-12,-0.00029991215
2023-01-13,0.0025960715
2023-01-16,0.009187726
2023-01-17,-0.0018462741
2023-01-18,0.0025988095
2023-01-19,0.004781648
2023-01-20,0.0082803015
2023-01-30,0.013653557
2023-01-31,0.0025493999
2023-02-01,0.016867597
2023-02-02,0.0033701423
2023-02-03,-0.0001910708
2023-02-06,-0.0029058673
2023-02-07,0.00557551
2023-02-08,-0.0056387982
2023-02-09,0.012965719
2023-02-10,-0.0029970407
2023-02-13,0.011165178
2023-02-14,-0.00042937993
2023-02-15,0.0024793784
2023-02-16,-0.02254845
2023-02-17,-0.0076422235
2023-02-20,0.012898939
2023-02-21,0.0030427347
2023-02-22,0.0009677919
2023-02-23,-0.003519089
2023-02-24,-0.0035802824
2023-02-27,-0.009034435
2023-02-28,0.009576915
2023-03-01,0.009044048
2023-03-02,-0.004912666
2023-03-03,-0.001210678
2023-03-06,0.0021303636
2023-03-07,-0.02134334
2023-03-08,0.008475264
2023-03-09,-0.0002938312
2023-03-10,-0.013737819
2023-03-13,0.004372891
2023-03-14,-0.011098121
2023-03-15,0.004601822
2023-03-16,-0.016152285
2023-03-17,0.008096487
2023-03-20,-0.0037872763
2023-03-21,0.016224489
2023-03-22,0.0051995814
2023-03-23,0.0018988816
2023-03-24,0.0013472281
2023-03-27,0.0032109884
2023-03-28,-0.010018894
2023-03-29,-0.0025941315
2023-03-30,-0.0035970453
2023-03-31,0.011242639
2023-04-03,0.012363597
2023-04-04,-0.007862001
2023-04-06,0.001313995
2023-04-07,0.010441729
2023-04-10,-0.014372867
2023-04-11,0.0035489125
2023-04-12,0.009967069
2023-04-13,-0.0065408982
2023-04-14,0.0044171335
2023-04-17,-0.0034267104
2023-04-18,-0.005233423
2023-04-19,-0.0020208354
2023-04-20,-0.00089478877
2023-04-21,-0.030309862
2023-04-24,-0.0053222366
2023-04-25,-0.021956177
2023-04-26,0.0050710645
2023-04-27,-0.003092665
2023-04-28,0.020552652
2023-05-04,0.0023745485
2023-05-05,-0.009255593
2023-05-08,0.0054582083
2023-05-09,-0.01770819
2023-05-10,0.0051336465
2023-05-11,0.0040180343
2023-05-12,-0.011637379
2023-05-15,0.009082555
2023-05-16,-0.008780559
2023-05-17,0.0089960955
2023-05-18,0.0069246525
2023-05-19,0.0020166037
2023-05-22,0.0018203842
2023-05-23,-0.010520519
2023-05-24,0.0010538611
2023-05-25,-0.001450015
2023-05-26,0.0065274737
2023-05-29,-0.0028274718
2023-05-30,0.0067532784
2023-05-31,0.00065450545
2023-06-01,0.0056122113
2023-06-02,0.006611102
2023-06-05,0.0048491
2023-06-06,-0.019561665
2023-06-07,0.006578552
2023-06-08,-0.007188123
2023-06-09,0.008991392
2023-06-12,0.00707066
2023-06-13,0.0056957486
2023-06-14,0.0020504394
2023-06-15,0.004609969
2023-06-16,0.008563918
2023-06-19,0.0042866953
2023-06-20,-0.0018584632
2023-06-21,-0.01888226
2023-06-26,-0.02044014
2023-06-27,0.01657262
2023-06-28,-0.005891609
2023-06-29,0.009500216
2023-06-30,0.011173087
2023-07-03,0.0025025064
2023-07-04,0.0069737853
2023-07-05,-0.008432804
2023-07-06,-0.0007411739
2023-07-07,-0.0080463765
2023-07-10,0.0005913502
2023-07-11,0.0078090923
2023-07-12,-0.013235344
2023-07-13,0.010056811
2023-07-14,0.0007227575
2023-07-17,-0.0035360425
2023-07-18,-0.0024122843
2023-07-19,-0.003154524
2023-07-20,-0.0128562385
2023-07-21,-0.0056190174
2023-07-24,-0.00037766492
2023-07-25,0.015632814
2023-07-26,-0.009285499
2023-07-27,-0.007947365
2023-07-28,0.0052962787
2023-07-31,0.008949199
2023-08-01,-0.004029538
2023-08-02,-0.00086882483
2023-08-03,-0.0009775966
2023-08-04,0.004687998
2023-08-07,-0.0029636659
2023-08-08,-0.0029689034
2023-08-09,-0.009462091
2023-08-10,0.0009858784
2023-08-11,-0.017120583
2023-08-14,0.005192221
2023-08-15,-0.00916558
2023-08-16,-0.011157422
2023-08-17,0.013421413
2023-08-18,-0.018392792
2023-08-21,-0.006298812
2023-08-22,0.008378779
2023-08-23,-0.018114816
2023-08-24,0.0015432629
2023-08-25,-0.021529531
2023-08-28,0.00681531
2023-08-29,0.037818357
2023-08-30,0.008591241
2023-08-31,-0.0055847475
2023-09-01,-0.0013316412
2023-09-04,0.012617993
2023-09-05,-0.0050180103
2023-09-06,0.0048606712
2023-09-07,-0.016710771
2023-09-08,0.0028798191
2023-09-11,0.009212464
2023-09-12,-0.0014896347
2023-09-13,-0.011939193
2023-09-14,-0.008753459
2023-09-15,0.00072705926
2023-09-18,0.0051489086
2023-09-19,-0.011829857
2023-09-20,-0.008588349
2023-09-21,-0.0058277096
2023-09-22,0.021255357
2023-09-25,-0.0025562674
2023-09-26,-0.0031130537
2023-09-27,0.0040714554
2023-09-28,0.011187074
2023-10-09,-0.0016467604
2023-10-10,-0.00018321206
2023-10-11,0.004312683
2023-10-12,0.004245511
2023-10-13,-0.0040355246
2023-10-16,-0.007790108
2023-10-17,-0.002568763
2023-10-18,-0.016578173
2023-10-19,-0.010152194
2023-10-20,-0.011666669
2023-10-23,-0.021487935
2023-10-24,0.022364615
2023-10-25,0.013193646
2023-10-26,0.0033259955
2023-10-27,0.0131689245
2023-10-30,0.016255386
2023-10-31,-0.0054346835
2023-11-01,0.0005714538
2023-11-02,-0.011343299
2023-11-03,0.014514579
2023-11-06,0.024816653
2023-11-07,0.00766108
2023-11-08,0.004210676
2023-11-09,-0.008468271
2023-11-10,-0.0032996358
2023-11-13,0.010488549
2023-11-14,0.008051809
2023-11-15,0.0065028723
2023-11-16,-0.0070001883
2023-11-17,0.0084763095
2023-11-20,0.01009708
2023-11-21,-0.006846657
2023-11-22,-0.011957506
2023-11-23,0.008527749
2023-11-24,-0.014777409
2023-11-27,0.000972227
2023-11-28,0.007097801
2023-11-29,-0.0052541234
2023-11-30,-0.0058147237
2023-12-01,0.008770259
2023-12-04,-0.00026219964
2023-12-05,-0.01928489
2023-12-06,0.00379762
2023-12-07,-0.002622122
2023-12-08,-0.0064551453
2023-12-11,0.012420107
2023-12-12,0.0038672278
2023-12-13,-0.0070816735
2023-12-14,-0.0049022743
2023-12-15,-0.00517008
2023-12-18,-0.013437526
2023-12-19,0.0018294839
2023-12-20,-0.013290858
2023-12-21,0.007108867
2023-12-22,-0.017322397
2023-12-25,-0.0013398763
2023-12-26,-0.015113912
2023-12-27,0.00727407
2023-12-28,0.017028496
2023-12-29,0.01803921
2024-01-02,-0.0032645077
2024-01-03,-0.0063118595
2024-01-04,-0.0050768727
2024-01-05,-0.021026775
2024-01-08,-0.018558327
2024-01-09,0.004887931
2024-01-10,-0.0120411655
2024-01-11,0.020770296
2024-01-12,-0.011053971
2024-01-15,-0.0022736595
2024-01-16,-0.0045780484
2024-01-17,-0.02703844
2024-01-18,-0.0020911226
2024-01-19,-0.014787144
2024-01-22,-0.056190625
2024-01-23,0.00519612
2024-01-24,0.012623265
2024-01-25,0.03313578
2024-01-26,-0.0062906556
2024-01-29,-0.034373086
2024-01-30,-0.031467635
2024-01-31,-0.048042428
2024-02-01,-0.013252001
2024-02-02,-0.04155457
2024-02-05,-0.08227897
2024-02-06,0.025086643
2024-02-07,-0.010177507
2024-02-08,0.062896244
2024-02-19,0.03033673
2024-02-20,0.011131347
2024-02-21,0.014822124
2024-02-22,0.02250143
2024-02-23,0.026370995
2024-02-26,0.013372181
2024-02-27,0.027420215
2024-02-28,-0.056983165
2024-02-29,0.038245834
2024-03-01,0.01235991
2024-03-04,0.0033768741
2024-03-05,-0.014453226
2024-03-06,0.008424399
2024-03-07,-0.010632994
2024-03-08,0.011593568
2024-03-11,0.019768123
2024-03-12,0.011384391
2024-03-13,0.0030071116
2024-03-14,-0.006453523
2024-03-15,0.012855607
2024-03-18,0.020005753
2024-03-19,-0.003160559
2024-03-20,0.011386274
2024-03-21,0.0012071688
2024-03-22,-0.01302283
2024-03-25,-0.025196223
2024-03-26,-0.0012695339
2024-03-27,-0.034006536
2024-03-28,0.02396933
2024-03-29,0.010687198
2024-04-01,0.021895127
2024-04-02,-0.004444808
2024-04-03,-0.010686707
2024-04-08,-0.022693804
2024-04-09,0.013380508
2024-04-10,-0.021159504
2024-04-11,0.00085926463
2024-04-12,-0.008094834
2024-04-15,-0.031446196
2024-04-16,-0.061662503
2024-04-17,0.056858864
2024-04-18,-0.0017077916
2024-04-19,-0.0058727763
2024-04-22,-0.0068466375
2024-04-23,0.004846267
2024-04-24,0.018570822
2024-04-25,0.0029555408
2024-04-26,0.016431248
2024-04-29,0.026739491
2024-04-30,-0.007510414
2024-05-06,0.02075352
2024-05-07,0.0064063594
2024-05-08,-0.013540181
2024-05-09,0.012777242
2024-05-10,-0.010480703
2024-05-13,-0.015669659
2024-05-14,0.0073196795
2024-05-15,-0.007719787
2024-05-16,0.003466627
2024-05-17,0.012432184
2024-05-20,0.0042069894
2024-05-21,-0.010268292
2024-05-22,0.004829279
2024-05-23,-0.020879263
2024-05-24,-0.011184578
2024-05-27,0.0061785183
2024-05-28,-0.009495953
2024-05-29,0.0017637705
2024-05-30,-0.006049693
2024-05-31,0.0064887935
2024-06-03,-0.016265422
2024-06-04,-0.0063088327
2024-06-05,-0.01726105
2024-06-06,-0.034023646
2024-06-07,0.01473385
2024-06-11,0.009180437
2024-06-12,0.013376792
2024-06-13,-0.00364683
2024-06-14,0.0014961441
2024-06-17,-0.0021034111
2024-06-18,0.012976382
2024-06-19,-0.0059774136
2024-06-20,-0.02092952
2024-06-21,-0.0021606418
2024-06-24,-0.035108678
2024-06-25,-0.0032162073
2024-06-26,0.028743755
2024-06-27,-0.018773211
2024-06-28,0.0055823703
2024-07-01,0.006375096
2024-07-02,-0.0008330488
2024-07-03,-0.009816522
2024-07-04,-0.025191918
2024-07-05,0.010413813
2024-07-08,-0.025522305
2024-07-09,0.020088263
2024-07-10,-0.005675226
2024-07-11,0.029701577
2024-07-12,-0.0036383572
2024-07-15,-0.014690465
2024-07-16,0.003113593
2024-07-17,-0.013769849
2024-07-18,-0.0006681517
2024-07-19,0.0074207084
2024-07-22,0.0065962663
2024-07-23,-0.0211856
2024-07-24,-0.016069012
2024-07-25,0.0031741206
2024-07-26,0.015628824
2024-07-29,0.0031359105
2024-07-30,0.005427225
2024-07-31,0.034037083
2024-08-01,0.0024751567
2024-08-02,-0.015570762
2024-08-05,-0.028578905
2024-08-06,0.019735638
2024-08-07,0.00087833434
2024-08-08,-0.0062332633
2024-08-09,-0.0076824753
2024-08-12,-0.009687285
2024-08-13,0.007728434
2024-08-14,-0.003683336
2024-08-15,0.009666759
2024-08-16,-0.0039192145
2024-08-19,-0.0052250675
2024-08-20,-0.016804138
2024-08-21,-0.0014998964
2024-08-22,-0.016264288
2024-08-23,-0.004059431
2024-08-26,0.009330054
2024-08-27,-0.01575182
2024-08-28,0.003639479
2024-08-29,0.01627448
2024-08-30,0.022253517
2024-09-02,-0.017989332
2024-09-03,0.011344078
2024-09-04,-0.0065023215
2024-09-05,0.0091697555
2024-09-06,-0.019068744
2024-09-09,-0.0015237017
2024-09-10,0.006800921
2024-09-11,-0.0037131663
2024-09-12,-0.003253281
2024-09-13,-0.013863957
2024-09-18,-0.0070152534
2024-09-19,0.021231234
2024-09-20,-0.00210655
2024-09-23,0.0021553466
2024-09-24,0.03268621
2024-09-25,0.011919823
2024-09-26,0.03249434
2024-09-27,0.052831907
2024-09-30,0.111673
2024-10-08,0.0912203
2024-10-09,-0.08393653
2024-10-10,-0.0020560054
2024-10-11,-0.03813697
2024-10-14,0.031105386
2024-10-15,-0.01456505
2024-10-16,0.0026334492
2024-10-17,-0.0034096711
2024-10-18,0.033353772
2024-10-21,0.018899735
2024-10-22,0.0086355265
2024-10-23,0.0029732648
2024-10-24,-0.0041680294
2024-10-25,0.021177828
2024-10-28,0.02217907
2024-10-29,-0.017438605
2024-10-30,0.0021129856
2024-10-31,0.014798753
2024-11-01,-0.03137558
2024-11-04,0.018967904
2024-11-05,0.030536674
2024-11-06,0.006708149
2024-11-07,0.021988738
2024-11-08,0.0028097702
2024-11-11,0.022439094
2024-11-12,-0.010884976
2024-11-13,0.00061103236
2024-11-14,-0.028416935
2024-11-15,-0.020416552
2024-11-18,-0.024586046
2024-11-19,0.024762463
2024-11-20,0.020526703
2024-11-21,0.0021867582
2024-11-22,-0.033368494
2024-11-25,0.01070615
2024-11-26,-0.009850284
2024-11-27,0.017346175
2024-11-28,0.00049515255
2024-11-29,0.015183531
2024-12-02,0.020876786
2024-12-03,0.0012969655
2024-12-04,-0.013119437
2024-12-05,0.012732924
2024-12-06,0.009883205
2024-12-09,-0.0024305095
2024-12-10,0.008547065
2024-12-11,0.013730578
2024-12-12,0.008993531
2024-12-13,-0.016447026
2024-12-16,-0.0076694353
2024-12-17,-0.031862184
2024-12-18,0.00643094
2024-12-19,0.0011410456
2024-12-20,0.009600793
2024-12-23,-0.037685134
2024-12-24,0.00881556
2024-12-25,-0.017875506
2024-12-26,0.012271222
2024-12-27,0.005466605
2024-12-30,-0.0088054715
2024-12-31,-0.025261365
2025-01-02,-0.017557038
2025-01-03,-0.03598932
2025-01-06,-0.007695015
2025-01-07,0.024682665
2025-01-08,0.00016100834
2025-01-09,0.0053338073
2025-01-10,-0.02812971
2025-01-13,0.00093504123
2025-01-14,0.04801084
2025-01-15,-0.00439876
2025-01-16,0.0060191057
2025-01-17,0.0001320286
2025-01-20,0.008729587
2025-01-21,0.00073643244
2025-01-22,-0.0109980805
2025-01-23,-0.003936213
2025-01-24,0.013371572
2025-01-27,-0.015309852
2025-02-05,0.013659357
2025-02-06,0.02591737
2025-02-07,0.01434305
2025-02-10,0.019593181
2025-02-11,-0.0037929392
2025-02-12,0.013298634
2025-02-13,-0.009950214
2025-02-14,0.0025221384
2025-02-17,0.013888623
2025-02-18,-0.025587134
2025-02-19,0.02519015
2025-02-20,0.010479501
2025-02-21,0.012997862
2025-02-24,0.0017087492
2025-02-25,-0.0024910239
2025-02-26,0.013823984
2025-02-27,-0.0035486345
2025-02-28,-0.037281778
2025-03-03,0.0028450817
2025-03-04,0.014490159
2025-03-05,0.006007172
2025-03-06,0.020369506
2025-03-07,-0.00609625
2025-03-10,0.0037792025
2025-03-11,0.0035405653
2025-03-12,0.00599956
2025-03-13,-0.015555099
2025-03-14,0.01622055
2025-03-17,0.005221059
2025-03-18,0.005678426
2025-03-19,-0.005334715
2025-03-20,-0.0015395738
2025-03-21,-0.019623576
2025-03-24,-0.016870458
2025-03-25,-0.008877259
2025-03-26,0.0090940315
2025-03-27,-0.005941181
2025-03-28,-0.013031551
2025-03-31,-0.010022648
2025-04-01,0.007088984
2025-04-02,0.002248419
2025-04-03,-0.010470635
2025-04-07,-0.119887225
2025-04-08,-0.0006016036
2025-04-09,0.024560057
2025-04-10,0.02595294
2025-04-11,0.009192016
2025-04-14,0.017257672
2025-04-15,-0.0014997553
2025-04-16,-0.014832086
2025-04-17,0.004249995
2025-04-18,-0.0021566597
2025-04-21,0.01867448
2025-04-22,-0.00017127168
2025-04-23,0.0067545385
2025-04-24,-0.008064638
2025-04-25,0.0020212496
2025-04-28,-0.012485028
2025-04-29,0.006805631
2025-04-30,0.008998045
2025-05-06,0.026946345
2025-05-07,0.0061216117
2025-05-08,0.009472224
2025-05-09,-0.011597927
2025-05-12,0.013872458
2025-05-13,-0.0017450171
2025-05-14,0.0017306918
2025-05-15,-0.01105529
2025-05-16,0.0049389573
2025-05-19,0.007821575
2025-05-20,0.008846149
2025-05-21,-0.0042437315
2025-05-22,-0.010818911
2025-05-23,-0.010119907
2025-05-26,0.009288449
2025-05-27,0.0012115301
2025-05-28,-0.0031368106
2025-05-29,0.016421968
2025-05-30,-0.01315079
2025-06-03,0.007902869
2025-06-04,0.009878308
2025-06-05,0.004217703
2025-06-06,-0.0006445783
2025-06-09,0.0125364065
2025-06-10,-0.0074875536
2025-06-11,0.0049821883
2025-06-12,0.0021019154
2025-06-13,-0.016823327
2025-06-16,0.008378623
2025-06-17,-0.0012094838
2025-06-18,-0.002827283
2025-06-19,-0.015994536
2025-06-20,-0.0076727346
2025-06-23,0.015463255
2025-06-24,0.018051703
2025-06-25,0.010096362
2025-06-26,-0.0018081005
2025-06-27,0.0047282483
2025-06-30,0.013673235
2025-07-01,0.0030735373
2025-07-02,-0.0067043034
2025-07-03,0.0061594318
2025-07-04,-0.007855649
2025-07-07,0.0048595564
2025-07-08,0.0122105405
2025-07-09,-0.0026596435
2025-07-10,-0.00031599583
2025-07-11,0.0048711114
2025-07-14,0.004466401
2025-07-15,-0.007047794
2025-07-16,0.0054974635
2025-07-17,0.012037755
2025-07-18,0.0010054566
2025-07-21,0.010486981
2025-07-22,0.00013572839
2025-07-23,-0.007193256
2025-07-24,0.011966189
2025-07-25,0.0012306646
2025-07-28,0.006998724
2025-07-29,0.0046688174
2025-07-30,-0.0071770195
2025-07-31,-0.007433513
2025-08-01,0.0023105803
2025-08-04,0.013417525
2025-08-05,0.008112749
2025-08-06,0.0090104295
2025-08-07,0.0006272718
2025-08-08,-0.0012159649
2025-08-11,0.016609937
2025-08-12,-0.00019900133
2025-08-13,0.010143941
2025-08-14,-0.0168956
2025-08-15,0.020204823
2025-08-18,0.018599004
2025-08-19,0.004094849
2025-08-20,0.004558882
2025-08-21,-0.005512551
2025-08-22,0.009612245
2025-08-25,0.012833771
2025-08-26,-5.720789e-05
2025-08-27,-0.021958904
2025-08-28,0.009415395
2025-08-29,-0.001722384
2025-09-01,0.011064668
2025-09-02,-0.020662704
2025-09-03,-0.017962528
2025-09-04,-0.015600364
2025-09-05,0.027705465
2025-09-08,0.01187702
2025-09-09,-0.01225161
2025-09-10,0.002698553
2025-09-11,0.019036887
2025-09-12,0.00072360714
2025-09-15,-0.00062849716
2025-09-16,0.012081804
2025-09-17,0.0047183535
2025-09-18,-0.0109878145
2025-09-19,-0.0062439805
2025-09-22,0.0056135217
2025-09-23,-0.012128503
2025-09-24,0.016031684
2025-09-25,-0.0037029106
2025-09-26,-0.012861941
2025-09-29,0.010338488
2025-09-30,0.0071558757
2025-10-09,0.00897999
2025-10-10,-0.01002315
2025-10-13,-0.0018970176
2025-10-14,-0.0174305
2025-10-15,0.016145792
2025-10-16,-0.011630804
2025-10-17,-0.027250512
2025-10-20,0.012596517
2025-10-21,0.016400069
2025-10-22,-0.0044649555
2025-10-23,-0.0019249024
2025-10-24,0.011296523
2025-10-27,0.010474719
2025-10-28,0.001047825
2025-10-29,0.006120394
2025-10-30,-0.013206666
2025-10-31,0.007339494
2025-11-03,0.0064721163
2025-11-04,-0.010514501
2025-11-05,0.006261907
2025-11-06,0.0064558606
2025-11-07,-0.00290193
2025-11-10,0.0050244513
2025-11-11,0.0005322126
2025-11-12,-0.0068644057
2025-11-13,0.013009672
2025-11-14,-0.0067300205
2025-11-17,0.0045295996
2025-11-18,-0.0119310785
2025-11-19,-0.011600009
2025-11-20,-0.00825387
2025-11-21,-0.037259534
2025-11-24,0.015782328
2025-11-25,0.01567342
2025-11-26,-0.002288101
2025-11-27,0.0027298408
2025-11-28,0.013516025
2025-12-01,0.0062284227
2025-12-02,-0.0064321565
2025-12-03,-0.009002278
2025-12-04,-0.0060219173
2025-12-05,0.015692668
2025-12-08,0.012727401
2025-12-09,-0.0056232577
2025-12-10,0.0016954824
2025-12-11,-0.016496027
2025-12-12,0.0058787046
2025-12-15,-0.003972543
2025-12-16,-0.01905407
2025-12-17,0.009815574
2025-12-18,-0.0013275086
2025-12-19,0.014498428
2025-12-22,0.009229264
2025-12-23,-0.003978517
2025-12-24,0.014549006
2025-12-25,0.01045784
2025-12-26,0.0022886726
2025-12-29,-0.0018197249
2025-12-30,-0.0018832417
2025-12-31,0.00041939455
2026-01-05,0.017766897
2026-01-06,0.013996347
2026-01-07,0.005863511
2026-01-08,0.011218451
2026-01-09,0.016244587
2026-01-12,0.024746256
2026-01-13,-0.016378518
2026-01-14,0.008908167
2026-01-15,-0.0072232466
2026-01-16,-9.968386e-05
2026-01-19,0.00856103
2026-01-20,-0.010108561
2026-01-21,0.009299236
2026-01-22,0.008417626
2026-01-23,0.018545967
2026-01-26,-0.015130207
2026-01-27,0.0017890426
2026-01-28,-0.005344615
2026-01-29,-0.010107415
2026-01-30,-0.0048773526
2026-02-02,-0.024958264
2026-02-03,0.027124193
2026-02-04,0.001723998
2026-02-05,-0.011827629
2026-02-06,0.0023536365
2026-02-09,0.020261804
2026-02-10,4.3832457e-05
2026-02-11,-0.0028045916
2026-02-12,0.003332223
2026-02-13,-0.0074802865
2026-02-24,0.011742634
2026-02-25,0.012422446
2026-02-26,0.004580305
2026-02-27,0.008260942
2026-03-02,-0.013988858
2026-03-03,-0.038703125
2026-03-04,-0.0021888316
2026-03-05,0.01207372
2026-03-06,0.012178433
2026-03-09,-0.006917725
2026-03-10,0.018257549
2026-03-11,-0.0013010314
2026-03-12,-0.008566364
2026-03-13,-0.012312732
2026-03-16,0.0016204315
2026-03-17,-0.022201978
2026-03-18,0.012553748
2026-03-19,-0.023913061
2026-03-20,-0.022148903
2026-03-23,-0.046805255
2026-03-24,0.031862997
2026-03-25,0.01986188
2026-03-26,-0.015486341
2026-03-27,0.014516772
2026-03-30,0.0026515792
2026-03-31,-0.016910793
2026-04-01,0.017694658
2026-04-02,-0.016925503
2026-04-03,-0.018302247
2026-04-07,0.013410542
2026-04-08,0.040932685
2026-04-09,-0.0076160477
2026-04-10,0.007580551
2026-04-13,0.0029663958
2026-04-14,0.011478803
2026-04-15,-0.0045901397
2026-04-16,0.01567644
2026-04-17,0.0034692942
2026-04-20,0.008392494
2026-04-21,-0.002954192
2026-04-22,0.0074002435
2026-04-23,-0.01220625
2026-04-24,-0.0064693196
2026-04-27,0.007842321
2026-04-28,-0.010786876
2026-04-29,0.012538582
2026-04-30,0.0047126394
2026-05-06,0.018343117
2026-05-07,0.014418478
2026-05-08,0.008104539
2026-05-11,0.011682806
2026-05-12,-0.0077522104
2026-05-13,0.011915005
2026-05-14,-0.018324725
2026-05-15,-0.005745893
2026-05-18,0.0016876098
2026-05-19,0.009923404
2026-05-20,-0.0038080697
2026-05-21,-0.030384302
2026-05-22,0.020141754
2026-05-25,0.003162328
2026-05-26,-0.012555677
2026-05-27,-0.018405538
2026-05-28,0.008873427
2026-05-29,-0.027840773
2026-06-01,0.00403134
2026-06-02,-0.005231302
2026-06-03,-0.00030163254
2026-06-04,-0.006216997
2026-06-05,1.5729813e-05
2026-06-08,-0.02966774
2026-06-09,0.017749941
2026-06-10,-0.013711228
2026-06-11,-0.008778442
2026-06-12,0.007998703
2026-06-15,0.0267983
2026-06-16,0.011856099
2026-06-17,-0.00027043707
2026-06-18,0.00065784785
2026-06-22,0.006443032
2026-06-23,-0.0068826713
2026-06-24,-0.0037436346
2026-06-25,-0.009403466
2026-06-26,-0.024845779
2026-06-29,-0.0023000436
2026-06-30,0.020548973
2026-07-01,0.016322808
2026-07-02,-0.013166861
2026-07-03,0.0062587783
2026-07-06,-0.015475982
2026-07-07,-0.024823142
2026-07-08,-0.019361366
2026-07-09,0.011439233
2026-07-10,0.0035761888
2026-07-13,-0.04775824
2026-07-14,0.012605375
2026-07-15,-0.0036238856
2026-07-16,-0.0125611145
2026-07-17,-0.05338808
2026-07-20,-0.028558876
2026-07-21,0.023811812
2026-07-22,-0.009088745
2026-07-23,0.015454499
2026-07-24,-0.025445085
2026-07-27,0.03233622
2026-07-28,-0.014347683
2026-07-29,0.007905185
2026-07-30,-0.027318753
2026-07-31,0.029927343
2026-08-03,0.008792081
2026-08-04,0.027356897
2026-08-05,0.024688212
2026-08-06,0.0068788775
2026-08-07,0.013767947
2026-08-10,0.010460627
2026-08-11,-0.0034844307
2026-08-12,0.01328578
2026-08-13,-0.01026778
2026-08-14,0.0034392762
2026-08-17,0.020327374
2026-08-18,-0.0030996515
2026-08-19,-0.0483678
2026-08-20,0.011512288
2026-08-21,0.0020968392
2026-08-24,-0.013783774
2026-08-25,0.012897263
2026-08-26,0.0012950025
2026-08-27,0.017118802
2026-08-28,-0.0005956443
2026-08-31,0.009158739
2026-09-01,-0.00042521127
2026-09-02,-0.008978961
