,turnover
2016-01-04,0.0
2016-01-05,0.0
2016-01-06,0.0
2016-01-07,0.0
2016-01-08,0.0
2016-01-11,0.0
2016-01-12,0.0
2016-01-13,0.0
2016-01-14,0.0
2016-01-15,0.0
2016-01-18,0.0
2016-01-19,0.0
2016-01-20,0.0
2016-01-21,0.0
2016-01-22,0.0
2016-01-25,0.0
2016-01-26,0.0
2016-01-27,1.0143010671466124
2016-01-28,0.0
2016-01-29,0.0
2016-02-01,0.0
2016-02-02,0.0
2016-02-03,0.0
2016-02-04,0.0
2016-02-05,0.0
2016-02-15,0.0
2016-02-16,0.0
2016-02-17,0.0
2016-02-18,0.0
2016-02-19,0.0
2016-02-22,0.0
2016-02-23,0.0
2016-02-24,0.0
2016-02-25,0.0
2016-02-26,0.0
2016-02-29,0.0
2016-03-01,0.0
2016-03-02,0.5969833113131269
2016-03-03,0.0
2016-03-04,0.0
2016-03-07,0.0
2016-03-08,0.0
2016-03-09,0.0
2016-03-10,0.0
2016-03-11,0.0
2016-03-14,0.0013024428068771807
2016-03-15,0.00022368678061953335
2016-03-16,-1.774885266443072e-20
2016-03-17,0.00030615403753269776
2016-03-18,0.0004108219571729171
2016-03-21,6.554215819744221e-20
2016-03-22,0.0
2016-03-23,0.0
2016-03-24,0.0
2016-03-25,0.0
2016-03-28,0.0
2016-03-29,0.0
2016-03-30,0.3050554288707527
2016-03-31,-3.340922742116327e-17
2016-04-01,0.0
2016-04-05,0.010472660284293557
2016-04-06,0.0
2016-04-07,0.0
2016-04-08,0.0
2016-04-11,0.008908358175557744
2016-04-12,-5.143656709824956e-19
2016-04-13,0.0
2016-04-14,0.0
2016-04-15,0.00016810182752628936
2016-04-18,-1.605763150136223e-20
2016-04-19,0.0
2016-04-20,0.0
2016-04-21,0.00013058268310407164
2016-04-22,-8.350098646664404e-21
2016-04-25,0.0
2016-04-26,0.0
2016-04-27,0.0
2016-04-28,0.35686835009134815
2016-04-29,0.011728647307008908
2016-05-03,0.006477526341528123
2016-05-04,0.0
2016-05-05,0.0
2016-05-06,0.0
2016-05-09,0.0
2016-05-10,0.00013847406476761627
2016-05-11,0.008544758966561984
2016-05-12,-5.559446177193806e-19
2016-05-13,0.0
2016-05-16,0.0
2016-05-17,0.0
2016-05-18,0.0
2016-05-19,0.012174485013071707
2016-05-20,0.0
2016-05-23,0.0
2016-05-24,0.0
2016-05-25,0.0
2016-05-26,0.0
2016-05-27,1.1305221041249711
2016-05-30,0.007992387627510424
2016-05-31,0.007370592669584297
2016-06-01,0.011371083965818693
2016-06-02,0.0021456500032237145
2016-06-03,0.010410258825497707
2016-06-06,0.0015847802100811305
2016-06-07,0.009936479361061184
2016-06-08,0.0005857914766783372
2016-06-13,0.00018650115561376883
2016-06-14,0.0
2016-06-15,0.0
2016-06-16,0.0
2016-06-17,0.0
2016-06-20,0.0
2016-06-21,0.0
2016-06-22,0.0
2016-06-23,0.0
2016-06-24,0.0
2016-06-27,0.0
2016-06-28,0.3827893976201519
2016-06-29,3.270448751675236e-17
2016-06-30,0.0
2016-07-01,0.0
2016-07-04,0.007419475242782909
2016-07-05,0.00014196571247134202
2016-07-06,0.0
2016-07-07,0.0009539797904481142
2016-07-08,0.0
2016-07-11,0.0
2016-07-12,0.00810217457532524
2016-07-13,0.000545307615026014
2016-07-14,-9.200712732636437e-20
2016-07-15,0.0
2016-07-18,0.0
2016-07-19,0.0
2016-07-20,0.0
2016-07-21,0.0
2016-07-22,0.0
2016-07-25,0.0
2016-07-26,0.36577804413817605
2016-07-27,0.008204305903687802
2016-07-28,0.007844714301943308
2016-07-29,0.010071026282006233
2016-08-01,0.0
2016-08-02,0.006655163640972787
2016-08-03,-1.0307153492448788e-18
2016-08-04,0.00014453449346750837
2016-08-05,0.0007136851859876108
2016-08-08,0.0
2016-08-09,0.0
2016-08-10,0.0
2016-08-11,0.0
2016-08-12,0.0
2016-08-15,0.0
2016-08-16,0.007581948642873635
2016-08-17,0.0
2016-08-18,0.0
2016-08-19,0.0
2016-08-22,0.0
2016-08-23,0.3908900112822507
2016-08-24,0.007450822241500277
2016-08-25,-5.043900066186777e-19
2016-08-26,0.00718045348470951
2016-08-29,0.0001497319426680558
2016-08-30,0.0
2016-08-31,0.0
2016-09-01,0.0
2016-09-02,0.011455511017992455
2016-09-05,-1.009610571242005e-18
2016-09-06,0.0
2016-09-07,0.0
2016-09-08,0.0
2016-09-09,0.0
2016-09-12,0.00016604268475268327
2016-09-13,-1.600717967978841e-20
2016-09-14,0.0
2016-09-19,0.007254356485877542
2016-09-20,0.0
2016-09-21,0.0
2016-09-22,0.5268974948597038
2016-09-23,0.00022035093982718959
2016-09-26,0.007211118937277455
2016-09-27,0.019568562394286292
2016-09-28,0.007649932524188109
2016-09-29,0.0
2016-09-30,0.0
2016-10-10,0.00012728582264004347
2016-10-11,0.006560292954178368
2016-10-12,0.00013177196044428528
2016-10-13,0.0074466723074508405
2016-10-14,0.0
2016-10-17,0.006660282402997373
2016-10-18,0.006997277490182175
2016-10-19,0.0
2016-10-20,0.0
2016-10-21,0.0004436232035311827
2016-10-24,3.087290854583587e-20
2016-10-25,0.00010647139490000593
2016-10-26,0.000784055168760144
2016-10-27,0.4307361855763474
2016-10-28,0.007326321801090215
2016-10-31,0.00024259611658133807
2016-11-01,0.013284965747446156
2016-11-02,0.0
2016-11-03,0.001186535531724247
2016-11-04,0.0076821939155919255
2016-11-07,0.007149871513381298
2016-11-08,0.005896560815717796
2016-11-09,0.007285810615942987
2016-11-10,-4.897784228732177e-19
2016-11-11,0.0
2016-11-14,0.0
2016-11-15,0.0
2016-11-16,0.0
2016-11-17,0.0
2016-11-18,0.0
2016-11-21,0.0
2016-11-22,0.0003576719108642525
2016-11-23,0.00016648104995767302
2016-11-24,0.8292932504249386
2016-11-25,0.015309432609995623
2016-11-28,0.0007300656829337106
2016-11-29,0.0006255120872217359
2016-11-30,0.0007525341180874658
2016-12-01,0.007978081839669287
2016-12-02,0.0
2016-12-05,0.008126759961328774
2016-12-06,0.00046905446958357135
2016-12-07,0.007589670604693621
2016-12-08,0.0
2016-12-09,0.0007505008698559096
2016-12-12,0.0
2016-12-13,0.00017399373764746115
2016-12-14,1.6665177020072625e-20
2016-12-15,0.0002128083224799925
2016-12-16,1.6382383626180843e-20
2016-12-19,0.014690031747320502
2016-12-20,0.013499926613079971
2016-12-21,0.0
2016-12-22,0.6778287489299953
2016-12-23,6.727406933039977e-17
2016-12-26,0.009555323482557417
2016-12-27,0.0
2016-12-28,0.0004479419283059459
2016-12-29,-3.278881082856285e-20
2016-12-30,0.0
2017-01-03,0.0
2017-01-04,0.0
2017-01-05,0.0
2017-01-06,0.0
2017-01-09,0.0
2017-01-10,0.0
2017-01-11,0.0
2017-01-12,0.007493019055782964
2017-01-13,0.00016336693100330195
2017-01-16,0.0
2017-01-17,0.0
2017-01-18,0.0
2017-01-19,0.0
2017-01-20,0.38344852547705943
2017-01-23,0.001177300253027064
2017-01-24,0.0002576751836871115
2017-01-25,0.007088891917204333
2017-01-26,0.007217204241918704
2017-02-03,-5.407184007089931e-19
2017-02-06,0.0
2017-02-07,0.0
2017-02-08,0.015225496735785809
2017-02-09,0.0
2017-02-10,0.0
2017-02-13,0.0
2017-02-14,0.0
2017-02-15,0.00802931001747496
2017-02-16,-5.2778850626188795e-19
2017-02-17,0.0
2017-02-20,0.0
2017-02-21,0.013307886080864098
2017-02-22,1.0411505512009937e-18
2017-02-23,1.1561723083243877e-34
2017-02-24,0.39600150780493976
2017-02-27,0.007598679001882156
2017-02-28,0.00017737285277804322
2017-03-01,0.0012156353436058324
2017-03-02,1.3058600367204724e-19
2017-03-03,0.0
2017-03-06,0.007479408134482556
2017-03-07,-5.127372677306447e-19
2017-03-08,0.0
2017-03-09,0.0
2017-03-10,0.01382318705038397
2017-03-13,0.0005016328670406703
2017-03-14,-6.432785216357989e-20
2017-03-15,-7.156484409811439e-36
2017-03-16,-7.871404277255213e-52
2017-03-17,0.008185026232255307
2017-03-20,0.00027173344386431463
2017-03-21,0.0
2017-03-22,0.0
2017-03-23,0.0
2017-03-24,0.6941485704522565
2017-03-27,0.0012651352657969787
2017-03-28,0.008754586698820973
2017-03-29,0.001432801376436535
2017-03-30,0.00024776387558796326
2017-03-31,0.008509804109458034
2017-04-05,0.0005745458109220113
2017-04-06,0.000960999394686552
2017-04-07,0.009481868631942017
2017-04-10,0.0
2017-04-11,0.00011810902326596349
2017-04-12,0.0006048778678510285
2017-04-13,6.475271025976138e-20
2017-04-14,0.0
2017-04-17,0.007117703684006008
2017-04-18,0.00038375055715376846
2017-04-19,0.00021022961423291072
2017-04-20,0.0002398837674125063
2017-04-21,0.00020159720500358898
2017-04-24,0.0
2017-04-25,0.6341616422030052
2017-04-26,0.0016405531519748868
2017-04-27,0.0015512170354430228
2017-04-28,0.000635814635799191
2017-05-02,0.00021580555837833184
2017-05-03,1.716008335811236e-20
2017-05-04,0.00015225087636278287
2017-05-05,0.0004672454906494355
2017-05-08,-7.118723777906981e-20
2017-05-09,0.0054519561884810224
2017-05-10,-5.739416782099021e-19
2017-05-11,0.0
2017-05-12,0.0
2017-05-15,0.0
2017-05-16,0.00045745384172895355
2017-05-17,0.0011736488835883657
2017-05-18,0.00029137977244327046
2017-05-19,0.0003872083134113021
2017-05-22,0.0
2017-05-23,0.0
2017-05-24,0.9540790864424172
2017-05-25,0.009285489420401895
2017-05-26,5.800873494065948e-19
2017-05-31,0.0
2017-06-01,0.0
2017-06-02,0.0
2017-06-05,0.00012484554813859165
2017-06-06,0.0
2017-06-07,0.0
2017-06-08,0.009634481676200452
2017-06-09,0.0002955562652691239
2017-06-12,0.00012863815993760663
2017-06-13,8.751475904874375e-21
2017-06-14,1.951426800544777e-36
2017-06-15,0.005553879839047231
2017-06-16,0.0
2017-06-19,0.0
2017-06-20,0.0
2017-06-21,0.0
2017-06-22,0.0
2017-06-23,0.32695181458650197
2017-06-26,0.007977082613834202
2017-06-27,0.0007535447422025304
2017-06-28,0.0
2017-06-29,0.007385011807850834
2017-06-30,0.0005719159034055115
2017-07-03,0.015521121260029165
2017-07-04,0.007029151243562728
2017-07-05,0.0
2017-07-06,0.00048775868121094955
2017-07-07,0.00034806874059282534
2017-07-10,3.4030870522566366e-20
2017-07-11,0.0
2017-07-12,0.01519006150871218
2017-07-13,-1.0982379856380147e-18
2017-07-14,0.0081917870527934
2017-07-17,0.0
2017-07-18,0.0
2017-07-19,0.0
2017-07-20,0.007915376902268864
2017-07-21,0.4189723398921808
2017-07-24,0.008223745183664073
2017-07-25,0.0
2017-07-26,0.00027762133227523595
2017-07-27,0.021790089365443393
2017-07-28,0.0005070930456045205
2017-07-31,3.3742741812140255e-20
2017-08-01,0.005701122411325708
2017-08-02,0.00045086033688094635
2017-08-03,-3.410066219925512e-20
2017-08-04,0.00015781239151551238
2017-08-07,-1.7034379095238657e-20
2017-08-08,0.0
2017-08-09,0.0
2017-08-10,0.0
2017-08-11,0.0
2017-08-14,0.0
2017-08-15,0.0
2017-08-16,0.0
2017-08-17,0.0002497142092834343
2017-08-18,0.37288518970591117
2017-08-21,0.008062303220985613
2017-08-22,0.000148942785055536
2017-08-23,-1.6830272856688363e-20
2017-08-24,0.0
2017-08-25,0.0
2017-08-28,0.0
2017-08-29,0.00043097519436914193
2017-08-30,0.0
2017-08-31,0.0
2017-09-01,0.0
2017-09-04,0.0004139589909659415
2017-09-05,0.00027983590489689074
2017-09-06,1.6277914983426976e-20
2017-09-07,0.0
2017-09-08,0.0
2017-09-11,0.0
2017-09-12,0.007042015291701986
2017-09-13,0.0
2017-09-14,0.007630938131977579
2017-09-15,0.3356866940156183
2017-09-18,0.013903794535205922
2017-09-19,0.0005415422441212228
2017-09-20,0.00039375478825610287
2017-09-21,0.00537229776243523
2017-09-22,0.006579596349183508
2017-09-25,0.0
2017-09-26,0.00039712657137456716
2017-09-27,0.0
2017-09-28,0.0
2017-09-29,0.0
2017-10-09,0.0
2017-10-10,0.0
2017-10-11,0.0
2017-10-12,0.017513919990257195
2017-10-13,-1.021583063441414e-18
2017-10-16,0.0
2017-10-17,0.0
2017-10-18,0.0
2017-10-19,0.0
2017-10-20,0.6019231707646142
2017-10-23,0.008576529905806166
2017-10-24,0.0015309152258562678
2017-10-25,0.0
2017-10-26,0.01414779260442097
2017-10-27,0.00011294467857360645
2017-10-30,0.00010483183151411197
2017-10-31,0.0079219771994548
2017-11-01,5.226733026849637e-19
2017-11-02,0.0003180072965888326
2017-11-03,0.00041319236903224725
2017-11-06,0.00017745128071251434
2017-11-07,0.0
2017-11-08,0.013227405400680832
2017-11-09,0.00018507940990121637
2017-11-10,0.0
2017-11-13,0.0
2017-11-14,0.0
2017-11-15,0.0
2017-11-16,0.0002955130511641703
2017-11-17,0.6335034884987858
2017-11-20,0.00966095791233983
2017-11-21,0.00043686835103831726
2017-11-22,0.009448001674784899
2017-11-23,0.00015959236031030146
2017-11-24,0.001051466589220525
2017-11-27,0.010537170815126708
2017-11-28,0.00023120137156409934
2017-11-29,9.989466737505813e-05
2017-11-30,0.0001997483857649259
2017-12-01,0.0004419584891883665
2017-12-04,0.0
2017-12-05,0.0005346883164412757
2017-12-06,0.0
2017-12-07,0.0
2017-12-08,0.00013100807384632538
2017-12-11,0.008398981333900967
2017-12-12,-5.536591571521187e-19
2017-12-13,0.0
2017-12-14,0.0007511721873677868
2017-12-15,0.4443597140523083
2017-12-18,0.008557916039989377
2017-12-19,-5.527568878651517e-19
2017-12-20,-6.17236282003909e-35
2017-12-21,0.00025952236314477254
2017-12-22,1.724152737426289e-20
2017-12-25,1.932514915516791e-36
2017-12-26,0.016804845912232923
2017-12-27,0.0
2017-12-28,0.0
2017-12-29,0.0
2018-01-02,0.0
2018-01-03,0.0
2018-01-04,0.00010547257801135671
2018-01-05,0.0008133018435405107
2018-01-08,0.007656318407307038
2018-01-09,5.346421697595017e-19
2018-01-10,0.0
2018-01-11,0.0
2018-01-12,0.0
2018-01-15,0.4640093167863008
2018-01-16,0.0
2018-01-17,0.0
2018-01-18,0.0
2018-01-19,0.0005821471970220693
2018-01-22,-6.788027360680701e-20
2018-01-23,-7.520803582332822e-36
2018-01-24,-8.311312447916106e-52
2018-01-25,0.0
2018-01-26,0.0
2018-01-29,0.0
2018-01-30,0.005410450219426379
2018-01-31,-5.579326633185447e-19
2018-02-01,0.0
2018-02-02,0.0
2018-02-05,0.0
2018-02-06,0.00017527645523704997
2018-02-07,0.007924058854296248
2018-02-08,5.990947548204009e-19
2018-02-09,0.0
2018-02-12,0.5314108672971549
2018-02-13,0.0001474941906859939
2018-02-14,-9.350557636069163e-21
2018-02-22,0.0
2018-02-23,0.0
2018-02-26,0.0
2018-02-27,0.007431533142540737
2018-02-28,-5.714150310004196e-19
2018-03-01,0.0
2018-03-02,0.0
2018-03-05,0.0
2018-03-06,0.00644172018848895
2018-03-07,-5.648673783398035e-19
2018-03-08,-6.211116926882102e-35
2018-03-09,1.3586458696417991e-50
2018-03-12,0.0
2018-03-13,0.0
2018-03-14,0.0
2018-03-15,0.0
2018-03-16,0.0
2018-03-19,0.3112817213527394
2018-03-20,0.0
2018-03-21,0.0
2018-03-22,0.0001842515297809883
2018-03-23,0.000733142669866573
2018-03-26,7.226417152788727e-20
2018-03-27,7.849734181014959e-36
2018-03-28,8.803974696897878e-52
2018-03-29,0.009122400372379397
2018-03-30,-5.580381273275539e-19
2018-04-02,-6.172354059274693e-35
2018-04-03,0.008652347689597044
2018-04-04,-5.629454778931209e-19
2018-04-09,1.2530637944858286e-34
2018-04-10,4.1450609913189353e-50
2018-04-11,-6.083843303307741e-66
2018-04-12,0.0
2018-04-13,0.0
2018-04-16,0.0
2018-04-17,0.005936446743340926
2018-04-18,0.4016787100023676
2018-04-19,0.000510875034762399
2018-04-20,3.647904589898676e-20
2018-04-23,0.0
2018-04-24,0.00023419847542731532
2018-04-25,-1.781880860823749e-20
2018-04-26,0.008276263762002833
2018-04-27,0.0
2018-05-02,0.006248275532726631
2018-05-03,0.0
2018-05-04,0.009062538541576872
2018-05-07,5.601510054407391e-19
2018-05-08,0.0005097913482758871
2018-05-09,-3.4718889766681786e-20
2018-05-10,0.00026481288298318945
2018-05-11,0.00018642901532824217
2018-05-14,0.012885906187079434
2018-05-15,0.0
2018-05-16,0.007491583060815315
2018-05-17,0.0
2018-05-18,1.1454723751032347
2018-05-21,0.0
2018-05-22,0.0009021022614839366
2018-05-23,0.0
2018-05-24,0.0
2018-05-25,0.0
2018-05-28,0.004813805643884927
2018-05-29,0.006291423777938401
2018-05-30,5.755016680849813e-19
2018-05-31,9.985687228575551e-05
2018-06-01,0.0002618170700953073
2018-06-04,0.009760733978104048
2018-06-05,0.005019494993403212
2018-06-06,0.00026250604173517415
2018-06-07,0.005351081259040977
2018-06-08,0.00015324986291756363
2018-06-11,0.004788326141890949
2018-06-12,0.0
2018-06-13,0.0
2018-06-14,0.0
2018-06-15,0.31225154410527756
2018-06-19,0.00018554868941979952
2018-06-20,0.004990373568612143
2018-06-21,-3.1348201219892345e-19
2018-06-22,0.00015336106759990871
2018-06-25,-9.67620119874833e-21
2018-06-26,0.0
2018-06-27,0.0
2018-06-28,0.0
2018-06-29,0.0
2018-07-02,0.0
2018-07-03,0.004676254988385978
2018-07-04,0.0
2018-07-05,0.00021698858645778985
2018-07-06,-4.008213995222308e-20
2018-07-09,-4.3313858249442104e-36
2018-07-10,0.0
2018-07-11,0.000230449384593665
2018-07-12,-1.9173288731955596e-20
2018-07-13,0.00011206279863301807
2018-07-16,0.3775784907911266
2018-07-17,0.004722620643181845
2018-07-18,0.0
2018-07-19,0.007322100930132923
2018-07-20,0.0
2018-07-23,0.0
2018-07-24,0.0
2018-07-25,0.0
2018-07-26,0.0
2018-07-27,0.0
2018-07-30,0.0
2018-07-31,0.0
2018-08-01,0.0043143522043985645
2018-08-02,-3.174101660437678e-19
2018-08-03,0.005071772117118037
2018-08-06,0.0
2018-08-07,0.0
2018-08-08,0.0004159322126630119
2018-08-09,0.006023690674728354
2018-08-10,-6.334646881472776e-19
2018-08-13,0.2675570527930247
2018-08-14,0.0
2018-08-15,0.0
2018-08-16,0.0
2018-08-17,0.0
2018-08-20,0.006046483495433518
2018-08-21,6.525422097687472e-19
2018-08-22,0.00010787570626996843
2018-08-23,-1.0264206536542676e-20
2018-08-24,2.2849040475544132e-36
2018-08-27,0.00010157682946359088
2018-08-28,-1.0036517943914937e-20
2018-08-29,0.0
2018-08-30,0.0
2018-08-31,0.0
2018-09-03,0.0
2018-09-04,0.0
2018-09-05,0.0
2018-09-06,0.0
2018-09-07,0.0
2018-09-10,0.43235502654923313
2018-09-11,0.004923127304247228
2018-09-12,0.0
2018-09-13,0.0
2018-09-14,0.00018067654240315156
2018-09-17,-1.0950769176208746e-20
2018-09-18,-1.189618487718642e-36
2018-09-19,0.0
2018-09-20,0.005007965727099791
2018-09-21,0.0002467063062293701
2018-09-25,0.0
2018-09-26,0.0
2018-09-27,0.0
2018-09-28,0.005741229240424213
2018-10-08,0.00010546926309515787
2018-10-09,0.003978209765950078
2018-10-10,0.0
2018-10-11,0.0
2018-10-12,0.0
2018-10-15,0.0
2018-10-16,0.34298242350268754
2018-10-17,0.0
2018-10-18,0.0
2018-10-19,0.0
2018-10-22,0.0
2018-10-23,0.0
2018-10-24,0.0
2018-10-25,0.0
2018-10-26,0.0
2018-10-29,0.01106653145710902
2018-10-30,0.0
2018-10-31,0.00014032012285465677
2018-11-01,0.0
2018-11-02,0.0
2018-11-05,0.0
2018-11-06,0.0
2018-11-07,0.0
2018-11-08,0.0
2018-11-09,0.0
2018-11-12,0.0
2018-11-13,0.3663666605477537
2018-11-14,0.0
2018-11-15,0.0
2018-11-16,0.000585599422630307
2018-11-19,4.206188570098592e-20
2018-11-20,0.00035534304256757326
2018-11-21,0.0001493872486483497
2018-11-22,0.0
2018-11-23,0.0068942025897130825
2018-11-26,-7.164958443829678e-19
2018-11-27,0.0
2018-11-28,0.0
2018-11-29,0.0
2018-11-30,0.0
2018-12-03,0.0
2018-12-04,0.0
2018-12-05,0.0
2018-12-06,0.0
2018-12-07,0.0
2018-12-10,0.0
2018-12-11,0.30689893156345904
2018-12-12,0.0005134766375183474
2018-12-13,0.0
2018-12-14,0.0
2018-12-17,0.00034637486072487905
2018-12-18,-2.2430875214955937e-20
2018-12-19,0.0
2018-12-20,0.0
2018-12-21,0.0
2018-12-24,0.0
2018-12-25,0.0
2018-12-26,0.0
2018-12-27,0.0
2018-12-28,0.0
2019-01-02,0.0
2019-01-03,0.0
2019-01-04,0.0
2019-01-07,0.0
2019-01-08,0.0001317716993132705
2019-01-09,0.0
2019-01-10,0.508373320513251
2019-01-11,0.00022746637071549498
2019-01-14,0.0
2019-01-15,0.0
2019-01-16,0.0
2019-01-17,0.0
2019-01-18,0.0
2019-01-21,0.0033624335573578736
2019-01-22,0.0
2019-01-23,0.0
2019-01-24,0.0
2019-01-25,0.0
2019-01-28,0.0
2019-01-29,0.0
2019-01-30,0.0
2019-01-31,0.0
2019-02-01,0.0
2019-02-11,0.0
2019-02-12,0.0
2019-02-13,0.0
2019-02-14,0.5309451456986254
2019-02-15,0.005609950584271235
2019-02-18,0.00010249659666089517
2019-02-19,-1.0309078886057855e-20
2019-02-20,0.0
2019-02-21,0.0
2019-02-22,0.0
2019-02-25,0.0
2019-02-26,0.0
2019-02-27,0.0
2019-02-28,0.0
2019-03-01,0.0
2019-03-04,0.0
2019-03-05,0.0
2019-03-06,0.0
2019-03-07,0.0
2019-03-08,0.0
2019-03-11,0.0
2019-03-12,0.0
2019-03-13,0.0
2019-03-14,0.6508338508554441
2019-03-15,0.003475244836264605
2019-03-18,-2.865599082195572e-19
2019-03-19,0.006189711048913906
2019-03-20,-5.744112109106789e-19
2019-03-21,0.0003163373887977118
2019-03-22,0.0
2019-03-25,0.0
2019-03-26,0.0
2019-03-27,0.0
2019-03-28,0.0
2019-03-29,0.0
2019-04-01,0.0
2019-04-02,0.0
2019-04-03,0.0
2019-04-04,0.0
2019-04-08,0.0
2019-04-09,0.0
2019-04-10,0.0
2019-04-11,0.0
2019-04-12,0.3361535183735225
2019-04-15,0.0002846169008651875
2019-04-16,1.7218770956667214e-20
2019-04-17,0.010725999106820336
2019-04-18,-1.1001558975789027e-18
2019-04-19,0.0
2019-04-22,0.0
2019-04-23,0.0
2019-04-24,0.0
2019-04-25,0.0
2019-04-26,0.0
2019-04-29,0.0
2019-04-30,0.0
2019-05-06,0.0
2019-05-07,0.0
2019-05-08,0.0
2019-05-09,0.0
2019-05-10,0.0
2019-05-13,0.0
2019-05-14,0.0
2019-05-15,0.9596216503250353
2019-05-16,0.0
2019-05-17,0.0
2019-05-20,0.0
2019-05-21,0.0
2019-05-22,0.002370064555141481
2019-05-23,0.0
2019-05-24,0.0
2019-05-27,0.0
2019-05-28,0.0
2019-05-29,0.0
2019-05-30,0.0
2019-05-31,0.0
2019-06-03,0.0
2019-06-04,0.0
2019-06-05,0.0
2019-06-06,0.0
2019-06-10,0.0
2019-06-11,0.0
2019-06-12,0.0
2019-06-13,0.2340123189437723
2019-06-14,0.0009817211720210919
2019-06-17,0.0
2019-06-18,0.004357681647034398
2019-06-19,3.126669127216291e-19
2019-06-20,0.0
2019-06-21,0.0
2019-06-24,0.0
2019-06-25,0.0
2019-06-26,0.0
2019-06-27,0.0
2019-06-28,0.0
2019-07-01,0.0
2019-07-02,0.0
2019-07-03,0.0
2019-07-04,0.0
2019-07-05,0.0
2019-07-08,0.0
2019-07-09,0.0
2019-07-10,0.0
2019-07-11,0.2116991704287728
2019-07-12,-1.9525262187588102e-17
2019-07-15,0.0
2019-07-16,0.00020818571411147953
2019-07-17,0.00012722511350141282
2019-07-18,-9.61052398265743e-21
2019-07-19,0.0
2019-07-22,0.0
2019-07-23,0.0
2019-07-24,0.0
2019-07-25,0.0
2019-07-26,0.0
2019-07-29,0.0
2019-07-30,0.0
2019-07-31,0.0
2019-08-01,0.0
2019-08-02,0.0
2019-08-05,0.0
2019-08-06,0.0
2019-08-07,0.0
2019-08-08,0.7964557998524203
2019-08-09,0.0
2019-08-12,0.0
2019-08-13,0.0
2019-08-14,0.0
2019-08-15,0.0
2019-08-16,0.0
2019-08-19,0.0
2019-08-20,0.0
2019-08-21,0.0
2019-08-22,0.0
2019-08-23,0.0
2019-08-26,0.0
2019-08-27,0.0
2019-08-28,0.0
2019-08-29,0.0
2019-08-30,0.0
2019-09-02,0.0
2019-09-03,0.0
2019-09-04,0.0
2019-09-05,0.4853565717792054
2019-09-06,0.00028552956441366074
2019-09-09,1.7581321515180458e-20
2019-09-10,0.0
2019-09-11,0.005837294274713954
2019-09-12,0.0
2019-09-16,0.0
2019-09-17,0.0
2019-09-18,0.0
2019-09-19,0.0
2019-09-20,0.0
2019-09-23,0.0
2019-09-24,0.0
2019-09-25,0.0
2019-09-26,0.0
2019-09-27,0.0
2019-09-30,0.0
2019-10-08,0.00011798146542485361
2019-10-09,0.0
2019-10-10,0.0
2019-10-11,0.33878431106610096
2019-10-14,0.0002522943067652071
2019-10-15,0.0001220795209564001
2019-10-16,0.00015409451648599383
2019-10-17,9.022250493374752e-21
2019-10-18,0.00028200950263608147
2019-10-21,0.0
2019-10-22,0.0
2019-10-23,0.00043873945574668773
2019-10-24,3.6742998255677464e-20
2019-10-25,0.0
2019-10-28,0.0
2019-10-29,0.0
2019-10-30,0.0
2019-10-31,0.0
2019-11-01,0.0
2019-11-04,0.0
2019-11-05,0.0
2019-11-06,0.0
2019-11-07,0.0
2019-11-08,0.43364222674853686
2019-11-11,0.0003624717746235846
2019-11-12,0.00040373716024462176
2019-11-13,-3.688940569729374e-20
2019-11-14,-4.060052946809635e-36
2019-11-15,9.112257475667586e-52
2019-11-18,0.0
2019-11-19,0.0
2019-11-20,0.0
2019-11-21,0.0
2019-11-22,0.0
2019-11-25,0.0
2019-11-26,0.0
2019-11-27,0.0
2019-11-28,0.0
2019-11-29,0.0
2019-12-02,0.0
2019-12-03,0.0
2019-12-04,0.0
2019-12-05,0.0
2019-12-06,0.44348045177765966
2019-12-09,0.000885676925090689
2019-12-10,0.0
2019-12-11,0.00017477308215180893
2019-12-12,1.8129159516173114e-20
2019-12-13,1.985636130600029e-36
2019-12-16,0.0
2019-12-17,0.0
2019-12-18,0.0
2019-12-19,0.0
2019-12-20,0.0
2019-12-23,0.0
2019-12-24,0.0
2019-12-25,0.0
2019-12-26,0.0
2019-12-27,0.0
2019-12-30,0.0
2019-12-31,0.0
2020-01-02,0.0
2020-01-03,0.0
2020-01-06,0.3783461229783904
2020-01-07,0.0
2020-01-08,-3.440000002371706e-17
2020-01-09,0.0
2020-01-10,0.0
2020-01-13,0.0
2020-01-14,0.0
2020-01-15,0.0
2020-01-16,0.0
2020-01-17,0.0
2020-01-20,0.0
2020-01-21,0.0
2020-01-22,0.0
2020-01-23,0.0
2020-02-03,0.0
2020-02-04,0.0
2020-02-05,0.0
2020-02-06,0.0
2020-02-07,0.0
2020-02-10,0.0
2020-02-11,0.9706966937113767
2020-02-12,0.0020236227844417243
2020-02-13,0.0
2020-02-14,0.0
2020-02-17,0.0
2020-02-18,0.0
2020-02-19,0.0
2020-02-20,0.0
2020-02-21,0.0
2020-02-24,0.0
2020-02-25,0.0
2020-02-26,0.0
2020-02-27,0.0
2020-02-28,0.0
2020-03-02,0.0
2020-03-03,0.0
2020-03-04,0.0
2020-03-05,0.0
2020-03-06,0.0
2020-03-09,0.0
2020-03-10,0.15660741354645835
2020-03-11,0.00445605051577421
2020-03-12,2.6035077926121303e-19
2020-03-13,0.0
2020-03-16,0.0
2020-03-17,0.0
2020-03-18,0.0
2020-03-19,0.0
2020-03-20,0.0
2020-03-23,0.0
2020-03-24,0.0
2020-03-25,0.0
2020-03-26,0.0
2020-03-27,0.0
2020-03-30,0.0
2020-03-31,0.0
2020-04-01,0.0
2020-04-02,0.0
2020-04-03,0.0
2020-04-07,0.0
2020-04-08,0.1782915812786351
2020-04-09,1.697873470721081e-17
2020-04-10,0.0
2020-04-13,0.00012514810216005147
2020-04-14,8.30971410304289e-21
2020-04-15,9.282284070785448e-37
2020-04-16,0.0
2020-04-17,0.0
2020-04-20,0.0
2020-04-21,0.0
2020-04-22,0.0
2020-04-23,0.0
2020-04-24,0.0
2020-04-27,0.0
2020-04-28,0.0
2020-04-29,0.0
2020-04-30,0.0
2020-05-06,0.0
2020-05-07,0.0
2020-05-08,0.0
2020-05-11,0.9703784721535247
2020-05-12,6.588609720696523e-17
2020-05-13,0.0
2020-05-14,0.0
2020-05-15,0.0
2020-05-18,0.0
2020-05-19,0.0
2020-05-20,0.0
2020-05-21,0.0
2020-05-22,0.0
2020-05-25,0.0
2020-05-26,0.0
2020-05-27,0.0
2020-05-28,0.0
2020-05-29,0.0
2020-06-01,0.0
2020-06-02,0.0
2020-06-03,0.0
2020-06-04,0.0
2020-06-05,0.0
2020-06-08,0.3035091800659749
2020-06-09,0.0
2020-06-10,0.0
2020-06-11,0.0
2020-06-12,0.0
2020-06-15,0.0
2020-06-16,0.00527476585860136
2020-06-17,0.0
2020-06-18,0.00010145549909247388
2020-06-19,-7.54111342511401e-21
2020-06-22,0.0
2020-06-23,0.0
2020-06-24,0.0
2020-06-29,0.0
2020-06-30,0.0
2020-07-01,0.0
2020-07-02,0.0
2020-07-03,0.0
2020-07-06,0.0
2020-07-07,0.0
2020-07-08,0.42310074077804444
2020-07-09,0.0
2020-07-10,0.0
2020-07-13,0.0
2020-07-14,0.0
2020-07-15,0.0
2020-07-16,0.0
2020-07-17,0.0
2020-07-20,0.0
2020-07-21,0.0
2020-07-22,0.0
2020-07-23,0.0
2020-07-24,0.0
2020-07-27,0.0
2020-07-28,0.0
2020-07-29,0.0
2020-07-30,0.0
2020-07-31,0.0
2020-08-03,0.0
2020-08-04,0.0
2020-08-05,0.4002838175830884
2020-08-06,0.005128611024953138
2020-08-07,0.0
2020-08-10,0.005600342050029842
2020-08-11,0.0
2020-08-12,0.0
2020-08-13,0.00024894433145233755
2020-08-14,0.0
2020-08-17,0.0
2020-08-18,0.0
2020-08-19,0.0
2020-08-20,0.0
2020-08-21,0.0
2020-08-24,0.0
2020-08-25,0.0
2020-08-26,0.0
2020-08-27,0.0
2020-08-28,0.0
2020-08-31,0.0
2020-09-01,0.0
2020-09-02,0.2200729753273184
2020-09-03,0.0
2020-09-04,0.0
2020-09-07,0.0
2020-09-08,0.0
2020-09-09,0.0
2020-09-10,0.0
2020-09-11,0.0
2020-09-14,0.0
2020-09-15,0.0
2020-09-16,0.0
2020-09-17,0.0
2020-09-18,0.0
2020-09-21,0.0
2020-09-22,0.0
2020-09-23,0.0
2020-09-24,0.0
2020-09-25,0.0
2020-09-28,0.0
2020-09-29,0.0
2020-09-30,0.27211868702339365
2020-10-09,0.0
2020-10-12,0.0
2020-10-13,0.0
2020-10-14,0.0
2020-10-15,0.0
2020-10-16,0.0
2020-10-19,0.0
2020-10-20,0.0
2020-10-21,0.0
2020-10-22,0.0
2020-10-23,0.0
2020-10-26,0.0
2020-10-27,0.0
2020-10-28,0.0
2020-10-29,0.0
2020-10-30,0.0
2020-11-02,0.0
2020-11-03,0.0
2020-11-04,0.0
2020-11-05,0.3469393489992854
2020-11-06,0.0
2020-11-09,0.002668061231145334
2020-11-10,0.0
2020-11-11,0.0
2020-11-12,0.0
2020-11-13,0.0
2020-11-16,0.0
2020-11-17,0.0
2020-11-18,0.0
2020-11-19,0.0
2020-11-20,0.0
2020-11-23,0.0
2020-11-24,0.0
2020-11-25,0.0
2020-11-26,0.0
2020-11-27,0.0
2020-11-30,0.0
2020-12-01,0.0
2020-12-02,0.0
2020-12-03,0.28999798988520376
2020-12-04,-2.679714782520202e-17
2020-12-07,0.0
2020-12-08,0.005141099232770445
2020-12-09,4.2693193396251844e-19
2020-12-10,4.722228992178131e-35
2020-12-11,0.0023258501353884097
2020-12-14,0.0001829967361687448
2020-12-15,0.0
2020-12-16,0.008818741551884316
2020-12-17,0.0
2020-12-18,0.0
2020-12-21,0.0
2020-12-22,0.0
2020-12-23,0.0
2020-12-24,0.0
2020-12-25,0.0
2020-12-28,0.0
2020-12-29,0.0
2020-12-30,0.0
2020-12-31,0.2783637611795802
2021-01-04,0.0
2021-01-05,0.0026054690396547825
2021-01-06,0.0
2021-01-07,0.0
2021-01-08,0.0
2021-01-11,0.0
2021-01-12,0.0
2021-01-13,0.0
2021-01-14,0.0
2021-01-15,0.0
2021-01-18,0.0
2021-01-19,0.0
2021-01-20,0.0
2021-01-21,0.0
2021-01-22,0.0
2021-01-25,0.0
2021-01-26,0.0
2021-01-27,0.0
2021-01-28,0.0
2021-01-29,0.34995223798042185
2021-02-01,0.002589730856241142
2021-02-02,0.0
2021-02-03,0.0
2021-02-04,0.0
2021-02-05,0.0
2021-02-08,0.0
2021-02-09,0.0
2021-02-10,0.0
2021-02-18,0.0
2021-02-19,0.0
2021-02-22,0.0
2021-02-23,0.0
2021-02-24,0.0
2021-02-25,0.0
2021-02-26,0.0
2021-03-01,0.0
2021-03-02,0.0
2021-03-03,0.0
2021-03-04,0.0
2021-03-05,0.39390887421614085
2021-03-08,0.0
2021-03-09,0.0
2021-03-10,0.0
2021-03-11,0.0
2021-03-12,0.0
2021-03-15,0.0
2021-03-16,0.0
2021-03-17,0.0
2021-03-18,0.0
2021-03-19,0.0
2021-03-22,0.0
2021-03-23,0.0
2021-03-24,0.0
2021-03-25,0.0
2021-03-26,0.0
2021-03-29,0.0
2021-03-30,0.0
2021-03-31,0.0
2021-04-01,0.0
2021-04-02,0.2371640114481077
2021-04-06,0.0
2021-04-07,0.0
2021-04-08,0.0
2021-04-09,0.0
2021-04-12,0.0
2021-04-13,0.0
2021-04-14,0.0
2021-04-15,0.0
2021-04-16,0.0
2021-04-19,0.0
2021-04-20,0.0
2021-04-21,0.0
2021-04-22,0.0
2021-04-23,0.0
2021-04-26,0.0
2021-04-27,0.0
2021-04-28,0.0
2021-04-29,0.0
2021-04-30,0.0
2021-05-06,0.9570591471474043
2021-05-07,0.0
2021-05-10,0.0
2021-05-11,0.0
2021-05-12,0.0
2021-05-13,0.002421200730887075
2021-05-14,0.0
2021-05-17,0.0
2021-05-18,0.0
2021-05-19,0.0
2021-05-20,0.0021581243253288303
2021-05-21,0.0
2021-05-24,0.0
2021-05-25,0.0
2021-05-26,0.0
2021-05-27,0.0
2021-05-28,0.0
2021-05-31,0.0
2021-06-01,0.0
2021-06-02,0.0
2021-06-03,0.3422484783592743
2021-06-04,0.0
2021-06-07,0.0
2021-06-08,0.0
2021-06-09,0.0
2021-06-10,0.0
2021-06-11,0.0
2021-06-15,0.0
2021-06-16,0.0
2021-06-17,0.0
2021-06-18,0.0
2021-06-21,0.0
2021-06-22,0.0
2021-06-23,0.0
2021-06-24,0.0
2021-06-25,0.0
2021-06-28,0.0
2021-06-29,0.0
2021-06-30,0.0
2021-07-01,0.0
2021-07-02,0.34121398059166497
2021-07-05,0.0
2021-07-06,0.0
2021-07-07,0.0
2021-07-08,0.0
2021-07-09,0.0
2021-07-12,0.0
2021-07-13,0.0
2021-07-14,0.0
2021-07-15,0.0
2021-07-16,0.0
2021-07-19,0.0
2021-07-20,0.0
2021-07-21,0.0
2021-07-22,0.0
2021-07-23,0.0
2021-07-26,0.0
2021-07-27,0.0
2021-07-28,0.0
2021-07-29,0.0
2021-07-30,0.35160160772773064
2021-08-02,0.0
2021-08-03,0.0
2021-08-04,0.0022306099955909688
2021-08-05,0.0
2021-08-06,0.0
2021-08-09,0.0
2021-08-10,0.0
2021-08-11,0.0
2021-08-12,0.0
2021-08-13,0.0
2021-08-16,0.0
2021-08-17,0.0
2021-08-18,0.0
2021-08-19,0.0
2021-08-20,0.0
2021-08-23,0.0
2021-08-24,0.0
2021-08-25,0.0
2021-08-26,0.0
2021-08-27,0.32946379631326544
2021-08-30,0.0
2021-08-31,0.0
2021-09-01,0.0
2021-09-02,0.0
2021-09-03,0.0
2021-09-06,0.0
2021-09-07,0.0
2021-09-08,0.0
2021-09-09,0.0
2021-09-10,0.0
2021-09-13,0.0
2021-09-14,0.0
2021-09-15,0.0
2021-09-16,0.0
2021-09-17,0.0
2021-09-22,0.0
2021-09-23,0.0
2021-09-24,0.0
2021-09-27,0.0
2021-09-28,0.3342891209450628
2021-09-29,0.0
2021-09-30,0.0
2021-10-08,0.0
2021-10-11,0.0023142584198575502
2021-10-12,0.0
2021-10-13,0.0
2021-10-14,0.0
2021-10-15,0.0
2021-10-18,0.0
2021-10-19,0.0
2021-10-20,0.0
2021-10-21,0.0
2021-10-22,0.0
2021-10-25,0.0
2021-10-26,0.0
2021-10-27,0.0
2021-10-28,0.0
2021-10-29,0.0
2021-11-01,0.0
2021-11-02,0.27690110302562637
2021-11-03,0.0
2021-11-04,0.0
2021-11-05,0.0
2021-11-08,0.0
2021-11-09,0.0
2021-11-10,0.0
2021-11-11,0.0
2021-11-12,0.0
2021-11-15,0.0
2021-11-16,0.0
2021-11-17,0.0
2021-11-18,0.0
2021-11-19,0.0
2021-11-22,0.0
2021-11-23,0.0
2021-11-24,0.0
2021-11-25,0.0
2021-11-26,0.0
2021-11-29,0.0
2021-11-30,0.2766356856281388
2021-12-01,0.0
2021-12-02,0.003499360748364313
2021-12-03,7.239891009894836e-05
2021-12-06,0.0
2021-12-07,0.0
2021-12-08,0.0
2021-12-09,0.0
2021-12-10,0.0
2021-12-13,0.0
2021-12-14,0.0
2021-12-15,0.0
2021-12-16,0.0
2021-12-17,0.0
2021-12-20,0.0
2021-12-21,0.0
2021-12-22,0.0
2021-12-23,0.0
2021-12-24,0.0
2021-12-27,0.0
2021-12-28,0.3292854288792866
2021-12-29,0.0
2021-12-30,0.0
2021-12-31,0.0
2022-01-04,0.0018436096190473093
2022-01-05,0.0
2022-01-06,0.0
2022-01-07,0.0
2022-01-10,0.0
2022-01-11,0.0
2022-01-12,0.0
2022-01-13,0.0
2022-01-14,0.0
2022-01-17,0.0
2022-01-18,0.0
2022-01-19,0.0
2022-01-20,0.0
2022-01-21,0.0
2022-01-24,0.0
2022-01-25,0.0
2022-01-26,0.3451807587708425
2022-01-27,0.0
2022-01-28,0.0
2022-02-07,0.0
2022-02-08,0.0
2022-02-09,0.0
2022-02-10,0.0
2022-02-11,0.0
2022-02-14,0.0
2022-02-15,0.0
2022-02-16,0.0
2022-02-17,0.0
2022-02-18,0.0
2022-02-21,0.0
2022-02-22,0.0
2022-02-23,0.0
2022-02-24,0.0
2022-02-25,0.0
2022-02-28,0.0
2022-03-01,0.0
2022-03-02,0.3598624433146749
2022-03-03,0.0
2022-03-04,0.0
2022-03-07,0.0
2022-03-08,0.0
2022-03-09,0.0
2022-03-10,0.0
2022-03-11,0.0
2022-03-14,0.0
2022-03-15,0.0
2022-03-16,0.0
2022-03-17,0.0
2022-03-18,0.0
2022-03-21,0.0
2022-03-22,0.0
2022-03-23,0.0
2022-03-24,0.0
2022-03-25,0.0
2022-03-28,0.0
2022-03-29,0.0
2022-03-30,0.4324713212564178
2022-03-31,0.0
2022-04-01,0.0
2022-04-06,0.0
2022-04-07,0.0
2022-04-08,0.0
2022-04-11,0.0
2022-04-12,0.0
2022-04-13,0.0
2022-04-14,0.0
2022-04-15,0.0
2022-04-18,0.0
2022-04-19,0.0
2022-04-20,0.0
2022-04-21,0.0
2022-04-22,0.0
2022-04-25,0.0
2022-04-26,0.0
2022-04-27,0.0
2022-04-28,0.0
2022-04-29,0.32395409927579444
2022-05-05,0.0
2022-05-06,0.0017981323411263783
2022-05-09,0.0
2022-05-10,0.0
2022-05-11,0.0
2022-05-12,0.002089457263672136
2022-05-13,0.0
2022-05-16,0.0
2022-05-17,0.0
2022-05-18,0.0
2022-05-19,0.0
2022-05-20,0.0
2022-05-23,0.0
2022-05-24,0.0
2022-05-25,0.0
2022-05-26,0.0
2022-05-27,0.0
2022-05-30,0.0
2022-05-31,0.0
2022-06-01,0.9026073039947732
2022-06-02,0.0
2022-06-06,0.0002976070339573058
2022-06-07,0.0
2022-06-08,0.0
2022-06-09,0.0
2022-06-10,0.0
2022-06-13,0.0
2022-06-14,0.0
2022-06-15,0.0
2022-06-16,0.0
2022-06-17,0.0
2022-06-20,0.0
2022-06-21,0.0
2022-06-22,0.0
2022-06-23,0.0
2022-06-24,0.0
2022-06-27,0.0
2022-06-28,0.0
2022-06-29,0.0
2022-06-30,0.20538194924557446
2022-07-01,0.0
2022-07-04,0.0
2022-07-05,0.0
2022-07-06,0.0
2022-07-07,0.0
2022-07-08,0.0
2022-07-11,0.0
2022-07-12,0.0
2022-07-13,0.0
2022-07-14,0.0
2022-07-15,0.0
2022-07-18,0.0
2022-07-19,0.0
2022-07-20,0.0
2022-07-21,0.0
2022-07-22,0.0
2022-07-25,0.0
2022-07-26,0.0
2022-07-27,0.0
2022-07-28,0.3860601642084742
2022-07-29,0.0
2022-08-01,0.0
2022-08-02,0.0
2022-08-03,0.0
2022-08-04,0.0
2022-08-05,0.0
2022-08-08,0.0
2022-08-09,0.0
2022-08-10,0.0
2022-08-11,0.0
2022-08-12,0.0
2022-08-15,0.0
2022-08-16,0.0
2022-08-17,0.0
2022-08-18,0.0
2022-08-19,0.0
2022-08-22,0.0
2022-08-23,0.0
2022-08-24,0.0
2022-08-25,0.4139683343757955
2022-08-26,0.0
2022-08-29,0.0017129389891019288
2022-08-30,0.0
2022-08-31,0.0
2022-09-01,0.0
2022-09-02,0.0
2022-09-05,0.0
2022-09-06,0.0
2022-09-07,0.0
2022-09-08,0.0
2022-09-09,0.0
2022-09-13,0.0
2022-09-14,0.0
2022-09-15,0.0
2022-09-16,0.0
2022-09-19,0.0
2022-09-20,0.0
2022-09-21,0.0
2022-09-22,0.0
2022-09-23,0.3219118030555677
2022-09-26,0.0
2022-09-27,0.0
2022-09-28,0.0
2022-09-29,0.0
2022-09-30,0.0
2022-10-10,0.0
2022-10-11,0.0
2022-10-12,0.0
2022-10-13,0.0
2022-10-14,0.0
2022-10-17,0.0
2022-10-18,0.0
2022-10-19,0.0
2022-10-20,0.0
2022-10-21,0.0
2022-10-24,0.0
2022-10-25,0.0
2022-10-26,0.0
2022-10-27,0.0
2022-10-28,0.3752860476944481
2022-10-31,0.0
2022-11-01,0.0
2022-11-02,0.0
2022-11-03,0.0
2022-11-04,0.0
2022-11-07,0.0
2022-11-08,0.0
2022-11-09,0.0
2022-11-10,0.0
2022-11-11,0.0
2022-11-14,0.0
2022-11-15,0.0
2022-11-16,0.0
2022-11-17,0.0
2022-11-18,0.0
2022-11-21,0.0
2022-11-22,0.0
2022-11-23,0.0
2022-11-24,0.0
2022-11-25,0.3030614692100436
2022-11-28,0.0016974940890483383
2022-11-29,0.0
2022-11-30,0.0
2022-12-01,0.0
2022-12-02,0.0
2022-12-05,0.0
2022-12-06,0.0
2022-12-07,0.0
2022-12-08,0.0
2022-12-09,0.0
2022-12-12,0.0
2022-12-13,0.0
2022-12-14,0.0
2022-12-15,0.0
2022-12-16,0.0
2022-12-19,0.0
2022-12-20,0.0
2022-12-21,0.0
2022-12-22,0.0
2022-12-23,0.2911158250253972
2022-12-26,0.0038077233562780815
2022-12-27,2.1738878783779334e-19
2022-12-28,0.0
2022-12-29,0.0
2022-12-30,0.0
2023-01-03,0.0
2023-01-04,0.002172364738888376
2023-01-05,0.0
2023-01-06,0.0
2023-01-09,0.0
2023-01-10,0.0
2023-01-11,0.0
2023-01-12,0.0
2023-01-13,0.0
2023-01-16,0.0
2023-01-17,0.0
2023-01-18,0.0
2023-01-19,0.0
2023-01-20,0.0
2023-01-30,0.3074572063734274
2023-01-31,0.0
2023-02-01,0.0
2023-02-02,0.0
2023-02-03,0.0
2023-02-06,0.0
2023-02-07,0.0
2023-02-08,0.0
2023-02-09,0.0
2023-02-10,0.0
2023-02-13,0.0
2023-02-14,0.0
2023-02-15,0.0
2023-02-16,0.0
2023-02-17,0.0
2023-02-20,0.0
2023-02-21,0.0
2023-02-22,0.0
2023-02-23,0.0
2023-02-24,0.0
2023-02-27,0.430322000390028
2023-02-28,0.0
2023-03-01,0.0
2023-03-02,0.0
2023-03-03,0.0
2023-03-06,0.0
2023-03-07,0.0
2023-03-08,0.0
2023-03-09,0.0
2023-03-10,0.0
2023-03-13,0.0
2023-03-14,0.0
2023-03-15,0.0
2023-03-16,0.0
2023-03-17,0.0
2023-03-20,0.0
2023-03-21,0.0
2023-03-22,0.0
2023-03-23,0.0
2023-03-24,0.0
2023-03-27,0.40639220610842136
2023-03-28,0.0
2023-03-29,0.0
2023-03-30,0.0
2023-03-31,0.0
2023-04-03,0.0
2023-04-04,0.0
2023-04-06,0.0
2023-04-07,0.0
2023-04-10,0.0
2023-04-11,0.0
2023-04-12,0.0
2023-04-13,0.0
2023-04-14,0.0
2023-04-17,0.0
2023-04-18,0.0
2023-04-19,0.0
2023-04-20,0.0
2023-04-21,0.0
2023-04-24,0.0
2023-04-25,0.45284428125693793
2023-04-26,0.0
2023-04-27,0.0
2023-04-28,0.0
2023-05-04,0.0
2023-05-05,0.0
2023-05-08,0.0
2023-05-09,0.0
2023-05-10,0.0
2023-05-11,0.0
2023-05-12,0.0
2023-05-15,0.0
2023-05-16,0.0
2023-05-17,0.0
2023-05-18,0.0
2023-05-19,0.0
2023-05-22,0.0
2023-05-23,0.0
2023-05-24,0.0
2023-05-25,0.0
2023-05-26,1.0900896378868936
2023-05-29,0.0
2023-05-30,0.0
2023-05-31,0.0
2023-06-01,0.0
2023-06-02,0.0
2023-06-05,0.0
2023-06-06,0.0
2023-06-07,0.0
2023-06-08,0.0
2023-06-09,0.0
2023-06-12,0.0
2023-06-13,0.0
2023-06-14,0.0
2023-06-15,0.0
2023-06-16,0.0
2023-06-19,0.0
2023-06-20,0.0
2023-06-21,0.0
2023-06-26,0.0
2023-06-27,0.26353942810986586
2023-06-28,0.0
2023-06-29,0.0
2023-06-30,0.0
2023-07-03,0.0
2023-07-04,0.0
2023-07-05,0.0
2023-07-06,0.0019620729423035325
2023-07-07,0.0
2023-07-10,0.0
2023-07-11,0.0
2023-07-12,0.0
2023-07-13,0.0
2023-07-14,0.0
2023-07-17,0.0
2023-07-18,0.0
2023-07-19,0.0
2023-07-20,0.0
2023-07-21,0.0
2023-07-24,0.0
2023-07-25,0.3036512977180277
2023-07-26,0.0
2023-07-27,0.0
2023-07-28,0.0
2023-07-31,0.001976557396787829
2023-08-01,0.0
2023-08-02,0.0
2023-08-03,0.0
2023-08-04,0.0
2023-08-07,0.0
2023-08-08,0.0
2023-08-09,0.0
2023-08-10,0.0
2023-08-11,0.0
2023-08-14,0.0
2023-08-15,0.0
2023-08-16,0.0
2023-08-17,0.0
2023-08-18,0.0
2023-08-21,0.0
2023-08-22,0.5176799155747084
2023-08-23,0.0
2023-08-24,0.0
2023-08-25,0.0
2023-08-28,0.0
2023-08-29,0.0
2023-08-30,0.0
2023-08-31,0.0
2023-09-01,0.0
2023-09-04,0.0
2023-09-05,0.0
2023-09-06,0.0
2023-09-07,0.0
2023-09-08,0.0
2023-09-11,0.0
2023-09-12,0.0
2023-09-13,0.0
2023-09-14,0.0
2023-09-15,0.0
2023-09-18,0.0
2023-09-19,0.41546246727617514
2023-09-20,0.0
2023-09-21,0.0
2023-09-22,0.0
2023-09-25,0.0
2023-09-26,0.0
2023-09-27,0.0
2023-09-28,0.0
2023-10-09,0.0
2023-10-10,0.0
2023-10-11,0.0
2023-10-12,0.0
2023-10-13,0.0
2023-10-16,0.0
2023-10-17,0.0
2023-10-18,0.0
2023-10-19,0.0
2023-10-20,0.0
2023-10-23,0.0
2023-10-24,0.0
2023-10-25,0.4405240938807366
2023-10-26,0.0018340417547526317
2023-10-27,0.0
2023-10-30,0.0
2023-10-31,0.0
2023-11-01,0.0
2023-11-02,0.0
2023-11-03,0.0
2023-11-06,0.0
2023-11-07,0.0
2023-11-08,0.0
2023-11-09,0.0
2023-11-10,0.0
2023-11-13,0.0
2023-11-14,0.0
2023-11-15,0.0
2023-11-16,0.0
2023-11-17,0.0
2023-11-20,0.0
2023-11-21,0.0
2023-11-22,0.45403613560595263
2023-11-23,0.0007167995784005864
2023-11-24,0.0
2023-11-27,0.0
2023-11-28,0.0
2023-11-29,0.0
2023-11-30,0.0
2023-12-01,0.0
2023-12-04,0.0
2023-12-05,0.0
2023-12-06,0.0
2023-12-07,0.0
2023-12-08,0.0
2023-12-11,0.0
2023-12-12,0.0
2023-12-13,0.0
2023-12-14,0.0
2023-12-15,0.0
2023-12-18,0.0
2023-12-19,0.0
2023-12-20,0.47071605412071865
2023-12-21,0.002301397201036164
2023-12-22,0.0
2023-12-25,0.0
2023-12-26,0.0
2023-12-27,0.0
2023-12-28,0.0
2023-12-29,0.0
2024-01-02,0.0
2024-01-03,0.0
2024-01-04,0.0
2024-01-05,0.0
2024-01-08,0.0
2024-01-09,0.0
2024-01-10,0.0
2024-01-11,0.0
2024-01-12,0.0
2024-01-15,0.0
2024-01-16,0.0
2024-01-17,0.0
2024-01-18,0.4122706826172243
2024-01-19,0.0
2024-01-22,0.0
2024-01-23,0.0
2024-01-24,0.0
2024-01-25,0.002212872655985827
2024-01-26,0.0
2024-01-29,0.0
2024-01-30,0.0
2024-01-31,0.0
2024-02-01,0.0
2024-02-02,0.0
2024-02-05,0.0
2024-02-06,0.0
2024-02-07,0.0
2024-02-08,0.0
2024-02-19,0.0
2024-02-20,0.0
2024-02-21,0.0
2024-02-22,0.0
2024-02-23,0.8936052392701974
2024-02-26,0.0
2024-02-27,0.0
2024-02-28,0.0
2024-02-29,0.0
2024-03-01,0.0
2024-03-04,0.0
2024-03-05,0.0
2024-03-06,0.0
2024-03-07,0.0
2024-03-08,0.0
2024-03-11,0.0
2024-03-12,0.0
2024-03-13,0.0
2024-03-14,0.0
2024-03-15,0.0
2024-03-18,0.0
2024-03-19,0.0
2024-03-20,0.0
2024-03-21,0.0
2024-03-22,0.25362674945919544
2024-03-25,0.0
2024-03-26,0.0
2024-03-27,0.0017491246187998982
2024-03-28,0.0
2024-03-29,0.0
2024-04-01,0.0
2024-04-02,0.0
2024-04-03,0.0
2024-04-08,0.0
2024-04-09,0.0
2024-04-10,0.0
2024-04-11,0.0
2024-04-12,0.0
2024-04-15,0.0
2024-04-16,0.0
2024-04-17,0.0
2024-04-18,0.0
2024-04-19,0.0
2024-04-22,0.0
2024-04-23,0.28064408017251474
2024-04-24,0.0017028179701612768
2024-04-25,0.0
2024-04-26,0.0
2024-04-29,0.0
2024-04-30,0.0
2024-05-06,0.0
2024-05-07,0.0
2024-05-08,0.0
2024-05-09,0.0
2024-05-10,0.0
2024-05-13,0.0
2024-05-14,0.0
2024-05-15,0.0
2024-05-16,0.0
2024-05-17,0.0
2024-05-20,0.0
2024-05-21,0.0
2024-05-22,0.0
2024-05-23,0.0
2024-05-24,0.999643121735834
2024-05-27,0.0
2024-05-28,0.0
2024-05-29,0.0
2024-05-30,0.0
2024-05-31,0.0
2024-06-03,0.0
2024-06-04,0.0
2024-06-05,0.0
2024-06-06,0.0
2024-06-07,0.0
2024-06-11,0.0
2024-06-12,0.0
2024-06-13,0.0
2024-06-14,0.0
2024-06-17,0.0
2024-06-18,0.0
2024-06-19,0.0
2024-06-20,0.0
2024-06-21,0.0
2024-06-24,0.3172356257127992
2024-06-25,0.0
2024-06-26,0.0
2024-06-27,0.0
2024-06-28,0.0
2024-07-01,0.0
2024-07-02,0.0
2024-07-03,0.0
2024-07-04,0.0
2024-07-05,0.0
2024-07-08,0.0
2024-07-09,0.0
2024-07-10,0.0
2024-07-11,0.0
2024-07-12,0.0
2024-07-15,0.0
2024-07-16,0.0
2024-07-17,0.0
2024-07-18,0.0
2024-07-19,0.0
2024-07-22,0.48294046801282453
2024-07-23,0.0
2024-07-24,0.0
2024-07-25,0.0
2024-07-26,0.0
2024-07-29,0.0
2024-07-30,0.0
2024-07-31,0.0
2024-08-01,0.0
2024-08-02,0.0
2024-08-05,0.0
2024-08-06,0.0
2024-08-07,0.0
2024-08-08,0.0
2024-08-09,0.0
2024-08-12,0.0
2024-08-13,0.0
2024-08-14,0.0
2024-08-15,0.0
2024-08-16,0.0
2024-08-19,0.5923388687026676
2024-08-20,0.0
2024-08-21,0.0
2024-08-22,0.0
2024-08-23,0.0
2024-08-26,0.0
2024-08-27,0.0
2024-08-28,0.0
2024-08-29,0.0
2024-08-30,0.0
2024-09-02,0.0
2024-09-03,0.0
2024-09-04,0.0
2024-09-05,0.0
2024-09-06,0.0
2024-09-09,0.0
2024-09-10,0.0
2024-09-11,0.0
2024-09-12,0.0
2024-09-13,0.0
2024-09-18,0.43793957608904427
2024-09-19,0.0
2024-09-20,0.0
2024-09-23,0.0
2024-09-24,0.0
2024-09-25,0.0
2024-09-26,0.0
2024-09-27,0.0
2024-09-30,0.0
2024-10-08,0.0
2024-10-09,0.0
2024-10-10,0.0
2024-10-11,0.0
2024-10-14,0.0
2024-10-15,0.0
2024-10-16,0.0
2024-10-17,0.0
2024-10-18,0.0
2024-10-21,0.0
2024-10-22,0.0
2024-10-23,0.9884052086261923
2024-10-24,0.0
2024-10-25,0.0
2024-10-28,0.0
2024-10-29,0.0
2024-10-30,0.0
2024-10-31,0.0
2024-11-01,0.0
2024-11-04,0.0
2024-11-05,0.0
2024-11-06,0.0
2024-11-07,0.0
2024-11-08,0.0
2024-11-11,0.0
2024-11-12,0.0
2024-11-13,0.0
2024-11-14,0.0
2024-11-15,0.0
2024-11-18,0.0
2024-11-19,0.0
2024-11-20,0.1642302448900235
2024-11-21,0.0013236606844060502
2024-11-22,0.0
2024-11-25,0.0
2024-11-26,0.0
2024-11-27,0.0
2024-11-28,0.0
2024-11-29,0.0
2024-12-02,0.0
2024-12-03,0.0
2024-12-04,0.0
2024-12-05,0.0
2024-12-06,0.0
2024-12-09,0.0
2024-12-10,0.0
2024-12-11,0.0
2024-12-12,0.0
2024-12-13,0.0
2024-12-16,0.0
2024-12-17,0.0
2024-12-18,0.1696901827504851
2024-12-19,0.0012256969661434052
2024-12-20,0.0
2024-12-23,0.0
2024-12-24,0.0
2024-12-25,0.0
2024-12-26,0.0
2024-12-27,0.0
2024-12-30,0.0
2024-12-31,0.0
2025-01-02,0.0
2025-01-03,0.0
2025-01-06,0.0
2025-01-07,0.0
2025-01-08,0.0
2025-01-09,0.0
2025-01-10,0.0
2025-01-13,0.0
2025-01-14,0.0
2025-01-15,0.0
2025-01-16,0.7615917798141021
2025-01-17,0.0
2025-01-20,0.0
2025-01-21,0.0
2025-01-22,0.0
2025-01-23,0.0
2025-01-24,0.0
2025-01-27,0.0
2025-02-05,0.0
2025-02-06,0.0
2025-02-07,0.0
2025-02-10,0.0
2025-02-11,0.0
2025-02-12,0.0
2025-02-13,0.0
2025-02-14,0.0
2025-02-17,0.0
2025-02-18,0.0
2025-02-19,0.0
2025-02-20,0.0
2025-02-21,0.48367539433417944
2025-02-24,0.0011437654302004464
2025-02-25,2.166069992729832e-19
2025-02-26,0.0
2025-02-27,0.0
2025-02-28,0.0
2025-03-03,0.0
2025-03-04,0.0
2025-03-05,0.0
2025-03-06,0.0
2025-03-07,0.0
2025-03-10,0.0
2025-03-11,0.0
2025-03-12,0.0
2025-03-13,0.0
2025-03-14,0.0
2025-03-17,0.0
2025-03-18,0.0
2025-03-19,0.0
2025-03-20,0.0
2025-03-21,0.38797312682762414
2025-03-24,0.0
2025-03-25,0.0
2025-03-26,0.0
2025-03-27,0.0015896662902386562
2025-03-28,0.0
2025-03-31,0.0
2025-04-01,0.0
2025-04-02,0.0
2025-04-03,0.0
2025-04-07,0.0
2025-04-08,0.0
2025-04-09,0.0
2025-04-10,0.0
2025-04-11,0.0
2025-04-14,0.0
2025-04-15,0.0
2025-04-16,0.0
2025-04-17,0.0
2025-04-18,0.0
2025-04-21,0.7595276806952712
2025-04-22,0.0015488595983889394
2025-04-23,0.0
2025-04-24,0.0
2025-04-25,0.0
2025-04-28,0.0
2025-04-29,0.0
2025-04-30,0.0
2025-05-06,0.0
2025-05-07,0.0
2025-05-08,0.0
2025-05-09,0.0
2025-05-12,0.0
2025-05-13,0.0
2025-05-14,0.0
2025-05-15,0.0
2025-05-16,0.0
2025-05-19,0.0
2025-05-20,0.0
2025-05-21,0.0
2025-05-22,0.5112730997357811
2025-05-23,0.0
2025-05-26,0.0
2025-05-27,0.0
2025-05-28,0.0
2025-05-29,0.0
2025-05-30,0.0
2025-06-03,0.0
2025-06-04,0.0
2025-06-05,0.0
2025-06-06,0.0
2025-06-09,0.0
2025-06-10,0.0
2025-06-11,0.0
2025-06-12,0.0
2025-06-13,0.0
2025-06-16,0.0
2025-06-17,0.0
2025-06-18,0.0
2025-06-19,0.0
2025-06-20,0.2132621206877632
2025-06-23,0.0
2025-06-24,0.0
2025-06-25,0.0
2025-06-26,0.0
2025-06-27,0.0
2025-06-30,0.0
2025-07-01,0.0
2025-07-02,0.0
2025-07-03,0.0
2025-07-04,0.0
2025-07-07,0.0
2025-07-08,0.0
2025-07-09,0.0
2025-07-10,0.0
2025-07-11,0.0
2025-07-14,0.0
2025-07-15,0.0
2025-07-16,0.0
2025-07-17,0.0
2025-07-18,0.8500037304943415
2025-07-21,0.0
2025-07-22,0.0
2025-07-23,0.0
2025-07-24,0.0
2025-07-25,0.0013458205746005574
2025-07-28,0.0
2025-07-29,0.0
2025-07-30,0.0
2025-07-31,0.0
2025-08-01,0.0
2025-08-04,0.0
2025-08-05,0.0
2025-08-06,0.0
2025-08-07,0.0
2025-08-08,0.0
2025-08-11,0.0
2025-08-12,0.0
2025-08-13,0.0
2025-08-14,0.0
2025-08-15,0.47188902864056437
2025-08-18,0.0
2025-08-19,0.0
2025-08-20,0.0
2025-08-21,0.0
2025-08-22,0.0
2025-08-25,0.0
2025-08-26,0.0
2025-08-27,0.0
2025-08-28,0.0
2025-08-29,0.0
2025-09-01,0.0
2025-09-02,0.0
2025-09-03,0.0
2025-09-04,0.0
2025-09-05,0.0
2025-09-08,0.0
2025-09-09,0.0
2025-09-10,0.0
2025-09-11,0.0
2025-09-12,0.4692435796771904
2025-09-15,0.001268163758317656
2025-09-16,0.0
2025-09-17,0.0
2025-09-18,0.0
2025-09-19,0.0
2025-09-22,0.0
2025-09-23,0.0
2025-09-24,0.0
2025-09-25,0.0
2025-09-26,0.0
2025-09-29,0.0
2025-09-30,0.0
2025-10-09,0.0
2025-10-10,0.0
2025-10-13,0.0
2025-10-14,0.0
2025-10-15,0.0
2025-10-16,0.0
2025-10-17,0.0
2025-10-20,0.36099861107227127
2025-10-21,0.0
2025-10-22,0.0
2025-10-23,0.0
2025-10-24,0.0
2025-10-27,0.0
2025-10-28,0.0
2025-10-29,0.0
2025-10-30,0.0
2025-10-31,0.0
2025-11-03,0.0
2025-11-04,0.0
2025-11-05,0.0
2025-11-06,0.0
2025-11-07,0.0
2025-11-10,0.0
2025-11-11,0.0
2025-11-12,0.0
2025-11-13,0.0
2025-11-14,0.0
2025-11-17,0.3208637270159521
2025-11-18,0.001151140852323199
2025-11-19,0.0
2025-11-20,0.0
2025-11-21,0.0
2025-11-24,0.0
2025-11-25,0.0
2025-11-26,0.0
2025-11-27,0.0
2025-11-28,0.0
2025-12-01,0.0
2025-12-02,0.0
2025-12-03,0.0
2025-12-04,0.0
2025-12-05,0.0
2025-12-08,0.0
2025-12-09,0.0
2025-12-10,0.0
2025-12-11,0.0
2025-12-12,0.0
2025-12-15,0.3389605109850225
2025-12-16,0.0
2025-12-17,0.0
2025-12-18,0.0018432841738923245
2025-12-19,0.0
2025-12-22,0.0
2025-12-23,0.0
2025-12-24,0.0
2025-12-25,0.0
2025-12-26,0.0
2025-12-29,0.0
2025-12-30,0.0
2025-12-31,0.0
2026-01-05,0.0
2026-01-06,0.0
2026-01-07,0.0
2026-01-08,0.0
2026-01-09,0.0
2026-01-12,0.0
2026-01-13,0.0
2026-01-14,0.3613183144207994
2026-01-15,0.0
2026-01-16,0.0
2026-01-19,0.0017062356372565585
2026-01-20,0.0020516874379062806
2026-01-21,0.0
2026-01-22,0.0
2026-01-23,0.0
2026-01-26,0.0018087393815414503
2026-01-27,0.0
2026-01-28,0.0
2026-01-29,0.0
2026-01-30,0.0
2026-02-02,0.0
2026-02-03,0.0
2026-02-04,0.0
2026-02-05,0.0
2026-02-06,0.0
2026-02-09,0.0
2026-02-10,0.0
2026-02-11,0.4500437378512031
2026-02-12,0.0
2026-02-13,0.0
2026-02-24,0.0
2026-02-25,0.0
2026-02-26,0.0
2026-02-27,0.0
2026-03-02,0.0
2026-03-03,0.0
2026-03-04,0.0
2026-03-05,0.0
2026-03-06,0.0
2026-03-09,0.0
2026-03-10,0.0
2026-03-11,0.0
2026-03-12,0.0
2026-03-13,0.0
2026-03-16,0.0
2026-03-17,0.0
2026-03-18,0.0
2026-03-19,0.3635200164090163
2026-03-20,0.0
2026-03-23,0.00013067625000420945
2026-03-24,0.0
2026-03-25,0.0
2026-03-26,0.0
2026-03-27,0.0
2026-03-30,0.0
2026-03-31,0.0
2026-04-01,0.0
2026-04-02,0.0
2026-04-03,0.0
2026-04-07,0.0
2026-04-08,0.0
2026-04-09,0.0
2026-04-10,0.0
2026-04-13,0.0
2026-04-14,0.0
2026-04-15,0.0
2026-04-16,0.0
2026-04-17,0.4493244408995213
2026-04-20,0.0
2026-04-21,0.0
2026-04-22,0.0
2026-04-23,0.0
2026-04-24,0.0
2026-04-27,0.0
2026-04-28,0.0
2026-04-29,0.0
2026-04-30,0.0
2026-05-06,0.0
2026-05-07,0.0
2026-05-08,0.0
2026-05-11,0.0
2026-05-12,0.0
2026-05-13,0.0
2026-05-14,0.0
2026-05-15,0.0
2026-05-18,0.0
2026-05-19,0.0
2026-05-20,0.5257695790703163
2026-05-21,0.0
2026-05-22,0.0
2026-05-25,0.0
2026-05-26,0.0
2026-05-27,0.0
2026-05-28,0.0
2026-05-29,0.0
2026-06-01,0.0
2026-06-02,0.0
2026-06-03,0.0
2026-06-04,0.0
2026-06-05,0.0
2026-06-08,0.0
2026-06-09,0.0
2026-06-10,0.0
2026-06-11,0.0
2026-06-12,0.0
2026-06-15,0.0
2026-06-16,0.0
2026-06-17,0.2957754811765086
2026-06-18,0.0
2026-06-22,0.0
2026-06-23,0.0
2026-06-24,0.0
2026-06-25,0.0
2026-06-26,0.0
2026-06-29,0.0
2026-06-30,0.0
2026-07-01,0.0
2026-07-02,0.0
2026-07-03,0.0
2026-07-06,0.0
2026-07-07,0.0009011703205622022
2026-07-08,0.0
2026-07-09,0.0
2026-07-10,0.0
2026-07-13,0.0
2026-07-14,0.0
2026-07-15,0.0
2026-07-16,0.30194276947290516
2026-07-17,0.002198759971084405
2026-07-20,0.0
2026-07-21,0.0
2026-07-22,0.0
2026-07-23,0.0
2026-07-24,0.0
2026-07-27,0.0
2026-07-28,0.0
2026-07-29,0.0
2026-07-30,0.0
2026-07-31,0.0
2026-08-03,0.0
2026-08-04,0.0
2026-08-05,0.0
2026-08-06,0.0
2026-08-07,0.0
2026-08-10,0.0
2026-08-11,0.0
2026-08-12,0.0
2026-08-13,0.26921602813487344
2026-08-14,0.0
2026-08-17,0.0
2026-08-18,0.0
2026-08-19,0.0
2026-08-20,0.0
2026-08-21,0.0
2026-08-24,0.0
2026-08-25,0.0
2026-08-26,0.0
2026-08-27,0.0
2026-08-28,0.0
2026-08-31,0.0
2026-09-01,0.0025332718235550732
