date,kind
1994-02-04,scheduled
1994-03-22,scheduled
1994-05-17,scheduled
1994-07-06,scheduled
1994-08-16,scheduled
1994-09-27,scheduled
1994-11-15,scheduled
1994-12-20,scheduled
1995-02-01,scheduled
1995-03-28,scheduled
1995-05-23,scheduled
1995-07-06,scheduled
1995-08-22,scheduled
1995-09-26,scheduled
1995-11-15,scheduled
1995-12-19,scheduled
1996-01-31,scheduled
1996-03-26,scheduled
1996-05-21,scheduled
1996-07-03,scheduled
1996-08-20,scheduled
1996-09-24,scheduled
1996-11-13,scheduled
1996-12-17,scheduled
1997-02-05,scheduled
1997-03-25,scheduled
1997-05-20,scheduled
1997-07-02,scheduled
1997-08-19,scheduled
1997-09-30,scheduled
1997-11-12,scheduled
1997-12-16,scheduled
1998-02-04,scheduled
1998-03-31,scheduled
1998-05-19,scheduled
1998-07-01,scheduled
1998-08-18,scheduled
1998-09-29,scheduled
1998-11-17,scheduled
1998-12-22,scheduled
1999-02-03,scheduled
1999-03-30,scheduled
1999-05-18,scheduled
1999-06-30,scheduled
1999-08-24,scheduled
1999-10-05,scheduled
1999-11-16,scheduled
1999-12-21,scheduled
2000-02-02,scheduled
2000-03-21,scheduled
2000-05-16,scheduled
2000-06-28,scheduled
2000-08-22,scheduled
2000-10-03,scheduled
2000-11-15,scheduled
2000-12-19,scheduled
2001-01-31,scheduled
2001-03-20,scheduled
2001-05-15,scheduled
2001-06-27,scheduled
2001-08-21,scheduled
2001-10-02,scheduled
2001-11-06,scheduled
2001-12-11,scheduled
2002-01-30,scheduled
2002-03-19,scheduled
2002-05-07,scheduled
2002-06-26,scheduled
2002-08-13,scheduled
2002-09-24,scheduled
2002-11-06,scheduled
2002-12-10,scheduled
2003-01-29,scheduled
2003-03-18,scheduled
2003-05-06,scheduled
2003-06-25,scheduled
2003-08-12,scheduled
2003-09-16,scheduled
2003-10-28,scheduled
2003-12-09,scheduled
2004-01-28,scheduled
2004-03-16,scheduled
2004-05-04,scheduled
2004-06-30,scheduled
2004-08-10,scheduled
2004-09-21,scheduled
2004-11-10,scheduled
2004-12-14,scheduled
2005-02-02,scheduled
2005-03-22,scheduled
2005-05-03,scheduled
2005-06-30,scheduled
2005-08-09,scheduled
2005-09-20,scheduled
2005-11-01,scheduled
2005-12-13,scheduled
2006-01-31,scheduled
2006-03-28,scheduled
2006-05-10,scheduled
2006-06-29,scheduled
2006-08-08,scheduled
2006-09-20,scheduled
2006-10-25,scheduled
2006-12-12,scheduled
2007-01-31,scheduled
2007-03-21,scheduled
2007-05-09,scheduled
2007-06-28,scheduled
2007-08-07,scheduled
2007-09-18,scheduled
2007-10-31,scheduled
2007-12-11,scheduled
2008-01-30,scheduled
2008-03-18,scheduled
2008-04-30,scheduled
2008-06-25,scheduled
2008-08-05,scheduled
2008-09-16,scheduled
2008-10-29,scheduled
2008-12-16,scheduled
2009-01-28,scheduled
2009-03-18,scheduled
2009-04-29,scheduled
2009-06-24,scheduled
2009-08-12,scheduled
2009-09-23,scheduled
2009-11-04,scheduled
2009-12-16,scheduled
2010-01-27,scheduled
2010-03-16,scheduled
2010-04-28,scheduled
2010-06-23,scheduled
2010-08-10,scheduled
2010-09-21,scheduled
2010-11-03,scheduled
2010-12-14,scheduled
2011-01-26,scheduled
2011-03-15,scheduled
2011-04-27,scheduled
2011-06-22,scheduled
2011-08-09,scheduled
2011-09-21,scheduled
2011-11-02,scheduled
2011-12-13,scheduled
2012-01-25,scheduled
2012-03-13,scheduled
2012-04-25,scheduled
2012-06-20,scheduled
2012-08-01,scheduled
2012-09-13,scheduled
2012-10-24,scheduled
2012-12-12,scheduled
2013-01-30,scheduled
2013-03-20,scheduled
2013-05-01,scheduled
2013-06-19,scheduled
2013-07-31,scheduled
2013-09-18,scheduled
2013-10-30,scheduled
2013-12-18,scheduled
2014-01-29,scheduled
2014-03-19,scheduled
2014-04-30,scheduled
2014-06-18,scheduled
2014-07-30,scheduled
2014-09-17,scheduled
2014-10-29,scheduled
2014-12-17,scheduled
2015-01-28,scheduled
2015-03-18,scheduled
2015-04-29,scheduled
2015-06-17,scheduled
2015-07-29,scheduled
2015-09-17,scheduled
2015-10-28,scheduled
2015-12-16,scheduled
2016-01-27,scheduled
2016-03-16,scheduled
2016-04-27,scheduled
2016-06-15,scheduled
2016-07-27,scheduled
2016-09-21,scheduled
2016-11-02,scheduled
2016-12-14,scheduled
2017-02-01,scheduled
2017-03-15,scheduled
2017-05-03,scheduled
2017-06-14,scheduled
2017-07-26,scheduled
2017-09-20,scheduled
2017-11-01,scheduled
2017-12-13,scheduled
2018-01-31,scheduled
2018-03-21,scheduled
2018-05-02,scheduled
2018-06-13,scheduled
2018-08-01,scheduled
2018-09-26,scheduled
2018-11-08,scheduled
2018-12-19,scheduled
2019-01-30,scheduled
2019-03-20,scheduled
2019-05-01,scheduled
2019-06-19,scheduled
2019-07-31,scheduled
2019-09-18,scheduled
2019-10-30,scheduled
2019-12-11,scheduled
2020-01-29,scheduled
2020-04-29,scheduled
2020-06-10,scheduled
2020-07-29,scheduled
2020-09-16,scheduled
2020-11-05,scheduled
2020-12-16,scheduled
2021-01-27,scheduled
2021-03-17,scheduled
2021-04-28,scheduled
2021-06-16,scheduled
2021-07-28,scheduled
2021-09-22,scheduled
2021-11-03,scheduled
2021-12-15,scheduled
2022-01-26,scheduled
2022-03-16,scheduled
2022-05-04,scheduled
2022-06-15,scheduled
2022-07-27,scheduled
2022-09-21,scheduled
2022-11-02,scheduled
2022-12-14,scheduled
2023-02-01,scheduled
2023-03-22,scheduled
2023-05-03,scheduled
2023-06-14,scheduled
2023-07-26,scheduled
2023-09-20,scheduled
2023-11-01,scheduled
2023-12-13,scheduled
2024-01-31,scheduled
2024-03-20,scheduled
2024-05-01,scheduled
2024-06-12,scheduled
2024-07-31,scheduled
2024-09-18,scheduled
2024-11-07,scheduled
2024-12-18,scheduled
2025-01-29,scheduled
2025-03-19,scheduled
2025-05-07,scheduled
2025-06-18,scheduled
2025-07-30,scheduled
2025-09-17,scheduled
2025-10-29,scheduled
2025-12-10,scheduled
2026-01-28,scheduled
2026-03-18,scheduled
2026-04-29,scheduled
2026-06-17,scheduled
2026-07-29,scheduled
