date,ret
2020-01-08,-0.015767626670610435
2020-01-09,-0.01809301163779664
2020-01-10,0.07811876955671852
2020-01-11,-0.012863040228067816
2020-01-12,0.036921017808434965
2020-01-13,-0.021524979507263453
2020-01-14,0.17825699071176238
2020-01-15,-0.007217460884664202
2020-01-16,-0.012375928530003513
2020-01-17,0.04704999435936527
2020-01-18,-0.010702578418617116
2020-01-19,-0.02954654840226266
2020-01-20,0.003079616764568965
2020-01-21,0.013035570947027331
2020-01-22,0.003520488268656896
2020-01-23,-0.054780087985859746
2020-01-24,-4.4083446421194775e-05
2020-01-25,-0.02019427954506885
2020-01-26,0.05789015401898447
2020-01-27,0.04050602574259127
2020-01-28,0.043731866065783456
2020-01-29,0.006703888443657302
2020-01-30,0.05160064999164975
2020-01-31,-0.033218554470988246
2020-02-01,0.01819890521950178
2020-02-02,0.004866449978016077
2020-02-03,0.00789094157784727
2020-02-04,-0.003171718202099938
2020-02-05,0.07065929164631077
2020-02-06,0.015806100950285236
2020-02-07,0.006995056805022112
2020-02-08,0.01237075358113053
2020-02-09,0.03357961398928118
2020-02-10,-0.018231189167056766
2020-02-11,0.0524839367900794
2020-02-12,0.047991469017896665
2020-02-13,-0.007439913292078008
2020-02-14,0.04233109830947773
2020-02-15,-0.09086136397289564
2020-02-16,-0.04251552222628224
2020-02-17,-0.007111774470679592
2020-02-18,0.04186934615962367
2020-02-19,-0.07938334552618648
2020-02-20,-0.0024311007615551716
2020-02-21,0.02206432454724468
2020-02-22,-0.007751281017513763
2020-02-23,0.04333262345784442
2020-02-24,-0.05351943395298284
2020-02-25,-0.06376535790076675
2020-02-26,-0.09818677490852956
2020-02-27,0.026950666003931718
2020-02-28,-0.015449602488174041
2020-02-29,-0.024215011872934095
2020-03-01,-0.007880365202298628
2020-03-02,0.07108674980106112
2020-03-03,-0.016059094706328797
2020-03-04,0.010517421514894806
2020-03-05,0.02427110864262058
2020-03-06,0.025832168743738986
2020-03-07,-0.0516215417136317
2020-03-08,-0.1462555789364146
2020-03-09,0.00179740247254206
2020-03-10,0.003554847476864418
2020-03-11,-0.02478704295428423
2020-03-12,-0.4326736108437668
2020-03-13,0.1985651586446955
2020-03-14,-0.06780816406196001
2020-03-15,0.03367552434707694
2020-03-16,-0.09639561229166378
2020-03-17,0.05228982302603249
2020-03-18,0.04045991022964418
2020-03-19,0.13541427305557743
2020-03-20,-0.005284851881164843
2020-03-21,0.0074721047492764025
2020-03-22,-0.0873661498430716
2020-03-23,0.10215162816139271
2020-03-24,0.03312292119253015
2020-03-25,-0.018682554753805026
2020-03-26,0.03090487404683571
2020-03-27,-0.057586327979870594
2020-03-28,-0.002007076928503442
2020-03-29,-0.05719653435105778
2020-03-30,0.06527827471261587
2020-03-31,0.015383832819918439
2020-04-01,0.011304585247785446
2020-04-02,0.024305930366078237
2020-04-03,0.009073273016521985
2020-04-04,0.013336054468751987
2020-04-05,-0.009440845204346321
2020-04-06,0.1261865087124913
2020-04-07,-0.015643069675198015
2020-04-08,0.05377209115732339
2020-04-09,0.0033994631167130703
2020-04-10,-0.08196757196591585
2020-04-11,0.0066985842413724616
2020-04-12,0.004398426226289072
2020-04-13,-0.014324859003492568
2020-04-14,0.004980254943491695
2020-04-15,-0.034019334301123146
2020-04-16,0.08237770109590307
2020-04-17,-0.009021622258456638
2020-04-18,0.053130937233826926
2020-04-19,-0.028083038777643194
2020-04-20,-0.04943007724831857
2020-04-21,0.0068184351423386524
2020-04-22,0.05167694662300055
2020-04-23,0.035034503401814486
2020-04-24,0.027213800096910722
2020-04-25,0.01869391885196876
2020-04-26,0.019279314803481634
2020-04-27,-0.004237257858956882
2020-04-28,0.010286213188384774
2020-04-29,0.07559573817426063
2020-04-30,-0.05404960670107082
2020-05-01,0.029167164167326676
2020-05-02,0.02643175817793809
2020-05-03,-0.031036193670904506
2020-05-04,-0.0052591968542488226
2020-05-05,-0.004905634669932278
2020-05-06,-0.02966355776467958
2020-05-07,0.04946268402251189
2020-05-08,0.03718448919995079
2020-05-09,-0.015700784479089503
2020-05-10,-0.09407372542047705
2020-05-11,-0.023448808795764328
2020-05-12,0.041872044694692474
2020-05-13,0.024678064706327076
2020-05-14,0.013970879264952834
2020-05-15,-0.025227868541918674
2020-05-16,0.01732161048295321
2020-05-17,0.010850645608772108
2020-05-18,0.02653459582431379
2020-05-19,0.005645913629833678
2020-05-20,-0.008995270086758614
2020-05-21,-0.05314163603986729
2020-05-22,0.061399418958011716
2020-05-23,-0.01374568253499317
2020-05-24,-0.042501666330190015
2020-05-25,0.0454333901770437
2020-05-26,-0.01059217131024213
2020-05-27,0.015749465441891736
2020-05-28,0.03965532365178488
2020-05-29,-0.005788682416064735
2020-05-30,0.0676352339745719
2020-05-31,-0.03706485277750884
2020-06-01,0.07026911353609637
2020-06-02,-0.026690914595231235
2020-06-03,0.027448048209214163
2020-06-04,0.004840278973548795
2020-06-05,-0.01088381008929245
2020-06-06,0.005959029575746424
2020-06-07,-0.004283388439482438
2020-06-08,0.012365963550213528
2020-06-09,-0.0032865307497820418
2020-06-10,0.012813250571529027
2020-06-11,-0.0917547486179025
2020-06-12,0.04354191553174789
2020-06-13,0.011909909083935202
2020-06-14,-0.03577594338440724
2020-06-15,-0.002972063187169094
2020-06-16,0.01397041372454836
2020-06-17,0.004432193403156703
2020-06-18,-0.013859425125263383
2020-06-19,-0.01400695793692114
2020-06-20,0.005126781489575559
2020-06-21,0.0017416455114356135
2020-06-22,0.04934795955588842
2020-06-23,0.006919689020030191
2020-06-24,-0.02942752159914714
2020-06-25,-0.007151125709869379
2020-06-26,-0.007932561625579706
2020-06-27,-0.05732621857740601
2020-06-28,0.02264999784578806
2020-06-29,0.017513450531192385
2020-06-30,-0.009635122745474959
2020-07-01,0.021628799549544976
2020-07-02,-0.01309558657315225
2020-07-03,0.005917984612587538
2020-07-04,0.035029407770677055
2020-07-05,0.013684699029932315
2020-07-06,0.045925122961480415
2020-07-07,0.015944660858688037
2020-07-08,0.05710399895288541
2020-07-09,-0.014439451773740272
2020-07-10,-0.010401370968562597
2020-07-11,0.02483020767228406
2020-07-12,0.01131062259703165
2020-07-13,-0.020493282036430038
2020-07-14,0.01681863075026472
2020-07-15,-0.0024247541128177563
2020-07-16,-0.01004599133290535
2020-07-17,0.007665970223915828
2020-07-18,0.012675503473244733
2020-07-19,0.004834176134003096
2020-07-20,-0.034906204727947754
2020-07-21,0.03235323271977797
2020-07-22,0.01931580826997979
2020-07-23,0.004752745391523241
2020-07-24,-0.01344319926066115
2020-07-25,0.03672087637843811
2020-07-26,-0.011094593973733309
2020-07-27,-0.02198878219613317
2020-07-28,0.03446619095116091
2020-07-29,-0.005120344088430197
2020-07-30,0.018149502015940858
2020-07-31,0.020263231931063296
2020-08-01,0.05588359956800726
2020-08-02,-0.05596643727903874
2020-08-03,0.026326068674425787
2020-08-04,0.0390859201513838
2020-08-05,0.02290173523797733
2020-08-06,0.0352789307196145
2020-08-07,-0.014170445187304218
2020-08-08,0.07318894055695313
2020-08-09,0.031638315433848006
2020-08-10,0.03278888383929662
2020-08-11,-0.04851689952733539
2020-08-12,0.06516639550945137
2020-08-13,0.03566475304710279
2020-08-14,0.020319995014475924
2020-08-15,0.008073833336662093
2020-08-16,0.05136169975488116
2020-08-17,-0.009387500103575128
2020-08-18,-0.023091487889395874
2020-08-19,-0.04023968455272507
2020-08-20,0.07918627545107852
2020-08-21,-0.07355921691344194
2020-08-22,0.0533124246558397
2020-08-23,0.0028587429488784372
2020-08-24,0.02935980774472329
2020-08-25,-0.06274858435114129
2020-08-26,0.026435474462363905
2020-08-27,-0.04451299480728538
2020-08-28,0.038426527745928474
2020-08-29,0.01650938788752439
2020-08-30,0.030649542600276927
2020-08-31,-0.01063140211010404
2020-09-01,0.022351914762154413
2020-09-02,-0.07190130245600136
2020-09-03,-0.1896711368968288
2020-09-04,0.05114190090612642
2020-09-05,-0.1313778760456641
2020-09-06,0.09144577566729521
2020-09-07,-0.00858614546438588
2020-09-08,-0.03863211074083225
2020-09-09,0.062374400876344736
2020-09-10,0.02855448907374063
2020-09-11,0.02372615838964382
2020-09-12,0.04938555543355443
2020-09-13,-0.05565252933267094
2020-09-14,0.004775608063331956
2020-09-15,-0.08020173257310319
2020-09-16,-0.007469560277578107
2020-09-17,0.009324164103392407
2020-09-18,-0.007836570586341308
2020-09-19,-0.0023279386073959884
2020-09-20,-0.05003701063394549
2020-09-21,-0.11264778489223662
2020-09-22,0.031033386824528976
2020-09-23,-0.07493209272883113
2020-09-24,0.10665752369770397
2020-09-25,0.036772658127399695
2020-09-26,0.02401491705907516
2020-09-27,-0.001523309190472823
2020-09-28,-0.010703312139151632
2020-09-29,0.01781726479957403
2020-09-30,0.0010462612207031564
2020-10-01,-0.02216843402300855
2020-10-02,-0.05352225332964301
2020-10-03,-0.011280770082718996
2020-10-04,0.0022929705529770887
2020-10-05,-0.0074328642642940024
2020-10-06,-0.09819770429462946
2020-10-07,0.027188785325186142
2020-10-08,0.04042704727775727
2020-10-09,0.050660867245366975
2020-10-10,0.009900280524698721
2020-10-11,0.01611063605756536
2020-10-12,0.013467758729963844
2020-10-13,-0.007213447592161916
2020-10-14,-0.030682526785393148
2020-10-15,-0.013042585072476427
2020-10-16,-0.05085309534127764
2020-10-17,0.022432050747000352
2020-10-18,0.022915785402273785
2020-10-19,-0.026075462931756666
2020-10-20,-0.06412358027586502
2020-10-21,0.04807613060052316
2020-10-22,0.03893359568163588
2020-10-23,-0.006613223445423385
2020-10-24,0.00952981992616919
2020-10-25,-0.013882240684154425
2020-10-26,-0.029211797889901903
2020-10-27,0.021167605290780492
2020-10-28,-0.06061848951710753
2020-10-29,-0.04230544218166832
2020-10-30,-0.014981841043126188
2020-10-31,-0.0009116359923126919
2020-11-01,0.013859851429833809
2020-11-02,-0.04434528881643716
2020-11-03,-0.029482658913000104
2020-11-04,-0.016942932389606185
2020-11-05,0.055442202840505925
2020-11-06,0.1263897278441674
2020-11-07,-0.03666750242782694
2020-11-08,0.06448154060222283
2020-11-09,-0.011657760550590094
2020-11-10,0.06792222156181996
2020-11-11,-0.03193337400939
2020-11-12,-0.019187644759029295
2020-11-13,0.07288493175516823
2020-11-14,-0.015023884070755191
2020-11-15,-0.0030080845093027144
2020-11-16,0.05082532824154737
2020-11-17,0.053337431850831146
2020-11-18,-0.044163200015350866
2020-11-19,0.019301561112884242
2020-11-20,0.04511589761875877
2020-11-21,0.09252510119211753
2020-11-22,-0.04518133177506964
2020-11-23,0.08277779354022825
2020-11-24,0.0371613898820074
2020-11-25,-0.05028905425996249
2020-11-26,-0.10669630935549415
2020-11-27,-0.006413923700615451
2020-11-28,0.03621605739065644
2020-11-29,0.026767696869019617
2020-11-30,0.04565682533999472
2020-12-01,-0.041026401487121854
2020-12-02,0.07620879231913909
2020-12-03,0.0223382028302162
2020-12-04,-0.09357803630044158
2020-12-05,0.06608856324370506
2020-12-06,-0.013109487546437116
2020-12-07,-0.000359882119170841
2020-12-08,-0.06945749394488546
2020-12-09,0.02724982939837485
2020-12-10,-0.03776590949436325
2020-12-11,-0.041045213716641986
2020-12-12,0.04877086512379546
2020-12-13,0.03293588888856702
2020-12-14,0.012164216296583893
2020-12-15,0.012252020817374311
2020-12-16,0.05025380018855385
2020-12-17,-0.010537625097578088
2020-12-18,0.030918959645138695
2020-12-19,0.006530592403775695
2020-12-20,-0.02709347840171596
2020-12-21,-0.054135903425621204
2020-12-22,0.020274724040202245
2020-12-23,-0.15063011124651696
2020-12-24,0.102742895628608
2020-12-25,-0.001364081852059511
2020-12-26,0.0033441779947006923
2020-12-27,0.0035407741102864293
2020-12-28,0.05652368856800123
2020-12-29,-0.024724587409958098
2020-12-30,-0.0028390266563881467
2020-12-31,0.02207775923906097
2021-01-01,0.020917752521605687
2021-01-02,0.009483310687719454
2021-01-03,0.09404842768308179
2021-01-04,0.028904663971696193
2021-01-05,0.059058910715348634
2021-01-06,0.09566834872224014
2021-01-07,0.0016703558467333526
2021-01-08,0.019091456230979496
2021-01-09,0.08737073475163706
2021-01-10,-0.013098540997591468
2021-01-11,-0.1136026911670632
2021-01-12,0.007837937829299334
2021-01-13,0.11278670023908548
2021-01-14,0.03293935090608802
2021-01-15,0.02736499341761086
2021-01-16,0.05800354716597532
2021-01-17,0.056767960415018595
2021-01-18,0.040241502481589544
2021-01-19,-0.038563822633116654
2021-01-20,0.03241764961536354
2021-01-21,-0.14513430908561847
2021-01-22,0.09317744550326446
2021-01-23,0.05746383037596576
2021-01-24,0.04152863307999775
2021-01-25,-0.021040489657166567
2021-01-26,0.04336193389425678
2021-01-27,-0.07336938841764104
2021-01-28,0.12975536395355317
2021-01-29,0.02368779444950628
2021-01-30,0.04416563705302295
2021-01-31,-0.011944205399193561
2021-02-01,0.05766849262618167
2021-02-02,0.027844779226746958
2021-02-03,0.0644810784823138
2021-02-04,0.03470390090824219
2021-02-05,0.12770722450608069
2021-02-06,-0.038298503982948345
2021-02-07,0.015300873519428373
2021-02-08,0.10035575543446765
2021-02-09,0.0868740327526881
2021-02-10,0.04852135373311416
2021-02-11,0.10944700590313595
2021-02-12,0.07465359363077244
2021-02-13,0.05040674024796143
2021-02-14,-0.05449803051732249
2021-02-15,-0.032172479596457124
2021-02-16,0.004770247572742618
2021-02-17,0.04632610860858205
2021-02-18,0.044393917215875794
2021-02-19,0.04157857672035154
2021-02-20,-0.04115839893967124
2021-02-21,0.037725291396005695
2021-02-22,-0.06514112349219581
2021-02-23,-0.1373179644010489
2021-02-24,0.05517347194299682
2021-02-25,-0.05895357688659942
2021-02-26,-0.006174462018838413
2021-02-27,0.027148706310389938
2021-02-28,-0.047439514317326695
2021-03-01,0.11834404501818806
2021-03-02,5.7243075495389224e-05
2021-03-03,0.06333553112618903
2021-03-04,-0.016098998033131865
2021-03-05,-0.006277231497266349
2021-03-06,0.01869616102082524
2021-03-07,0.05762811120934171
2021-03-08,0.04504968536092123
2021-03-09,0.07154871352298234
2021-03-10,-0.04263881882486595
2021-03-11,0.039941147750174905
2021-03-12,-0.0025036264465566125
2021-03-13,0.05792666206999458
2021-03-14,-0.02518190656693493
2021-03-15,-0.006697021617949169
2021-03-16,0.03668853958389636
2021-03-17,0.03416424595504553
2021-03-18,-0.007517253819670909
2021-03-19,0.027160881990696016
2021-03-20,-0.01603230894146069
2021-03-21,0.01304771796956249
2021-03-22,-0.05371866236385753
2021-03-23,0.00886935236596212
2021-03-24,-0.06829458683899806
2021-03-25,-0.010651824221826029
2021-03-26,0.11012674507145193
2021-03-27,0.03566425687539689
2021-03-28,0.03527091368601203
2021-03-29,0.04986785335349018
2021-03-30,0.01911157271988297
2021-03-31,0.006438905089416791
2021-04-01,0.014419246550050587
2021-04-02,0.03872285963511656
2021-04-03,-0.058995461469974364
2021-04-04,0.08100865432591912
2021-04-05,0.03763321247041494
2021-04-06,0.010153977514840446
2021-04-07,-0.06989985930212475
2021-04-08,0.07576191202158614
2021-04-09,0.009988884495338635
2021-04-10,0.004599132737528625
2021-04-11,0.011967589619171569
2021-04-12,-0.002112747195528696
2021-04-13,0.026378618147604622
2021-04-14,0.016659388712882025
2021-04-15,0.06098320274931862
2021-04-16,0.013819783214940585
2021-04-17,-0.007972562104937042
2021-04-18,-0.08982392811791445
2021-04-19,-0.07564340911245879
2021-04-20,0.04150780015458944
2021-04-21,-0.035790786995561784
2021-04-22,-0.07058415303180554
2021-04-23,-0.011896253181014452
2021-04-24,-0.07393593403898827
2021-04-25,0.01643240161292208
2021-04-26,0.1683111676522555
2021-04-27,0.086525869214929
2021-04-28,-0.010474512952228239
2021-04-29,0.005870585273167056
2021-04-30,0.06568806407275164
2021-05-01,0.023824591594641217
2021-05-02,-0.011692679894497852
2021-05-03,0.038991356238053665
2021-05-04,-0.08292189256510005
2021-05-05,0.11117148338698232
2021-05-06,0.014180634969776465
2021-05-07,0.002445807415409834
2021-05-08,0.00884833378992171
2021-05-09,0.005290605476746287
2021-05-10,-0.09425306320330781
2021-05-11,0.08139476984050042
2021-05-12,-0.14539013588667454
2021-05-13,0.040025802829082704
2021-05-14,0.061351811774689034
2021-05-15,-0.06780123337673301
2021-05-16,0.008775049801047914
2021-05-17,-0.06759040825313138
2021-05-18,0.05260711541261629
2021-05-19,-0.3644775730380927
2021-05-20,0.19230032276450135
2021-05-21,-0.13807273373951479
2021-05-22,-0.06913715181016221
2021-05-23,-0.14633749407646482
2021-05-24,0.26178042094065684
2021-05-25,0.008863893404349883
2021-05-26,0.13515788799388703
2021-05-27,-0.04030711460166937
2021-05-28,-0.11452467903688643
2021-05-29,-0.05620266402622191
2021-05-30,0.05185461192944389
2021-05-31,0.09095863413106459
2021-06-01,-0.01748558053800782
2021-06-02,0.049075899805694774
2021-06-03,0.06012594394522537
2021-06-04,-0.09158976169895301
2021-06-05,-0.030868890631892864
2021-06-06,0.031081297645644067
2021-06-07,-0.09389334509504059
2021-06-08,-0.019574799562885808
2021-06-09,0.05349599762864121
2021-06-10,-0.057149482775284234
2021-06-11,-0.04935790262406668
2021-06-12,-0.0262395356874693
2021-06-13,0.07162307857083336
2021-06-14,0.03654754645470522
2021-06-15,0.0037888138082829287
2021-06-16,-0.0397924828332024
2021-06-17,0.006667326470890164
2021-06-18,-0.07130548780226015
2021-06-19,-0.028388666987904813
2021-06-20,0.01624057728215214
2021-06-21,-0.22555299229415426
2021-06-22,-0.03478251523548757
2021-06-23,0.10314079498682276
2021-06-24,0.032895156486111035
2021-06-25,-0.10226910369307807
2021-06-26,0.017293043501159358
2021-06-27,0.060754888874737234
2021-06-28,0.03703776636497313
2021-06-29,0.07082930622114732
2021-06-30,0.011560633484889265
2021-07-01,-0.054773065517309455
2021-07-02,0.009943723782405526
2021-07-03,0.03502463205006287
2021-07-04,0.03196196055672339
2021-07-05,-0.027369315989104224
2021-07-06,0.061069438480481006
2021-07-07,0.017489918227069533
2021-07-08,-0.07079790766840041
2021-07-09,0.027628174193953196
2021-07-10,-0.009402282819980779
2021-07-11,0.022189420305061273
2021-07-12,-0.03262420131743303
2021-07-13,-0.0228998471264119
2021-07-14,0.011584197266591734
2021-07-15,-0.03206896836980648
2021-07-16,-0.060444902161904096
2021-07-17,0.008645670059719076
2021-07-18,0.007503714412277667
2021-07-19,-0.06735252649616776
2021-07-20,-0.058180624980055995
2021-07-21,0.11174079142237901
2021-07-22,0.032997836226153265
2021-07-23,0.05247293525715564
2021-07-24,0.030442488123409987
2021-07-25,0.02646954730169003
2021-07-26,0.004802848917474134
2021-07-27,0.0418879032704547
2021-07-28,0.0061457330854352435
2021-07-29,0.031098608561077504
2021-07-30,0.03388733485904963
2021-07-31,0.023387726809612226
2021-08-01,-0.023162014448109287
2021-08-02,0.023649494631193372
2021-08-03,-0.008860507575279916
2021-08-04,0.04452189327904085
2021-08-05,0.030145664819738086
2021-08-06,0.03568778214800252
2021-08-07,0.04014278438593078
2021-08-08,-0.05580248294838954
2021-08-09,0.06130033229464265
2021-08-10,0.03995162943728168
2021-08-11,0.04103232209313676
2021-08-12,-0.020562324916525494
2021-08-13,0.08844293463244692
2021-08-14,0.008847471576758548
2021-08-15,0.02397106710598997
2021-08-16,-0.018295051688754674
2021-08-17,-0.04286234144543653
2021-08-18,0.0050577231075096835
2021-08-19,0.0707186738213114
2021-08-20,0.045799354930081394
2021-08-21,0.004168223270718992
2021-08-22,0.03275441872161399
2021-08-23,0.030018368263609686
2021-08-24,-0.07455372698219914
2021-08-25,0.05184728708773429
2021-08-26,-0.07924847748043869
2021-08-27,0.07485804423587712
2021-08-28,0.0077062183696099615
2021-08-29,-0.0003546500329047468
2021-08-30,-0.028755530160988443
2021-08-31,0.03503223398656381
2021-09-01,0.052457518865181706
2021-09-02,0.003466373888195257
2021-09-03,0.023993263385196376
2021-09-04,0.04123747674330564
2021-09-05,0.03678579278393199
2021-09-06,-0.002821234992484221
2021-09-07,-0.1887748997908058
2021-09-08,0.02077101953868226
2021-09-09,0.04506352542018016
2021-09-10,-0.04365700488400847
2021-09-11,0.019280053793640492
2021-09-12,0.05353570183157601
2021-09-13,-0.054666382502774585
2021-09-14,0.04946642973259659
2021-09-15,0.04427717150031592
2021-09-16,-0.007480561488640723
2021-09-17,-0.04036395399946437
2021-09-18,0.019690232357544017
2021-09-19,-0.03226845272203164
2021-09-20,-0.14400265348351277
2021-09-21,-0.07232794195196818
2021-09-22,0.1408168631257703
2021-09-23,0.039846737677640784
2021-09-24,-0.06980690341886535
2021-09-25,-0.009719005181281446
2021-09-26,-0.003884736583162051
2021-09-27,-0.03025247941011135
2021-09-28,-0.036603928943381554
2021-09-29,0.025090496782930155
2021-09-30,0.05176732356493201
2021-10-01,0.09695169857318192
2021-10-02,0.019050691551254554
2021-10-03,0.029983794037892954
2021-10-04,-0.011559084866481226
2021-10-05,0.034868070043795434
2021-10-06,-0.003270796241279852
2021-10-07,0.006725520613419069
2021-10-08,0.008253027447653957
2021-10-09,0.013566426034637702
2021-10-10,-0.05709416294694195
2021-10-11,0.001012170411242379
2021-10-12,-0.011219603821991357
2021-10-13,0.039413252710422675
2021-10-14,0.02321536047124377
2021-10-15,0.010523661880088075
2021-10-16,0.012521916519286911
2021-10-17,-0.015452971856611198
2021-10-18,-0.007406863229328683
2021-10-19,0.005565297792375318
2021-10-20,0.04591074051799162
2021-10-21,-0.022776185032058124
2021-10-22,0.018520310942846372
2021-10-23,0.009507588633627792
2021-10-24,-0.018582384913086558
2021-10-25,0.04548166964241131
2021-10-26,0.006158856148089031
2021-10-27,-0.09666582514848923
2021-10-28,0.055851034976166544
2021-10-29,0.04897662241480965
2021-10-30,0.03043010512378354
2021-10-31,0.02517938810926675
2021-11-01,0.02832932227119071
2021-11-02,0.04995599671096628
2021-11-03,0.007028359987080276
2021-11-04,-0.01529293399934184
2021-11-05,-0.008817344096598852
2021-11-06,0.004303024326405059
2021-11-07,0.0209912766809203
2021-11-08,0.027345104853233312
2021-11-09,0.002142796603390599
2021-11-10,-0.047980351752884905
2021-11-11,0.03627141064765082
2021-11-12,-0.01061021988874498
2021-11-13,0.021732822529634373
2021-11-14,0.005466887525200455
2021-11-15,-0.01901907987062672
2021-11-16,-0.08447354185229668
2021-11-17,0.02407067590813544
2021-11-18,-0.07151929198329164
2021-11-19,0.06609673461602608
2021-11-20,0.03952887995717942
2021-11-21,-0.0026035742486302384
2021-11-22,-0.02851734830296901
2021-11-23,0.04097489358960916
2021-11-24,-0.005626839968682111
2021-11-25,0.041778317317740774
2021-11-26,-0.06737375221295425
2021-11-27,0.028396327111805335
2021-11-28,0.006524415414971901
2021-11-29,0.01844455321598223
2021-11-30,-0.011494433371788793
2021-12-01,0.005793120285562432
2021-12-02,-0.012395021401910745
2021-12-03,-0.05268645861967659
2021-12-04,-0.1288351545279316
2021-12-05,-0.06155509245552
2021-12-06,0.028203804984267156
2021-12-07,0.011753578071828762
2021-12-08,0.03620061138007861
2021-12-09,-0.09066067026018422
2021-12-10,-0.03843967919093144
2021-12-11,0.054808425757421196
2021-12-12,0.006978358278276707
2021-12-13,-0.11133305444543168
2021-12-14,0.035294716351079024
2021-12-15,0.03711256369740354
2021-12-16,-0.012335437879986446
2021-12-17,-0.01096826411143416
2021-12-18,0.023964507414150606
2021-12-19,-0.013481141614601433
2021-12-20,-0.01295011721368113
2021-12-21,0.0479266392079386
2021-12-22,0.03354623201991274
2021-12-23,0.0747681753785521
2021-12-24,-0.01491380622278962
2021-12-25,0.024879162558989427
2021-12-26,0.016890921024725076
2021-12-27,0.003985777862044764
2021-12-28,-0.0829338199320252
2021-12-29,-0.027104295942497164
2021-12-30,0.01839340221415765
2021-12-31,-0.008875010404433278
2022-01-01,0.050181043656662226
2022-01-02,0.010489939317465008
2022-01-03,-0.005208216961226206
2022-01-04,-0.0037990166521824336
2022-01-05,-0.07518933478720959
2022-01-06,-0.0016346562744866103
2022-01-07,-0.05584580626163757
2022-01-08,-0.04197820083474399
2022-01-09,0.022581127373753437
2022-01-10,-0.04628486757939617
2022-01-11,0.05357800654222721
2022-01-12,0.06046144031587221
2022-01-13,-0.040562123014332964
2022-01-14,0.02395014969326786
2022-01-15,0.011392158471090975
2022-01-16,0.0034979615001207607
2022-01-17,-0.04786086756346717
2022-01-18,-0.016828691418937624
2022-01-19,-0.04159656419486855
2022-01-20,-0.041775763957167714
2022-01-21,-0.13314094285422554
2022-01-22,-0.09687642255835732
2022-01-23,0.04117938781810575
2022-01-24,-0.04042332866855876
2022-01-25,0.01693073716002288
2022-01-26,0.008955747035438938
2022-01-27,-0.0057616288232491385
2022-01-28,0.027581497082795163
2022-01-29,0.03305026689470176
2022-01-30,-0.02059308645058025
2022-01-31,0.026202731083557886
2022-02-01,0.010724247660248558
2022-02-02,-0.04746445354128573
2022-02-03,0.0200218414700992
2022-02-04,0.08791697144535854
2022-02-05,0.025724547456862125
2022-02-06,0.03290722808183951
2022-02-07,0.04563874782432111
2022-02-08,-0.025081781271823856
2022-02-09,0.02963653486488751
2022-02-10,-0.04773196239241031
2022-02-11,-0.06580165118065258
2022-02-12,-0.001651495625830265
2022-02-13,-0.028494111898284085
2022-02-14,0.012952463656759297
2022-02-15,0.08056586965900943
2022-02-16,-0.012167611129610689
2022-02-17,-0.08779288955752765
2022-02-18,-0.02044013875261488
2022-02-19,-0.0015972365170783861
2022-02-20,-0.06275267593861013
2022-02-21,-0.07952286725508934
2022-02-22,0.05366546684078461
2022-02-23,-0.035830685810113394
2022-02-24,-0.0017130040141965545
2022-02-25,0.0654395708644018
2022-02-26,-0.0012099151307261768
2022-02-27,-0.046432829132545025
2022-02-28,0.11877546186842701
2022-03-01,0.022217372381537644
2022-03-02,-0.015150046351445052
2022-03-03,-0.029898533979325476
2022-03-04,-0.06963067476603602
2022-03-05,0.020917781628079037
2022-03-06,-0.05372433380424431
2022-03-07,-0.00710829517207892
2022-03-08,0.030636685412689147
2022-03-09,0.06659764856436039
2022-03-10,-0.04279458234340877
2022-03-11,-0.030414919195674513
2022-03-12,0.0018452041387409111
2022-03-13,-0.028655006049129277
2022-03-14,0.03630033984397316
2022-03-15,0.002803654507831323
2022-03-16,0.06165934367299893
2022-03-17,-0.0045231614090859
2022-03-18,0.040101015551338236
2022-03-19,0.04493550242689068
2022-03-20,-0.03066473599995407
2022-03-21,0.016876666046886393
2022-03-22,0.03171642689056427
2022-03-23,0.03945643771606874
2022-03-24,0.016552535070025676
2022-03-25,-0.016801799162613797
2022-03-26,0.042732092277154375
2022-03-27,0.06571304928177257
2022-03-28,-0.01490094636567647
2022-03-29,0.049175865400487684
2022-03-30,0.038069872717769494
2022-03-31,-0.015536439710029664
2022-04-01,0.03752930198432179
2022-04-02,-0.00325236744272708
2022-04-03,0.033328286183297626
2022-04-04,-0.03191314249896888
2022-04-05,-0.038485671983716295
2022-04-06,-0.10479883627346792
2022-04-07,0.041010892677743035
2022-04-08,-0.057617387729038634
2022-04-09,0.0337712979795674
2022-04-10,-0.03624300826384598
2022-04-11,-0.09025611729064145
2022-04-12,0.04375182798366893
2022-04-13,0.033785822193348164
2022-04-14,-0.026755621174027393
2022-04-15,0.015890630824469225
2022-04-16,-0.0004244734438428131
2022-04-17,-0.03801160521218352
2022-04-18,0.03728262006017856
2022-04-19,0.040113218104941326
2022-04-20,-0.003452661134842916
2022-04-21,-0.03869826405897847
2022-04-22,0.0010125571775086153
2022-04-23,-0.009254708326092256
2022-04-24,-0.014503182613340984
2022-04-25,0.005347484688680595
2022-04-26,-0.07991883010471935
2022-04-27,0.03525813206524874
2022-04-28,-0.00024047327441897935
2022-04-29,-0.0634264606262852
2022-04-30,-0.09454742858027479
2022-05-01,0.04982301302301916
2022-05-02,-0.01828562609351629
2022-05-03,-0.011613496314419816
2022-05-04,0.1083848072635908
2022-05-05,-0.10242502041491876
2022-05-06,-0.007828107969699766
2022-05-07,-0.046261815840845794
2022-05-08,-0.02060432707457247
2022-05-09,-0.19155052535413486
2022-05-10,0.04239642029301655
2022-05-11,-0.25479868439233333
2022-05-12,-0.07701615532093768
2022-05-13,0.10179869872256722
2022-05-14,0.0561437961720572
2022-05-15,0.05824202520030754
2022-05-16,-0.08711641746700954
2022-05-17,0.07254013391744057
2022-05-18,-0.10570119672888732
2022-05-19,0.07368205756637287
2022-05-20,-0.03650840201776083
2022-05-21,0.045142527329908796
2022-05-22,0.03606773808313755
2022-05-23,-0.043275888915160904
2022-05-24,0.033596338359562376
2022-05-25,-0.020054975823868258
2022-05-26,-0.08438334369801824
2022-05-27,-0.03248873516487045
2022-05-28,0.031448485256955226
2022-05-29,0.054703788193003984
2022-05-30,0.106486898532825
2022-05-31,0.0009338745840755396
2022-06-01,-0.08645902805681356
2022-06-02,0.0348904240963253
2022-06-03,-0.034783243402077044
2022-06-04,0.012326223217904143
2022-06-05,-0.005756803425293704
2022-06-06,0.04636750945412692
2022-06-07,0.028789018203460463
2022-06-08,-0.014646505869928007
2022-06-09,0.004021231334162528
2022-06-10,-0.06260252199355171
2022-06-11,-0.07794101542491713
2022-06-12,-0.0794590550634492
2022-06-13,-0.07468423878531488
2022-06-14,0.013353130890631627
2022-06-15,0.08459593813401839
2022-06-16,-0.1165600516764126
2022-06-17,0.03493924778767707
2022-06-18,-0.05318262857955179
2022-06-19,0.08228018899802307
2022-06-20,0.03343041037262924
2022-06-21,0.02970160418938776
2022-06-22,-0.03759573339246641
2022-06-23,0.078709053715876
2022-06-24,0.05078250581392003
2022-06-25,0.012281705463019734
2022-06-26,-0.05589184848139676
2022-06-27,0.00767151301464137
2022-06-28,-0.04488123591823177
2022-06-29,-0.0027588189594997562
2022-06-30,-0.024184471979493263
2022-07-01,-0.016364439370247195
2022-07-02,0.013551594974985289
2022-07-03,0.003535428693978482
2022-07-04,0.04652695921749449
2022-07-05,-0.019371408765617604
2022-07-06,0.023561130443854748
2022-07-07,0.04062334884561237
2022-07-08,-0.015127295691455794
2022-07-09,0.02929401183383597
2022-07-10,-0.038776897849670304
2022-07-11,-0.07183813526127544
2022-07-12,-0.03055384459539139
2022-07-13,0.0563612312053297
2022-07-14,0.036094320291327454
2022-07-15,0.011651813441873568
2022-07-16,0.03257120689925323
2022-07-17,-0.01391855515233368
2022-07-18,0.09264389362074675
2022-07-19,0.027935692025006308
2022-07-20,-0.0543539375717362
2022-07-21,0.02603824229772216
2022-07-22,-0.02334206339705358
2022-07-23,0.008549002119045992
2022-07-24,0.0025186869134151977
2022-07-25,-0.0807068595680883
2022-07-26,0.007749397125924092
2022-07-27,0.08711961932076695
2022-07-28,0.0649889683884649
2022-07-29,0.01919413552918005
2022-07-30,0.01776461676830496
2022-07-31,-0.009031654119818008
2022-08-01,0.017777271533490985
2022-08-02,-0.03451720668496578
2022-08-03,0.007453989867730287
2022-08-04,0.021555430433997734
2022-08-05,0.05292530672386608
2022-08-06,-0.009042448262332225
2022-08-07,0.0062227215452296146
2022-08-08,0.02158368360190739
2022-08-09,-0.04118584912564495
2022-08-10,0.05443511874470519
2022-08-11,-0.0013591843970221483
2022-08-12,0.024524571381089443
2022-08-13,-0.010531691942061373
2022-08-14,-0.023308668491519743
2022-08-15,-0.007401481443330863
2022-08-16,-0.0062761863571344145
2022-08-17,-0.044708017601296654
2022-08-18,-0.050004566255280186
2022-08-19,-0.08318151896352181
2022-08-20,0.0020345750501203092
2022-08-21,0.03151582030073168
2022-08-22,-0.009580831256279137
2022-08-23,0.021890301117905228
2022-08-24,-0.0016940321048788314
2022-08-25,0.011583577219777583
2022-08-26,-0.08942705039074283
2022-08-27,0.0020956241165040763
2022-08-28,-0.03052044087485534
2022-08-29,0.06598239616285066
2022-08-30,-0.02835851815780698
2022-08-31,-0.00046728430969838607
2022-09-01,0.012454051281078292
2022-09-02,-0.006693712645323743
2022-09-03,0.0008045570643395322
2022-09-04,0.0198308402188148
2022-09-05,-0.0008748746921668164
2022-09-06,-0.07535062022278619
2022-09-07,0.056729533584573145
2022-09-08,0.011147394414069998
2022-09-09,0.06582282178160907
2022-09-10,0.002106844830016765
2022-09-11,-0.0036094997628889863
2022-09-12,-0.003157915049629957
2022-09-13,-0.07739834460082629
2022-09-14,0.010502853834055477
2022-09-15,-0.03951071314995877
2022-09-16,0.011935219675404611
2022-09-17,0.026987726749191504
2022-09-18,-0.08949595271991902
2022-09-19,0.02919856624510368
2022-09-20,-0.01972408421017512
2022-09-21,-0.027662977662943355
2022-09-22,0.06334099151154962
2022-09-23,0.010070541752651142
2022-09-24,-0.020110223968666182
2022-09-25,-0.014060665567245707
2022-09-26,0.020175299733454947
2022-09-27,-0.006503676864454446
2022-09-28,0.0038108824274060114
2022-09-29,0.007327091482210991
2022-09-30,-0.001884067421758105
2022-10-01,-0.005114416860843295
2022-10-02,-0.024260297285783976
2022-10-03,0.03557126434685572
2022-10-04,0.01737032852418887
2022-10-05,-0.0028937391646940962
2022-10-06,-0.010560659459424608
2022-10-07,-0.0014711873201490677
2022-10-08,-0.00831566712113709
2022-10-09,0.0075621863021222485
2022-10-10,-0.04257926939381875
2022-10-11,-0.013212086758654653
2022-10-12,-0.0031791984460406734
2022-10-13,-0.015170155959211694
2022-10-14,-0.00813275636536369
2022-10-15,0.0033633814107688685
2022-10-16,0.018201104632740828
2022-10-17,0.020759890382937633
2022-10-18,-0.012372476421136326
2022-10-19,-0.03859875028595159
2022-10-20,-0.006876018485604527
2022-10-21,0.010258162704896424
2022-10-22,0.00189001975943154
2022-10-23,0.024045907005238076
2022-10-24,-0.01748509278739868
2022-10-25,0.03087866542841517
2022-10-26,0.025045211368157013
2022-10-27,-0.011663718576492729
2022-10-28,0.02802868667342241
2022-10-29,0.028756752033379112
2022-10-30,-0.0127174464688092
2022-10-31,-0.0011076937628675617
2022-11-01,-0.011587679647330797
2022-11-02,-0.013461187658778706
2022-11-03,0.0646909088375576
2022-11-04,0.06829106010115346
2022-11-05,-0.0037512266232935373
2022-11-06,-0.055515649651097086
2022-11-07,0.008435707620321134
2022-11-08,-0.16371767875926002
2022-11-09,-0.1948161744461632
2022-11-10,0.18738764431625085
2022-11-11,-0.034532587331161275
2022-11-12,-0.055949035845946495
2022-11-13,-0.014272074833857283
2022-11-14,0.032139017020578156
2022-11-15,0.02091234238567915
2022-11-16,-0.01909300002633467
2022-11-17,-0.005003677256784241
2022-11-18,0.006640072780080438
2022-11-19,0.006654587830326246
2022-11-20,-0.0578489478907481
2022-11-21,-0.010886878933931888
2022-11-22,0.036511179521010795
2022-11-23,0.04138075166304341
2022-11-24,-0.002511828060437872
2022-11-25,-0.0034184602285910566
2022-11-26,0.0035416179578364464
2022-11-27,0.0008985351504391299
2022-11-28,-0.009893883595361879
2022-11-29,0.013488235657631385
2022-11-30,0.04100657627035017
2022-12-01,-0.010827596124991977
2022-12-02,0.0168560473038077
2022-12-03,-0.02770977733645918
2022-12-04,0.016794512086642642
2022-12-05,-0.003976312822693527
2022-12-06,0.0019706266051706185
2022-12-07,-0.036139937855499786
2022-12-08,0.018050733371439975
2022-12-09,-0.0036469523056961925
2022-12-10,0.004552350845457762
2022-12-11,-0.01693730910517335
2022-12-12,-0.0030918284217970275
2022-12-13,0.01525473875222772
2022-12-14,-0.010256007718843002
2022-12-15,-0.016459449620901432
2022-12-16,-0.10520208353483074
2022-12-17,0.016617221728492254
2022-12-18,-0.009338220770543195
2022-12-19,-0.042552720185801425
2022-12-20,0.04165661973826649
2022-12-21,-0.01064304848200006
2022-12-22,0.0033074696555898814
2022-12-23,0.00015961779647894709
2022-12-24,-0.0033088218203139374
2022-12-25,-0.005798567987840473
2022-12-26,0.013536885698357433
2022-12-27,-0.01016405154007555
2022-12-28,-0.03457095180262443
2022-12-29,-0.005944931553014662
2022-12-30,-0.006237555039484101
2022-12-31,0.0008891898817526884
2023-01-01,0.011223363990448983
2023-01-02,0.020740769949239072
2023-01-03,0.003055005014185475
2023-01-04,0.02767441368787833
2023-01-05,-0.007945563486868734
2023-01-06,0.017948860662598168
2023-01-07,0.002064389429742639
2023-01-08,0.04538323100972907
2023-01-09,0.030104467405147682
2023-01-10,0.02061117974807194
2023-01-11,0.01303834829223154
2023-01-12,0.03036494092373166
2023-01-13,0.05241884650564105
2023-01-14,0.05698669814647487
2023-01-15,0.010600248497016372
2023-01-16,-0.003426158575377332
2023-01-17,-0.0014672438709625291
2023-01-18,-0.058687583983620076
2023-01-19,0.027624193782938254
2023-01-20,0.08591153308789676
2023-01-21,-0.0064992587811418725
2023-01-22,0.025627051105636955
2023-01-23,0.026558217097350127
2023-01-24,-0.03539610305311458
2023-01-25,0.046696270024266566
2023-01-26,0.015287937398975803
2023-01-27,0.029739761925221764
2023-01-28,-0.017870711895043277
2023-01-29,0.030997222209910698
2023-01-30,-0.06285541429241502
2023-01-31,0.02567872228761101
2023-02-01,0.05141683155205681
2023-02-02,-0.004516881883501613
2023-02-03,0.03748850646806406
2023-02-04,0.00045663611164262083
2023-02-05,-0.02421846675289784
2023-02-06,-0.005757035177238041
2023-02-07,0.08374617046562685
2023-02-08,-0.02623157150719043
2023-02-09,-0.10310422901943277
2023-02-10,0.00759811045972612
2023-02-11,0.03290502314145887
2023-02-12,-0.011401127532305927
2023-02-13,-0.022592991449271387
2023-02-14,0.04582478495843935
2023-02-15,0.07924392615565355
2023-02-16,-0.05144805574765647
2023-02-17,0.06501014579030807
2023-02-18,0.007786977313056719
2023-02-19,0.0015003515832768028
2023-02-20,0.04724385825715461
2023-02-21,-0.022085142896284278
2023-02-22,-0.014718826876233588
2023-02-23,-0.003949063090247535
2023-02-24,-0.051362014994525765
2023-02-25,-0.015029505219945574
2023-02-26,0.028853485448008823
2023-02-27,-0.00600557586545632
2023-02-28,-0.03357888032797447
2023-03-01,0.045996565456937186
2023-03-02,-0.028113160663687423
2023-03-03,-0.06557787584891907
2023-03-04,-0.03652199790681233
2023-03-05,0.004050467736977508
2023-03-06,0.008122575165691648
2023-03-07,-0.02334039222338004
2023-03-08,-0.06482456588504171
2023-03-09,-0.05638826968203488
2023-03-10,0.002833174957776051
2023-03-11,-0.021249683659455686
2023-03-12,0.100101502531787
2023-03-13,0.05466072839968811
2023-03-14,0.04832729832765088
2023-03-15,-0.07510828323005056
2023-03-16,0.0216838961780139
2023-03-17,0.09058708340315395
2023-03-18,-0.03056922691474952
2023-03-19,0.03190606483783953
2023-03-20,-0.047370385606271576
2023-03-21,0.03038018817543874
2023-03-22,-0.04608995066306853
2023-03-23,0.044052683913420716
2023-03-24,-0.03995140116256357
2023-03-25,-0.019894583288641094
2023-03-26,0.02184709822437016
2023-03-27,-0.04838433784696154
2023-03-28,0.02990377316964064
2023-03-29,0.051828150972091064
2023-03-30,-0.01772348134539556
2023-03-31,0.027654601590658776
2023-04-01,0.006304503478622513
2023-04-02,-0.02657513830992939
2023-04-03,0.008619795053134432
2023-04-04,0.024314090070914673
2023-04-05,0.0100265425361397
2023-04-06,-0.010997644147966001
2023-04-07,-0.009185402127715563
2023-04-08,-0.00643570968736609
2023-04-09,0.011601596422658218
2023-04-10,0.02862184710024977
2023-04-11,-0.006486036909312544
2023-04-12,-0.008899959077213181
2023-04-13,0.02898815481801048
2023-04-14,0.036861952038366126
2023-04-15,0.0025452949569581135
2023-04-16,0.02528353731748003
2023-04-17,-0.018054800505652845
2023-04-18,0.02155628455042931
2023-04-19,-0.08796403024128545
2023-04-20,-0.02863665559172113
2023-04-21,-0.04903892849050245
2023-04-22,0.030063857798493857
2023-04-23,-0.020229802488912266
2023-04-24,-0.0018985044104876977
2023-04-25,0.02156771802013929
2023-04-26,-0.012656218929496232
2023-04-27,0.023408778179241817
2023-04-28,-0.009648644980623806
2023-04-29,0.010595798443276239
2023-04-30,-0.024631896536221803
2023-05-01,-0.026057199031357527
2023-05-02,0.00857379951936677
2023-05-03,0.013937289353872931
2023-05-04,-0.021143678233218992
2023-05-05,0.018655513740432787
2023-05-06,-0.0513020198462963
2023-05-07,-0.009916802457087554
2023-05-08,-0.07773320670467175
2023-05-09,0.004889648165111516
2023-05-10,0.022668863341492297
2023-05-11,-0.05067331219154042
2023-05-12,0.026149225354170844
2023-05-13,-0.01362212492462298
2023-05-14,0.012597626947354133
2023-05-15,0.010414101633542977
2023-05-16,0.006716104877096098
2023-05-17,0.02929249166036199
2023-05-18,-0.018370782079932802
2023-05-19,0.00535362040392922
2023-05-20,0.0007891911141858082
2023-05-21,-0.025920824763701434
2023-05-22,0.007201529118331333
2023-05-23,0.018613626892883376
2023-05-24,-0.028936212832097047
2023-05-25,-0.0016459355819689876
2023-05-26,0.007356357932822699
2023-05-27,0.011415348411242964
2023-05-28,0.032200944728014526
2023-05-29,-0.011288222522606675
2023-05-30,0.005229129991659048
2023-05-31,-0.028345351182553078
2023-06-01,-0.001957623286693084
2023-06-02,0.028919480168805932
2023-06-03,-0.007405479335644422
2023-06-04,0.0026033120903563613
2023-06-05,-0.08889334524999098
2023-06-06,0.03738030224108809
2023-06-07,-0.05527986863273292
2023-06-08,0.003132381277392292
2023-06-09,-0.010800541570719547
2023-06-10,-0.13964062588357573
2023-06-11,0.002113381057975227
2023-06-12,0.01618628727849955
2023-06-13,0.007296770724412292
2023-06-14,-0.034996375268663664
2023-06-15,0.016509480572720517
2023-06-16,0.018224815571158244
2023-06-17,0.015974940060763818
2023-06-18,-0.01923082486438902
2023-06-19,0.015047740534613113
2023-06-20,0.04082049353632044
2023-06-21,0.05167568407037888
2023-06-22,-0.01586523515813127
2023-06-23,0.04266772859567864
2023-06-24,-0.0012410392642862552
2023-06-25,0.018090362170577585
2023-06-26,-0.024312287095742003
2023-06-27,0.017063917406565106
2023-06-28,-0.0632055769741033
2023-06-29,0.015381613214055538
2023-06-30,0.05179601527621891
2023-07-01,0.023208607551506
2023-07-02,-0.0008654708707926517
2023-07-03,0.02653824763177679
2023-07-04,-0.01384991361795875
2023-07-05,-0.02958140872960703
2023-07-06,-0.03644974052856725
2023-07-07,0.01723637547248369
2023-07-08,-0.0009780167817275533
2023-07-09,-0.008399619699386102
2023-07-10,0.005067430931269784
2023-07-11,0.0036565781193721404
2023-07-12,-0.001931940106180953
2023-07-13,0.08131248306354324
2023-07-14,-0.024644259982975376
2023-07-15,0.0033864314397361187
2023-07-16,-0.02395803875344209
2023-07-17,0.018244700187182904
2023-07-18,-0.026172614792831696
2023-07-19,-0.00016878654192069563
2023-07-20,0.00895647744918704
2023-07-21,0.0021440085271701662
2023-07-22,-0.01201070592594512
2023-07-23,0.01614010753486646
2023-07-24,-0.04730666682050603
2023-07-25,-0.002831546992773755
2023-07-26,0.012706084792580535
2023-07-27,0.003811900415053559
2023-07-28,0.011395568836837764
2023-07-29,0.008434690165103627
2023-07-30,-0.01716908270220599
2023-07-31,-0.007465848776903069
2023-08-01,0.015925922462880545
2023-08-02,-0.02654855290355974
2023-08-03,-0.009042804855545988
2023-08-04,-0.0041771594960694864
2023-08-05,0.0011709127791829776
2023-08-06,0.01740667336733544
2023-08-07,-0.001771922775198475
2023-08-08,0.006356151211452803
2023-08-09,-0.0013641799825892982
2023-08-10,-0.005406193470967649
2023-08-11,0.0065581622254569085
2023-08-12,0.006106664579330091
2023-08-13,0.008987398576575331
2023-08-14,0.006953541443874907
2023-08-15,-0.05579910367384679
2023-08-16,-0.04479937105691655
2023-08-17,-0.09004304034276467
2023-08-18,0.02577519901681039
2023-08-19,0.01910914709588737
2023-08-20,-0.0005559947211526406
2023-08-21,-0.0166054197420962
2023-08-22,-0.004906801922881001
2023-08-23,0.026175946326046855
2023-08-24,-0.01846359878581302
2023-08-25,-0.009191634564378213
2023-08-26,-0.006817854930567033
2023-08-27,0.009292915459036589
2023-08-28,-3.806362553218165e-05
2023-08-29,0.04538021091037657
2023-08-30,-0.013363870192284973
2023-08-31,-0.03185284549463242
2023-09-01,-0.008394208827281178
2023-09-02,0.00866696463590486
2023-09-03,0.001877503168242429
2023-09-04,0.0024269225752931323
2023-09-05,0.021812766623344693
2023-09-06,0.006994971070339868
2023-09-07,0.01767523903499477
2023-09-08,-0.004861860919059255
2023-09-09,-0.0046732729541336514
2023-09-10,-0.033195691153916775
2023-09-11,-0.03629449403359793
2023-09-12,0.01064358884718779
2023-09-13,0.021503486555465117
2023-09-14,0.015504422883278104
2023-09-15,0.033671729829644476
2023-09-16,0.004818800216563617
2023-09-17,-0.04124801245716526
2023-09-18,0.01636566193261811
2023-09-19,0.027878090245186855
2023-09-20,0.0007316452091416588
2023-09-21,-0.022042224074768958
2023-09-22,0.015708317373319628
2023-09-23,-0.005824234815786605
2023-09-24,-0.017057480204159942
2023-09-25,0.013850582884706343
2023-09-26,0.0019111133350615012
2023-09-27,0.0011275428295201536
2023-09-28,0.022873101824047986
2023-09-29,0.006208832664397624
2023-09-30,0.0065891476820638
2023-10-01,0.044845595168443914
2023-10-02,-0.03688197684168613
2023-10-03,-0.02476647826206515
2023-10-04,-0.004819972247108015
2023-10-05,-0.013280006941056894
2023-10-06,0.02338656030255751
2023-10-07,-0.003747384935787622
2023-10-08,0.0002927710032771495
2023-10-09,-0.03895540880891416
2023-10-10,-0.007669300872987809
2023-10-11,-0.007025846333697667
2023-10-12,-0.0040501787013913874
2023-10-13,0.008462775950756044
2023-10-14,0.006735465187316874
2023-10-15,0.01454465478616894
2023-10-16,0.017225096040832655
2023-10-17,-0.02979631093854629
2023-10-18,-0.021968103250300082
2023-10-19,-0.00987247031788787
2023-10-20,0.0316762708362367
2023-10-21,0.029597169986680178
2023-10-22,0.01620447469493295
2023-10-23,0.05612908091670745
2023-10-24,0.02052119495266123
2023-10-25,0.023838651341661223
2023-10-26,0.003917234665764354
2023-10-27,-0.011795539120394605
2023-10-28,0.0316855178214174
2023-10-29,0.021852739925608676
2023-10-30,0.019134202952186544
2023-10-31,-0.019666800781780392
2023-11-01,0.03634467529423607
2023-11-02,-0.02218235352992247
2023-11-03,0.016382981165331732
2023-11-04,0.02873180744311998
2023-11-05,0.012281089071196603
2023-11-06,0.03646140825715644
2023-11-07,-0.01831432847001568
2023-11-08,0.027661557124299577
2023-11-09,0.0004149619122847554
2023-11-10,0.05074846084883005
2023-11-11,0.008569323096190228
2023-11-12,0.012955374145259683
2023-11-13,-0.044419872774465054
2023-11-14,-0.005182539506296035
2023-11-15,0.057972619582070735
2023-11-16,-0.04281234128057609
2023-11-17,-0.00377367252219921
2023-11-18,-0.012173136159442788
2023-11-19,0.03182892241689781
2023-11-20,-0.008603987278164738
2023-11-21,-0.09026294383500601
2023-11-22,0.08152256999754068
2023-11-23,0.007596673222413029
2023-11-24,0.027750317968513627
2023-11-25,0.024669500291294513
2023-11-26,-0.009210527323776372
2023-11-27,-0.02853955257564608
2023-11-28,0.02063772697734646
2023-11-29,-0.007655666211579177
2023-11-30,0.002850465366943326
2023-12-01,0.020526864798957285
2023-12-02,0.03821128898127016
2023-12-03,0.0024166531741041993
2023-12-04,0.04357362155731989
2023-12-05,0.02419034062134809
2023-12-06,-0.027069534992257015
2023-12-07,0.029480145669743624
2023-12-08,0.03396370770258591
2023-12-09,-0.009490935037807027
2023-12-10,0.018783489624678858
2023-12-11,-0.0641737862921091
2023-12-12,0.01968250228930855
2023-12-13,0.01492547145834907
2023-12-14,0.03411362775430151
2023-12-15,-0.04392764364818294
2023-12-16,0.03424847577295847
2023-12-17,-0.02234684096193884
2023-12-18,0.00016237827209468757
2023-12-19,-0.007920767367615038
2023-12-20,0.04280363758511387
2023-12-21,0.0277697337649728
2023-12-22,0.025436593442004485
2023-12-23,0.014514460876622443
2023-12-24,0.0034963556520256063
2023-12-25,0.041946787863616886
2023-12-26,0.005347777540092847
2023-12-27,0.015212440239732271
2023-12-28,-0.03649082469550992
2023-12-29,-0.005744484720040715
2023-12-30,-0.005557668790072523
2023-12-31,-0.008419641493318558
2024-01-01,0.042345234306709556
2024-01-02,-0.007300389192973197
2024-01-03,-0.07088951329837026
2024-01-04,0.02787266071075766
2024-01-05,-0.025490384559645293
2024-01-06,-0.028098147189641383
2024-01-07,-0.05104319158264689
2024-01-08,0.05607513327983553
2024-01-09,-0.04282751454194348
2024-01-10,0.08298067687686271
2024-01-11,0.030006925384553965
2024-01-12,-0.042312446133031506
2024-01-13,0.020366815453671253
2024-01-14,-0.03250240651597944
2024-01-15,0.02545627974246825
2024-01-16,0.02336524249371867
2024-01-17,-0.009397018261044708
2024-01-18,-0.050312502947007884
2024-01-19,0.0012700017012254768
2024-01-20,0.013337464916221679
2024-01-21,-0.002116336014124564
2024-01-22,-0.05787725100330145
2024-01-23,-0.013285033055286173
2024-01-24,0.02222149402299166
2024-01-25,-0.012634808774940803
2024-01-26,0.04583288921387729
2024-01-27,0.01567864257661632
2024-01-28,-0.019460212849293047
2024-01-29,0.03257118791525206
2024-01-30,-0.012843413202446852
2024-01-31,-0.036331580905377664
2024-02-01,0.007005045770283177
2024-02-02,0.014280334891262916
2024-02-03,-0.00660514758700879
2024-02-04,-0.022931214422985177
2024-02-05,0.008584549805614121
2024-02-06,0.004126225216981343
2024-02-07,0.034323623892105144
2024-02-08,0.0043737985791763275
2024-02-09,0.03562847764998188
2024-02-10,0.002662772094295331
2024-02-11,0.0024556749859364433
2024-02-12,0.0363636071551091
2024-02-13,0.0024138052255346268
2024-02-14,0.04083948700410004
2024-02-15,0.02063102327012419
2024-02-16,0.006465260956825207
2024-02-17,0.007942181503196437
2024-02-18,0.030687514597353274
2024-02-19,0.026340923679099053
2024-02-20,-0.016111976459986205
2024-02-21,-0.02030777729781489
2024-02-22,0.012290145235986016
2024-02-23,-0.0028657773726812824
2024-02-24,0.03624320304266224
2024-02-25,0.020356577450946135
2024-02-26,0.03363020917512105
2024-02-27,0.013440034953809394
2024-02-28,0.01578693253868524
2024-02-29,0.009030006220773332
2024-03-01,0.06976768972284507
2024-03-02,0.0506648958760385
2024-03-03,0.0008882874929924906
2024-03-04,0.016588272019648145
2024-03-05,-0.06700894122613055
2024-03-06,0.08029121186518007
2024-03-07,0.040744567384575804
2024-03-08,0.009100765053825696
2024-03-09,0.04262165307313768
2024-03-10,0.0037067691333599216
2024-03-11,0.037787300714969475
2024-03-12,0.010510090430666575
2024-03-13,0.018398725262025545
2024-03-14,-0.015735855003324545
2024-03-15,-0.049280919566144894
2024-03-16,-0.08489219147452355
2024-03-17,0.052565046606281404
2024-03-18,-0.05749400478177837
2024-03-19,-0.08003603382845208
2024-03-20,0.10988508645979034
2024-03-21,0.00720416126958198
2024-03-22,-0.02038664171116531
2024-03-23,0.012625603667769183
2024-03-24,0.045135029767714455
2024-03-25,0.04612664385508462
2024-03-26,0.026107828039579593
2024-03-27,-0.022102920715865674
2024-03-28,0.0165004546489486
2024-03-29,-0.0047408541355672285
2024-03-30,-0.015160438123624921
2024-03-31,0.02820350067015326
2024-04-01,-0.042476826182054915
2024-04-02,-0.06846925029950822
2024-04-03,-0.006195194879872672
2024-04-04,0.0267308110394184
2024-04-05,-0.022969055682169084
2024-04-06,0.026426308161870915
2024-04-07,0.023946680289161807
2024-04-08,0.041153095371481735
2024-04-09,-0.05122687146486893
2024-04-10,-0.003456713178170165
2024-04-11,-0.01605914454655152
2024-04-12,-0.1580093565900984
2024-04-13,-0.12915829015926128
2024-04-14,0.0842671308447468
2024-04-15,-0.043903294760713286
2024-04-16,0.0050180013086051625
2024-04-17,-0.026023223242566413
2024-04-18,0.03353940190356032
2024-04-19,0.012811109064241556
2024-04-20,0.0837942424182605
2024-04-21,-0.015676667407779458
2024-04-22,0.0314279657735576
2024-04-23,-0.0038967284309678603
2024-04-24,-0.04322225999921559
2024-04-25,0.003395477723498118
2024-04-26,-0.025501272851851633
2024-04-27,0.010249454525045163
2024-04-28,-0.01097981779258737
2024-04-29,-0.008664301971701194
2024-04-30,-0.06250891700433116
2024-05-01,0.008242374327717036
2024-05-02,0.019509852772578284
2024-05-03,0.04865059781816663
2024-05-04,0.003349253332123639
2024-05-05,0.017909686973433186
2024-05-06,-0.01976785975198908
2024-05-07,-0.021620444071599788
2024-05-08,-0.00667767337766188
2024-05-09,0.03778476832923509
2024-05-10,-0.039410820753933186
2024-05-11,-0.0019804839169842475
2024-05-12,-0.0073983223716109145
2024-05-13,-0.010265603637750994
2024-05-14,-0.03496177193434926
2024-05-15,0.07260666545974635
2024-05-16,-0.009691421332896775
2024-05-17,0.030453347617066192
2024-05-18,0.0004676200274952349
2024-05-19,-0.038605961097168864
2024-05-20,0.09268037783895265
2024-05-21,0.006084597301456935
2024-05-22,-0.009171077823482072
2024-05-23,-0.011405977801427863
2024-05-24,0.012328968332086767
2024-05-25,0.01522258630622073
2024-05-26,-0.008167598465425436
2024-05-27,0.033803591943213564
2024-05-28,-0.00831283759778514
2024-05-29,-0.014749641997293669
2024-05-30,-0.0017494872166024704
2024-05-31,0.002782557589210066
2024-06-01,0.009882442071620262
2024-06-02,-0.00447208014937458
2024-06-03,0.007688285124717673
2024-06-04,0.023454695970326737
2024-06-05,0.01602540229923915
2024-06-06,-0.014531289968685702
2024-06-07,-0.07486404878386421
2024-06-08,-0.03775018105124982
2024-06-09,0.0183531523824641
2024-06-10,-0.02952326462656705
2024-06-11,-0.04914129844989406
2024-06-12,0.04092312515069344
2024-06-13,-0.050320490363072325
2024-06-14,-0.02695156197089879
2024-06-15,0.009883067475396834
2024-06-16,0.009166376675920606
2024-06-17,-0.0800885771351326
2024-06-18,-0.066153487409935
2024-06-19,0.02146328738738342
2024-06-20,0.004047907242197872
2024-06-21,-0.006123630980025729
2024-06-22,-0.005267427529443119
2024-06-23,-0.030262807663250398
2024-06-24,0.025099856097623156
2024-06-25,0.023289212136946052
2024-06-26,-0.01897428097116748
2024-06-27,0.020811515369166898
2024-06-28,-0.03288791508008588
2024-06-29,-0.01560757574977859
2024-06-30,0.042290849982757006
2024-07-01,-0.014836620224849292
2024-07-02,0.005685679809752866
2024-07-03,-0.05151944448335236
2024-07-04,-0.10608732322589841
2024-07-05,-0.029945175336264392
2024-07-06,0.08285860037227497
2024-07-07,-0.05849843876451508
2024-07-08,0.03375328317540405
2024-07-09,0.028165776857408266
2024-07-10,0.011328565578818568
2024-07-11,-0.023031118001151415
2024-07-12,0.021341437104992853
2024-07-13,0.01572756451792537
2024-07-14,0.033153401093372066
2024-07-15,0.06700933159715051
2024-07-16,0.007637439889468528
2024-07-17,0.001092684751378559
2024-07-18,-0.004347054323024582
2024-07-19,0.034787239264603004
2024-07-20,0.00619198371024267
2024-07-21,0.01656317964505046
2024-07-22,-0.048871538008016996
2024-07-23,-0.024120139692460248
2024-07-24,-0.016588056955955388
2024-07-25,-0.02335761327153424
2024-07-26,0.0548945791255913
2024-07-27,0.0028032098122532235
2024-07-28,-0.020278478335909265
2024-07-29,-0.00011655513055150836
2024-07-30,-0.02161576098864572
2024-07-31,-0.021357426936825224
2024-08-01,-0.015145121738297452
2024-08-02,-0.06980995719122979
2024-08-03,-0.05450409837879258
2024-08-04,-0.05164067365097479
2024-08-05,-0.07937601264030121
2024-08-06,0.06723832509148507
2024-08-07,-0.028974549846591587
2024-08-08,0.12088597601429776
2024-08-09,-0.012419959485895943
2024-08-10,0.01708458016002099
2024-08-11,-0.06046635017548379
2024-08-12,0.05644939253347389
2024-08-13,0.008393626098573569
2024-08-14,-0.02450941160355571
2024-08-15,-0.03420922163558874
2024-08-16,-0.0005276101549217171
2024-08-17,0.028009448284096763
2024-08-18,0.00873780450759012
2024-08-19,0.02057316683436487
2024-08-20,0.008593500935521388
2024-08-21,0.03485487001707635
2024-08-22,0.012922279465845472
2024-08-23,0.07819638529346529
2024-08-24,0.016691410944063564
2024-08-25,-0.02366555892628106
2024-08-26,-0.055301849815768196
2024-08-27,-0.05578415415033692
2024-08-28,-0.01414219862191494
2024-08-29,-0.0018827775414720217
2024-08-30,0.0008555363392532007
2024-08-31,-0.0194158114387073
2024-09-01,-0.04845526874439521
2024-09-02,0.05664013185669486
2024-09-03,-0.04670319990045651
2024-09-04,0.02338456172262308
2024-09-05,-0.029025457300781786
2024-09-06,-0.02679095523601882
2024-09-07,0.01913278530024091
2024-09-08,0.028848479609369183
2024-09-09,0.04259110444603994
2024-09-10,0.012301364593960048
2024-09-11,-0.02120422832447491
2024-09-12,0.03136302846857236
2024-09-13,0.022392615515140126
2024-09-14,-0.006584966328157312
2024-09-15,-0.032000861433764564
2024-09-16,-0.025445637330145838
2024-09-17,0.04261967852836983
2024-09-18,0.039097479507165724
2024-09-19,0.038173126838015124
2024-09-20,0.018743261369498374
2024-09-21,0.020191644168708223
2024-09-22,-0.031209606578788646
2024-09-23,0.03504493120558744
2024-09-24,0.0268599950350488
2024-09-25,-0.01607394950850076
2024-09-26,0.03969464733504549
2024-09-27,0.02633600889888897
2024-09-28,-0.0197392361055849
2024-09-29,0.007458974246017163
2024-09-30,-0.054008856278307746
2024-10-01,-0.0782584776133597
2024-10-02,-0.023762912144329663
2024-10-03,-0.012849417910444774
2024-10-04,0.04931683062081595
2024-10-05,-0.007262218616905445
2024-10-06,0.03208237894890201
2024-10-07,-0.010909023712328384
2024-10-08,-0.009488921324901537
2024-10-09,-0.030031808827472133
2024-10-10,0.007991709939666929
2024-10-11,0.04814463147640878
2024-10-12,0.019009349607284693
2024-10-13,-0.006530427496022311
2024-10-14,0.05747322602553825
2024-10-15,-0.018666323781990624
2024-10-16,-0.025147676452293693
2024-10-17,-0.01849354834360419
2024-10-18,0.03480411892146472
2024-10-19,0.005586501537544111
2024-10-20,0.04610668115346404
2024-10-21,-0.03657257854534033
2024-10-22,0.003028317731054917
2024-10-23,-0.03803263064099475
2024-10-24,0.0158811767365029
2024-10-25,-0.08452757584393604
2024-10-26,0.012138204364810974
2024-10-27,0.019203255102322285
2024-10-28,0.0016380854158066804
2024-10-29,0.04514171152943385
2024-10-30,-0.011746309052080742
2024-10-31,-0.048595443361406365
2024-11-01,-0.014516004946319107
2024-11-02,-0.022178812027402302
2024-11-03,-0.03819834789285019
2024-11-04,-0.02654497960236875
2024-11-05,0.04850312842278581
2024-11-06,0.11864066496595285
2024-11-07,0.015226232882774552
2024-11-08,0.0007177608195601627
2024-11-09,0.05179999404432258
2024-11-10,0.043712065431409985
2024-11-11,0.05331303038353615
2024-11-12,-0.04238189679579579
2024-11-13,-0.014494964139867618
2024-11-14,-0.03242417284989285
2024-11-15,0.056078074624139204
2024-11-16,0.058460203514593606
2024-11-17,-0.03446586795496427
2024-11-18,0.058645515433209644
2024-11-19,-0.028434836756444048
2024-11-20,-0.05548341482483478
2024-11-21,0.06597104012305861
2024-11-22,0.029430075116922496
2024-11-23,0.0632300692826468
2024-11-24,0.050999073410059825
2024-11-25,-0.02835742366106756
2024-11-26,-0.008227991151165674
2024-11-27,0.06787677472933107
2024-11-28,-0.001420626064542652
2024-11-29,0.03263769496003233
2024-11-30,0.03747423586936381
2024-12-01,0.013703876974916226
2024-12-02,0.02151902756348164
2024-12-03,0.07274662645725627
2024-12-04,0.018485705228668135
2024-12-05,-0.0028182067801172644
2024-12-06,0.03918636013818743
2024-12-07,0.0011493876919707634
2024-12-08,0.010202604134743052
2024-12-09,-0.1679390011306777
2024-12-10,-0.02639245375572
2024-12-11,0.08518470634346614
2024-12-12,0.012165384096759529
2024-12-13,0.0022988377823506797
2024-12-14,-0.045440000658491374
2024-12-15,0.032762194083789796
2024-12-16,-0.03043370899310947
2024-12-17,-0.05235724880093414
2024-12-18,-0.08695303079186917
2024-12-19,-0.07144325877408783
2024-12-20,0.04846405234252029
2024-12-21,-0.04673316695292064
2024-12-22,0.0005780829658016828
2024-12-23,0.06918529047399122
2024-12-24,0.03895154813434482
2024-12-25,-0.013349464370619204
2024-12-26,-0.05968875059806357
2024-12-27,0.012278229293072762
2024-12-28,0.038957439867297786
2024-12-29,-0.03784641374794859
2024-12-30,-0.0036355958683580315
2024-12-31,-0.011136874563565647
2025-01-01,0.029151152589057847
2025-01-02,0.03279215523943132
2025-01-03,0.05227630329342907
2025-01-04,-0.0007567352835937763
2025-01-05,0.0023502378936390207
2025-01-06,0.005909639018509411
2025-01-07,-0.09978621375047593
2025-01-08,-0.03737344961336194
2025-01-09,-0.029315434129096252
2025-01-10,0.0231424751873225
2025-01-11,-0.005804932692704288
2025-01-12,-0.02086120845590034
2025-01-13,-0.03315615546335641
2025-01-14,0.04175660051197204
2025-01-15,0.061613906307534674
2025-01-16,-0.02500087363430952
2025-01-17,0.05968595150695148
2025-01-18,-0.06583383221221449
2025-01-19,-0.08644320490868708
2025-01-20,-0.007236247468502258
2025-01-21,0.028067242187417293
2025-01-22,-0.023346213161233222
2025-01-23,-0.009460156184404468
2025-01-24,-0.0332470190014373
2025-01-25,0.01133308064875347
2025-01-26,-0.023398149883503222
2025-01-27,-0.018040106033251728
2025-01-28,-0.07063777332275019
2025-01-29,0.03692376870024361
2025-01-30,0.03676545770845413
