date,bench_hs300
2015-01-05,0.0
2015-01-06,-0.00013181236509829386
2015-01-07,0.0007497816569899118
2015-01-08,-0.023198373122490512
2015-01-09,-0.0035232042615600534
2015-01-12,-0.00934384445346681
2015-01-13,0.00013092059950259305
2015-01-14,-0.003306735267669114
2015-01-15,0.029037065800218143
2015-01-16,0.008609591245574588
2015-01-19,-0.07702295641170243
2015-01-20,0.012237866450482304
2015-01-21,0.04495291824440106
2015-01-22,0.005274888768037389
2015-01-23,0.0011548347493139932
2015-01-26,0.01015194317599577
2015-01-27,-0.009162996571498216
2015-01-28,-0.013877194798219694
2015-01-29,-0.012344978611870672
2015-01-30,-0.013616520190706027
2015-02-02,-0.02341900599524216
2015-02-03,0.024892962348984415
2015-02-04,-0.010379787342361335
2015-02-05,-0.010235847808640841
2015-02-06,-0.016195666701317113
2015-02-09,0.010113451796571749
2015-02-10,0.01823713657230308
2015-02-11,0.00797783348107095
2015-02-12,0.002547959884919626
2015-02-13,0.007830676151001859
2015-02-16,0.00854508722329328
2015-02-17,0.006526683964474866
2015-02-25,-0.012375366235889973
2015-02-26,0.02517010518206364
2015-02-27,0.0018366425613172144
2015-03-02,0.007954456398831189
2015-03-03,-0.025924259842388553
2015-03-04,0.006533823655178406
2015-03-05,-0.00976543692400067
2015-03-06,-0.005096758324419248
2015-03-09,0.017027356461943643
2015-03-10,-0.004844887287117516
2015-03-11,0.0011475284112696382
2015-03-12,0.019346601790248608
2015-03-13,0.006908184054953637
2015-03-16,0.02432788045311063
2015-03-17,0.01388412891595836
2015-03-18,0.02366972574738102
2015-03-19,-0.0016406442973961877
2015-03-20,0.013758744081630692
2015-03-23,0.020420955820961373
2015-03-24,0.00024924094802192265
2015-03-25,-0.008215350926869869
2015-03-26,0.002433756893318151
2015-03-27,0.005492911392405153
2015-03-30,0.029328269502935322
2015-03-31,-0.009045589969130519
2015-04-01,0.017945300157977906
2015-04-02,0.00021339023739663787
2015-04-03,0.011093925009333816
2015-04-07,0.02146005073683499
2015-04-08,0.008394287377583298
2015-04-09,-0.007835560314725987
2015-04-10,0.019304856245923263
2015-04-13,0.017643321778280985
2015-04-14,0.0038701038436397273
2015-04-15,-0.012994065134807498
2015-04-16,0.030370892886901313
2015-04-17,0.0182982353136667
2015-04-20,-0.01614833316652675
2015-04-21,0.021504139834406466
2015-04-22,0.02611946760882944
2015-04-23,0.00022785723478357944
2015-04-24,-0.008068105355745425
2015-04-27,0.022317251586343012
2015-04-28,-0.013672130942946614
2015-04-29,0.006847523967388414
2015-04-30,-0.005119042881409408
2015-05-04,0.007968605588760891
2015-05-05,-0.039872674790193186
2015-05-06,-0.009465197831553862
2015-05-07,-0.01828112612088295
2015-05-08,0.019755754358413258
2015-05-11,0.028986047736047738
2015-05-12,0.012128693345954566
2015-05-13,-0.00610436826739591
2015-05-14,-0.003742762438432967
2015-05-15,-0.017722590718986964
2015-05-18,-0.00916735788213019
2015-05-19,0.034114803044278386
2015-05-20,0.005009278790671257
2015-05-21,0.018099147830036966
2015-05-22,0.0227949712661486
2015-05-25,0.029925292800116354
2015-05-26,0.019496029022453287
2015-05-27,-0.0033641602486670363
2015-05-28,-0.0670509878547042
2015-05-29,0.0014108369655834174
2015-06-01,0.04861769572573316
2015-06-02,0.01688080406920167
2015-06-03,-0.00354135226187402
2015-06-04,0.007354785276431519
2015-06-05,0.009481956683689008
2015-06-08,0.023553928363174048
2015-06-09,-0.00677842633667991
2015-06-10,-0.001570298601211939
2015-06-11,-0.0004746558274361101
2015-06-12,0.005376333954573376
2015-06-15,-0.02135846991257928
2015-06-16,-0.029945395380728934
2015-06-17,0.014612562736681767
2015-06-18,-0.040530626621234744
2015-06-19,-0.059526827635862145
2015-06-23,0.03214112420612247
2015-06-24,0.019648606691474724
2015-06-25,-0.03557487198086928
2015-06-26,-0.07868446325522904
2015-06-29,-0.03335647192581492
2015-06-30,0.06714699812718439
2015-07-01,-0.04917952157388772
2015-07-02,-0.03409812321597372
2015-07-03,-0.05406037000973707
2015-07-06,0.028981553917733827
2015-07-07,-0.01764143912528071
2015-07-08,-0.06745417515274954
2015-07-09,0.0640424346990478
2015-07-10,0.053604369835002386
2015-07-13,0.025629724148679145
2015-07-14,-0.023662036036763423
2015-07-15,-0.035356200527704384
2015-07-16,0.007714104205951422
2015-07-17,0.03856044989693186
2015-07-20,0.0021943875707575167
2015-07-21,0.0012978866079735862
2015-07-22,-0.002124334795163829
2015-07-23,0.022527398512446117
2015-07-24,-0.017533128980123935
2015-07-27,-0.08561447029413727
2015-07-28,-0.002000665142599778
2015-07-29,0.03130075647649355
2015-07-30,-0.02925162452485519
2015-07-31,0.0003381025892368328
2015-08-03,0.003285560824796363
2015-08-04,0.03105577085792488
2015-08-05,-0.020581739341870575
2015-08-06,-0.009064108200367293
2015-08-07,0.01959888826545919
2015-08-10,0.04540882273896529
2015-08-11,-0.00433115592161315
2015-08-12,-0.012427858665689628
2015-08-13,0.0147729281671658
2015-08-14,-0.00047111246337838697
2015-08-17,0.0010629575258864765
2015-08-18,-0.061909771522878354
2015-08-19,0.01587542250373164
2015-08-20,-0.03208582295027973
2015-08-21,-0.04570311980752095
2015-08-24,-0.08747917560467355
2015-08-25,-0.07101140884070678
2015-08-26,-0.005665592044509671
2015-08-27,0.05947403732702283
2015-08-28,0.0426279931620519
2015-08-31,0.007255504459517281
2015-09-01,-0.0013248023192952152
2015-09-02,0.0011153809546471383
2015-09-07,-0.03426792202814766
2015-09-08,0.025697664044497914
2015-09-09,0.01957996652689542
2015-09-10,-0.01227899861736248
2015-09-11,-0.00308855240114847
2015-09-14,-0.019735957624156364
2015-09-15,-0.03928524624138641
2015-09-16,0.0498123550629237
2015-09-17,-0.02183274155775483
2015-09-18,0.004408402842137837
2015-09-21,0.01752545928206506
2015-09-22,0.009304012695533936
2015-09-23,-0.022761101277916085
2015-09-24,0.006733005825873439
2015-09-25,-0.016149162861491706
2015-09-28,0.0033416358545150793
2015-09-29,-0.01970549687765022
2015-09-30,0.007581358038284192
2015-10-08,0.029201205139012476
2015-10-09,0.013238363345143833
2015-10-12,0.03220542974503915
2015-10-13,-0.0007686305903372714
2015-10-14,-0.01130030420546635
2015-10-15,0.02369271691166741
2015-10-16,0.013551068168325742
2015-10-19,3.395528089500388e-05
2015-10-20,0.012314030411580523
2015-10-21,-0.02919473404701345
2015-10-22,0.01476426977614631
2015-10-23,0.01325283087390372
2015-10-26,0.005045866421747203
2015-10-27,0.0010085644394666193
2015-10-28,-0.018915187815902623
2015-10-29,0.0023801958626010755
2015-10-30,0.00021792596743552828
2015-11-02,-0.016445581311119173
2015-11-03,-0.003012117515736712
2015-11-04,0.04704962357415554
2015-11-05,0.0213391612053333
2015-11-06,0.023583569213998068
2015-11-09,0.012384766052349283
2015-11-10,-0.001851393753173558
2015-11-11,0.00010695912596148105
2015-11-12,-0.009998304487890075
2015-11-13,-0.012931715902743446
2015-11-16,0.004775454856069006
2015-11-17,-0.0015249207652233698
2015-11-18,-0.011390515619720154
2015-11-19,0.01598404555950883
2015-11-20,-0.0001562926327890457
2015-11-23,-0.0055770749103164485
2015-11-24,0.00014920084298464253
2015-11-25,0.007384339977996257
2015-11-26,-0.005865226715605298
2015-11-27,-0.053848588748826254
2015-11-30,0.002648306573816539
2015-12-01,0.007091164504361425
2015-12-02,0.036266948798619136
2015-12-03,0.007345592107384391
2015-12-04,-0.019126236897554216
2015-12-07,0.002724610410622219
2015-12-08,-0.017515409709812135
2015-12-09,0.0035660857516657263
2015-12-10,-0.00353691205025386
2015-12-11,-0.0041456440376695936
2015-12-14,0.028619257994600966
2015-12-15,-0.0045617192804716655
2015-12-16,-0.00242259209233453
2015-12-17,0.019115763653729134
2015-12-18,0.0032003067182477807
2015-12-21,0.026025037753024893
2015-12-22,0.002783260087377837
2015-12-23,-0.002669775816216191
2015-12-24,-0.009564502195852476
2015-12-25,0.002298010132135486
2015-12-28,-0.02880777447761962
2015-12-29,0.009185461003372142
2015-12-30,0.0008798815482724542
2015-12-31,-0.009077919249544486
2016-01-04,-0.06984454569820431
2016-01-05,0.0024118187764559096
2016-01-06,0.017543506631635175
2016-01-07,-0.06933422980329451
2016-01-08,0.020392304470036704
2016-01-11,-0.05030700032127944
2016-01-12,0.007285940265313595
2016-01-13,-0.018605533459173818
2016-01-14,0.020815113375667105
2016-01-15,-0.031922323587567636
2016-01-18,0.0038477200655395727
2016-01-19,0.029510689200282325
2016-01-20,-0.01512199359626687
2016-01-21,-0.029306510247670503
2016-01-22,0.010420757135671144
2016-01-25,0.004955901151773245
2016-01-26,-0.06020665475615938
2016-01-27,-0.0034551829444553483
2016-01-28,-0.02613680959612319
2016-01-29,0.032353806907378324
2016-02-01,-0.015288059767352702
2016-02-02,0.020778683580082946
2016-02-03,-0.004285236701076944
2016-02-04,0.012249715122904181
2016-02-05,-0.0070256905077795695
2016-02-15,-0.005762891432928741
2016-02-16,0.030654526573704155
2016-02-17,0.008653162289597782
2016-02-18,-0.0031403836360550663
2016-02-19,-0.0006942397746995121
2016-02-22,0.022050872007288058
2016-02-23,-0.009461760188786195
2016-02-24,0.006535334179247565
2016-02-25,-0.061359360679198005
2016-02-26,0.010031691648822338
2016-02-29,-0.023934627530927566
2016-03-01,0.01849541437443314
2016-03-02,0.04116436743565499
2016-03-03,0.00232357693202645
2016-03-04,0.011597491515226821
2016-03-07,0.0035392337801281037
2016-03-08,0.0009114801406835404
2016-03-09,-0.011507013292917256
2016-03-10,-0.01912816456211275
2016-03-11,0.0017025372118879556
2016-03-14,0.015707621559298612
2016-03-15,0.0029650747466312133
2016-03-16,0.00495970443413829
2016-03-17,0.01105814506655256
2016-03-18,0.015287113501056382
2016-03-21,0.024426537535151782
2016-03-22,-0.007278177162834187
2016-03-23,0.0031930162843831766
2016-03-24,-0.01676096771103408
2016-03-25,0.005019092666216363
2016-03-28,-0.00878410917437511
2016-03-29,-0.01082742063204123
2016-03-30,0.02579248009032331
2016-03-31,0.0005627619485866209
2016-04-01,0.001180824650646617
2016-04-05,0.013222052894419134
2016-04-06,-0.0021320328749665496
2016-04-07,-0.014808766151040875
2016-04-08,-0.007341187614706035
2016-04-11,0.01392773398875602
2016-04-12,-0.003606699482988196
2016-04-13,0.013338718948562311
2016-04-14,0.004430639790518054
2016-04-15,-0.0011050634495685108
2016-04-18,-0.013373224823590268
2016-04-19,0.0030509997057412974
2016-04-20,-0.017685205200259402
2016-04-21,-0.006422448074994702
2016-04-22,0.004524457381509972
2016-04-25,-0.0040536709817631245
2016-04-26,0.005417405906964712
2016-04-27,-0.004164622101435533
2016-04-28,-0.001686713498761816
2016-04-29,-0.0012118028969365646
2016-05-03,0.017990021382751298
2016-05-04,-0.001269627887003133
2016-05-05,0.0013896418712182612
2016-05-06,-0.02600251406382237
2016-05-09,-0.020678198923443025
2016-05-10,0.001138432030062475
2016-05-11,0.00446383479249679
2016-05-12,0.002377700863822163
2016-05-13,-0.004918870989663815
2016-05-16,0.006624519502819615
2016-05-17,-0.0030013148925309707
2016-05-18,-0.005826274619088689
2016-05-19,-0.0018057130937014776
2016-05-20,0.0051330612244897544
2016-05-23,0.0029237676319431305
2016-05-24,-0.007663852916215852
2016-05-25,-0.0014133883455847984
2016-05-26,0.0016278606054465072
2016-05-27,-0.0005580557468319869
2016-05-30,0.0013746938775509587
2016-05-31,0.03353756957782106
2016-06-01,-0.0028426658589835174
2016-06-02,0.002072424103399584
2016-06-03,0.0070190394998579375
2016-06-06,-0.0033047693402689093
2016-06-07,-0.0005473780904053926
2016-06-08,-0.004110731653578115
2016-06-13,-0.030862929402431627
2016-06-14,0.0031438131453132012
2016-06-15,0.01313077458240941
2016-06-16,-0.0069632296550152795
2016-06-17,0.005070007464446968
2016-06-20,0.0007426793040032909
2016-06-21,-0.002040049218195228
2016-06-22,0.008897988616755503
2016-06-23,-0.005309576382595771
2016-06-24,-0.012882860918994599
2016-06-27,0.014097414499083527
2016-06-28,0.005082453677889065
2016-06-29,0.004779364876928982
2016-06-30,0.0008028203427694613
2016-07-01,8.877840909082835e-05
2016-07-04,0.016010398833301576
2016-07-05,0.0008362717259027264
2016-07-06,0.00293697659772163
2016-07-07,-0.0021294454115892147
2016-07-08,-0.005504758641100227
2016-07-11,0.003461475810392578
2016-07-12,0.02180543372053445
2016-07-13,0.002960423808039847
2016-07-14,-0.0018611763487434985
2016-07-15,-0.00014648616316115248
2016-07-18,-0.004352497344549344
2016-07-19,-0.004227441891833883
2016-07-20,-0.00327255151267003
2016-07-21,0.0046083518655795075
2016-07-22,-0.008411939050336437
2016-07-25,0.0017766560418708277
2016-07-26,0.011978123674900809
2016-07-27,-0.015705333084576445
2016-07-28,0.0009011136521825946
2016-07-29,-0.0053428289363393056
2016-08-01,-0.008464604407711795
2016-08-02,0.0038529216415210676
2016-08-03,0.0013985356140544525
2016-08-04,0.0024361908996684
2016-08-05,0.0011932689634490679
2016-08-08,0.009069891516983786
2016-08-09,0.007049700387733671
2016-08-10,-0.004187928694680321
2016-08-11,-0.003077074867266494
2016-08-12,0.018825617933047933
2016-08-15,0.030110223026321714
2016-08-16,-0.004470416276205147
2016-08-17,-0.0015392584918226815
2016-08-18,-0.002537762559108314
2016-08-19,0.0001575275896199546
2016-08-22,-0.008389251772649153
2016-08-23,0.001510433680273593
2016-08-24,-0.0035818698138444516
2016-08-25,-0.006273537025580755
2016-08-26,-0.0005681526275547188
2016-08-29,0.0002086426435325972
2016-08-30,0.001272756954815435
2016-08-31,0.0047705458047881955
2016-09-01,-0.007876097950892391
2016-09-02,0.0037951526238952926
2016-09-05,0.0016806925539585293
2016-09-06,0.006913316946211667
2016-09-07,-0.0005414897849896905
2016-09-08,-0.0003771529145539798
2016-09-09,-0.006443962677717963
2016-09-12,-0.016708659329001452
2016-09-13,-0.0006957641145098892
2016-09-14,-0.006625096232589889
2016-09-19,0.00753072963785173
2016-09-20,-0.0017529235823383615
2016-09-21,0.0028366181617240915
2016-09-22,0.007493938726030436
2016-09-23,-0.0046944505214030485
2016-09-26,-0.016909517747514258
2016-09-27,0.006356590110176752
2016-09-28,-0.0030425055928412492
2016-09-29,0.004178415235430499
2016-09-30,0.002740114474523825
2016-10-10,0.01247663896129425
2016-10-11,0.0038526110623673393
2016-10-12,-0.0019809106745377614
2016-10-13,0.000799997575764877
2016-10-14,0.0009689188984602914
2016-10-17,-0.008460758957605452
2016-10-18,0.013255518810938671
2016-10-19,-0.0015325185994767843
2016-10-20,0.0007116493378043209
2016-10-21,0.0027541734466340895
2016-10-24,0.01197208916561987
2016-10-25,-3.8603388783697845e-05
2016-10-26,-0.003756551693417709
2016-10-27,-0.002712531298438181
2016-10-28,-0.0016648235047971305
2016-10-31,-0.0011526497471655572
2016-11-01,0.0068249667294111305
2016-11-02,-0.007650972745270268
2016-11-03,0.009518952405237924
2016-11-04,-0.0032421220297882414
2016-11-07,0.0007214899662211227
2016-11-08,0.004328797976517862
2016-11-09,-0.005360236360616
2016-11-10,0.011201741697857148
2016-11-11,0.007848145318983812
2016-11-14,0.0038130410099437295
2016-11-15,-0.00011077909773338224
2016-11-16,-8.16357471273843e-05
2016-11-17,0.002023565499083002
2016-11-18,-0.005549202247616125
2016-11-21,0.006920344349311991
2016-11-22,0.007918956383260012
2016-11-23,0.0018366028901266596
2016-11-24,0.004031967951466653
2016-11-25,0.009332882358674022
2016-11-28,0.0039133274642886295
2016-11-29,0.008192176697557008
2016-11-30,-0.007306315305103173
2016-12-01,0.007642736009044748
2016-12-02,-0.010123308574377932
2016-12-05,-0.016871874070190862
2016-12-06,-0.0029572751562945143
2016-12-07,0.0047988667736293955
2016-12-08,-0.0016140401352227052
2016-12-09,0.006789351438270419
2016-12-12,-0.024192117239602684
2016-12-13,-0.001214368264509269
2016-12-14,-0.0076621713694994265
2016-12-15,-0.011399991121502251
2016-12-16,0.0016764308786594295
2016-12-19,-0.005095590894283686
2016-12-20,-0.005983814862210113
2016-12-21,0.008908874423552371
2016-12-22,-0.0008596572154294657
2016-12-23,-0.008415101014189075
2016-12-26,0.00447454347563192
2016-12-27,-0.0018089333012281106
2016-12-28,-0.004372224014666526
2016-12-29,-0.0012507987849381674
2016-12-30,0.003735869196060282
2017-01-03,0.00971275618716172
2017-01-04,0.0078031733303811635
2017-01-05,-0.00015438008971857542
2017-01-06,-0.005974244237318849
2017-01-09,0.004848148114957596
2017-01-10,-0.0016736526056065903
2017-01-11,-0.007078049114573881
2017-01-12,-0.005062228220123033
2017-01-13,0.0006902538566804228
2017-01-16,-0.0001385579729571429
2017-01-17,0.0020816701562007545
2017-01-18,0.0039111821931479
2017-01-19,-0.0030185334359474902
2017-01-20,0.007689327153837633
2017-01-23,0.0027392850436229743
2017-01-24,0.00010998549380514255
2017-01-25,0.0034032308401077405
2017-01-26,0.0035723806984804263
2017-02-03,-0.00692747257936932
2017-02-06,0.0025917746820469656
2017-02-07,-0.0022322950542659203
2017-02-08,0.005232226474293444
2017-02-09,0.003842413745200668
2017-02-10,0.005064349628565168
2017-02-13,0.006673521820775852
2017-02-14,-0.00013677621374330595
2017-02-15,-0.004100937190756215
2017-02-16,0.005617074503683872
2017-02-17,-0.0056641663736256564
2017-02-20,0.014599116161616132
2017-02-21,0.0032926291773613947
2017-02-22,0.0019926381495454226
2017-02-23,-0.004710925679702882
2017-02-24,0.0001525917565901036
2017-02-27,-0.007953711300142552
2017-02-28,0.0019122400775342108
2017-03-01,0.0016305559819393967
2017-03-02,-0.006748707509744323
2017-03-03,-0.00210765334342522
2017-03-06,0.005431960465129837
2017-03-07,0.002170330308024493
2017-03-08,-0.0015142039861492096
2017-03-09,-0.006318267884119599
2017-03-10,0.00027721524158574873
2017-03-13,0.008813001584064839
2017-03-14,-0.0004077383534309975
2017-03-15,0.0020105939497032654
2017-03-16,0.005159312168701247
2017-03-17,-0.010254171322213734
2017-03-20,0.0011027886041308221
2017-03-21,0.0048527224816716785
2017-03-22,-0.00470235261874874
2017-03-23,0.003457920899696987
2017-03-24,0.00797809346096745
2017-03-27,-0.0033127005960568168
2017-03-28,-0.002366275258478878
2017-03-29,-0.0013314850092656094
2017-03-30,-0.008204456321298403
2017-03-31,0.005612844656013305
2017-04-05,0.013842392326499864
2017-04-06,0.0028996344063312307
2017-04-07,0.0009703902904056871
2017-04-10,-0.0035025273919249145
2017-04-11,0.0034777498188374167
2017-04-12,-0.0022431787748092846
2017-04-13,0.0014617716786724522
2017-04-14,-0.007986752291176513
2017-04-17,-0.001881543094794158
2017-04-18,-0.004942613953114239
2017-04-19,-0.004868976590792218
2017-04-20,0.004547459574912649
2017-04-21,0.00151377273186859
2017-04-24,-0.010248673845257406
2017-04-25,0.0028298642481185965
2017-04-26,0.0012234922129514825
2017-04-27,0.00044700131778308005
2017-04-28,-0.0020222124222448734
2017-05-02,-0.0038287666254814834
2017-05-03,-0.003925196551663679
2017-05-04,-0.0025606994166645913
2017-05-05,-0.006415246196822211
2017-05-08,-0.007018373712140313
2017-05-09,-0.0018697098079378804
2017-05-10,-0.004423524919985877
2017-05-11,0.005677562393265001
2017-05-12,0.008559128893390833
2017-05-15,0.004079305720480431
2017-05-16,0.00866677061299903
2017-05-17,-0.0054482084785557605
2017-05-18,-0.0034780364636638472
2017-05-19,0.0016891742762887851
2017-05-22,0.0021710709931401784
2017-05-23,0.003796273495854985
2017-05-24,-5.840797385636698e-06
2017-05-25,0.017957636449124736
2017-05-26,-0.0015004332034679324
2017-05-31,0.0035771442034462364
2017-06-01,0.0013914019376559672
2017-06-02,-0.0032106445876478595
2017-06-05,-0.005093919134033786
2017-06-06,0.006956396396396336
2017-06-07,0.011735301527679098
2017-06-08,0.007671476313503289
2017-06-09,0.00426567967244984
2017-06-12,-0.0004977392014362536
2017-06-13,0.00220457196892343
2017-06-14,-0.013111797826517724
2017-06-15,-0.0018414278844794962
2017-06-16,-0.002842334057849838
2017-06-19,0.009921108572337856
2017-06-20,-0.0020204464680176892
2017-06-21,0.01169325163753454
2017-06-22,0.0006633295800400063
2017-06-23,0.00906320849835951
2017-06-26,0.012479022214370916
2017-06-27,0.00180748018723631
2017-06-28,-0.00776929942961635
2017-06-29,0.006214740398829521
2017-06-30,-0.0005533099107889461
2017-07-03,-0.00434984182393372
2017-07-04,-0.008455565142364119
2017-07-05,0.010966911419399983
2017-07-06,0.00011476413238309391
2017-07-07,-0.0011393131335210027
2017-07-10,-0.0006127031972712471
2017-07-11,0.00468567393511754
2017-07-12,-0.0032663090707499842
2017-07-13,0.007680071717111048
2017-07-14,0.004385774576068924
2017-07-17,-0.010674868825764516
2017-07-18,0.0009881099258644
2017-07-19,0.017062156752600144
2017-07-20,0.004860915610966021
2017-07-21,-0.005144241544553285
2017-07-24,0.0039880920452717294
2017-07-25,-0.006387122108631793
2017-07-26,-0.003809590381658068
2017-07-27,0.0018351644496261699
2017-07-28,0.002613012803762693
2017-07-31,0.004293517540819414
2017-08-01,0.008697466739078674
2017-08-02,-0.002527596687867062
2017-08-03,-0.008779930069000352
2017-08-04,-0.005432114661881093
2017-08-07,0.005181277275203788
2017-08-08,0.0014543346955422365
2017-08-09,-0.0003134871831971253
2017-08-10,-0.004052489386337288
2017-08-11,-0.018453034510969024
2017-08-14,0.012976544614583085
2017-08-15,0.003080104366278036
2017-08-16,-0.0012520034753888964
2017-08-17,0.005365508372462413
2017-08-18,0.000910976868174318
2017-08-21,0.004381596221947115
2017-08-22,0.003023263895385986
2017-08-23,0.00101004717106834
2017-08-24,-0.005708063438309541
2017-08-25,0.016360301500810026
2017-08-28,0.012371731541856112
2017-08-29,-0.0021261037132648264
2017-08-30,-6.258899372535431e-05
2017-08-31,-0.003184414365073218
2017-09-01,0.0022108322933263036
2017-09-04,0.003936781759229735
2017-09-05,0.0029722125431010937
2017-09-06,-0.001970417806354652
2017-09-07,-0.005086440920131441
2017-09-08,-0.0010130892171275052
2017-09-11,-8.886588830592235e-05
2017-09-12,0.00320991204109089
2017-09-13,0.0012194073367675085
2017-09-14,-0.003292033279463702
2017-09-15,0.00034987310572431873
2017-09-18,0.003090334873280476
2017-09-19,-0.002867446931415496
2017-09-20,0.002693026314416036
2017-09-21,-0.0012023609997813267
2017-09-22,-2.34508132220812e-05
2017-09-25,-0.005195779796911215
2017-09-26,0.0007831756068301665
2017-09-27,0.00010992519851948934
2017-09-28,0.0003506751805715247
2017-09-29,0.0036520219539886156
2017-10-09,0.011914505408575637
2017-10-10,0.001970527096679442
2017-10-11,0.003298319219714907
2017-10-12,0.002628955925271903
2017-10-13,0.0020572713681494825
2017-10-16,-0.0019255292017342773
2017-10-17,-9.71010233935532e-05
2017-10-18,0.007945168371636502
2017-10-19,-0.0032731937852419346
2017-10-20,-0.0011192368839427758
2017-10-23,0.0010058953104905566
2017-10-24,0.007275872595909227
2017-10-25,0.004432489771177384
2017-10-26,0.0041815964495404145
2017-10-27,0.007108909800229268
2017-10-30,-0.00304577110222104
2017-10-31,-0.0007481819179394611
2017-11-01,-0.002520765114607415
2017-11-02,0.00012760782861520603
2017-11-03,-0.00110829520180733
2017-11-06,0.007060385202995567
2017-11-07,0.008296670637595094
2017-11-08,-0.0015391256089288818
2017-11-09,0.006889805114117742
2017-11-10,0.008834858558845804
2017-11-13,0.00393004710706224
2017-11-14,-0.0069572463645236615
2017-11-15,-0.006264407771963909
2017-11-16,0.007693308490869466
2017-11-17,0.0038586994915967843
2017-11-20,0.005576519407403779
2017-11-21,0.017826503500384838
2017-11-22,0.0023401379898997376
2017-11-23,-0.02960802541412677
2017-11-24,0.0004387675507020461
2017-11-27,-0.013218166756006067
2017-11-28,0.0014494006098841883
2017-11-29,-0.0005103776794828097
2017-11-30,-0.01175454825778599
2017-12-01,-0.0019869698709468198
2017-12-04,0.005182409820566614
2017-12-05,0.005302498718542159
2017-12-06,-0.006026974112475436
2017-12-07,-0.01114591789472641
2017-12-08,0.008138884831757842
2017-12-11,0.016516043942868208
2017-12-12,-0.013141663595036213
2017-12-13,0.008483523488428846
2017-12-14,-0.005910979756005408
2017-12-15,-0.011248959924493596
2017-12-18,0.0011128248669884933
2017-12-19,0.012556175334793584
2017-12-20,-0.00119940624434689
2017-12-21,0.009269344422142334
2017-12-22,-0.0032572489152746797
2017-12-25,-0.0032210329009026983
2017-12-26,0.0029889596539933727
2017-12-27,-0.015396115077387584
2017-12-28,0.006937745696167452
2017-12-29,0.0029734504466396583
2018-01-02,0.014029299031221854
2018-01-03,0.005869256740226092
2018-01-04,0.0042370098677089185
2018-01-05,0.0024074733397758674
2018-01-08,0.005173059498640775
2018-01-09,0.007004538286988993
2018-01-10,0.004418399255245564
2018-01-11,-0.000527590361732222
2018-01-12,0.004615285845743333
2018-01-15,5.680473372771111e-05
2018-01-16,0.007864642008501344
2018-01-17,-0.0024304503730213645
2018-01-18,0.005484779149364849
2018-01-19,0.0032729162667215483
2018-01-22,0.011947542819807033
2018-01-23,0.010609694230502953
2018-01-24,0.0016611106167330192
2018-01-25,-0.005651622250215982
2018-01-26,0.0037158540049666566
2018-01-29,-0.018095085933398702
2018-01-30,-0.010674055443721797
2018-01-31,0.004652146331147966
2018-02-01,-0.007016066792955855
2018-02-02,0.005965755199133227
2018-02-05,0.0006836438215689356
2018-02-06,-0.029306411801176657
2018-02-07,-0.023714776723412823
2018-02-08,-0.009492655227749669
2018-02-09,-0.042721302077491585
2018-02-12,0.012875424732792684
2018-02-13,0.011704069304131037
2018-02-14,0.007960606052906272
2018-02-22,0.021621090205094173
2018-02-23,0.004530279589313846
2018-02-26,0.011625879064329103
2018-02-27,-0.014432719343826061
2018-02-28,-0.008706620875195248
2018-03-01,0.006325118549373343
2018-03-02,-0.008058600821419182
2018-03-05,0.00040831976417043947
2018-03-06,0.012060426569771687
2018-03-07,-0.007355110953729871
2018-03-08,0.01014455055553487
2018-03-09,0.0076687267019814875
2018-03-12,0.004575467220914842
2018-03-13,-0.008823379775999562
2018-03-14,-0.004377635197066909
2018-03-15,0.005602282156657701
2018-03-16,-0.009701769462130305
2018-03-19,0.004395501452019168
2018-03-20,0.0008467816162482933
2018-03-21,-0.004083184147926411
2018-03-22,-0.010022038635328356
2018-03-23,-0.028706455905580297
2018-03-26,-0.006414951318074125
2018-03-27,0.008603336692535102
2018-03-28,-0.018028400800353728
2018-03-29,0.013357725777574325
2018-03-30,0.0011427690964420645
2018-04-02,-0.0029703732204694466
2018-04-03,-0.006287754829016334
2018-04-04,-0.001972825749259499
2018-04-09,-0.0005006666908785595
2018-04-10,0.019268452839786843
2018-04-11,0.0028442873621463693
2018-04-12,-0.010080389199510487
2018-04-13,-0.007053741817659498
2018-04-16,-0.01608828407135876
2018-04-17,-0.015810504980492968
2018-04-18,0.004705706602928128
2018-04-19,0.012096817018384165
2018-04-20,-0.013376741940899994
2018-04-23,0.0014571174069690773
2018-04-24,0.020486786872100815
2018-04-25,-0.003848065169936743
2018-04-26,-0.019121372789719704
2018-04-27,0.00037012480395381964
2018-05-02,0.0018020272140713
2018-05-03,0.007798280924102841
2018-05-04,-0.004851041392037958
2018-05-07,0.015787103269220726
2018-05-08,0.011603493827901046
2018-05-09,-0.0018202068745036826
2018-05-10,0.005537733558562019
2018-05-11,-0.005193857787961109
2018-05-14,0.009411697875460812
2018-05-15,0.0037884117064734824
2018-05-16,-0.0079661578451109
2018-05-17,-0.007395628898182349
2018-05-18,0.010095625056611546
2018-05-21,0.004657883814237929
2018-05-22,-0.003832971202986757
2018-05-23,-0.013217415346333139
2018-05-24,-0.007098049592951794
2018-05-25,-0.0028009887072077966
2018-05-28,0.004391458142277038
2018-05-29,-0.007630580758936301
2018-05-30,-0.02119868244300105
2018-05-31,0.02122002379564747
2018-06-01,-0.008360553127251924
2018-06-04,0.009810135814289023
2018-06-05,0.009911807499776826
2018-06-06,-0.0020726493503792076
2018-06-07,-0.0016521818442414293
2018-06-08,-0.013414217138561502
2018-06-11,9.524767040081095e-05
2018-06-12,0.012161440007619095
2018-06-13,-0.009830238241482436
2018-06-14,-0.003951598853323635
2018-06-15,-0.00528440094663396
2018-06-19,-0.03525042427859315
2018-06-20,0.003954577589254216
2018-06-21,-0.011682217283189966
2018-06-22,0.0044336579487165295
2018-06-25,-0.01341683061320631
2018-06-26,-0.00824888779041022
2018-06-27,-0.020347709360512667
2018-06-28,-0.010328798644796855
2018-06-29,0.025543810044018844
2018-07-02,-0.02934223493155752
2018-07-03,0.00038732848977107714
2018-07-04,-0.01335472592453546
2018-07-05,-0.006335191378669669
2018-07-06,0.006785462117494978
2018-07-09,0.02795145492582729
2018-07-10,0.002410976011655963
2018-07-11,-0.017300549095607187
2018-07-12,0.021578680158355068
2018-07-13,0.003340936381447168
2018-07-16,-0.005898032748397286
2018-07-17,-0.006540729070963036
2018-07-18,-0.005235723521328506
2018-07-19,-0.0008684704428616463
2018-07-20,0.01882835424724494
2018-07-23,0.009407682463518752
2018-07-24,0.015871800326171748
2018-07-25,-0.001105617149350424
2018-07-26,-0.01159946893997621
2018-07-27,-0.00424743725698129
2018-07-30,-0.0017465487911895172
2018-07-31,0.0007339804499471025
2018-08-01,-0.019976347913101322
2018-08-02,-0.02217039557462308
2018-08-03,-0.016517549896765238
2018-08-06,-0.012671629545619179
2018-08-07,0.029206267738377756
2018-08-08,-0.016135974377164963
2018-08-09,0.025047442910113293
2018-08-10,0.0022045427119112837
2018-08-13,-0.004311281578375459
2018-08-14,-0.005141077296082486
2018-08-15,-0.02399411783889871
2018-08-16,-0.004632470428131419
2018-08-17,-0.014377138183493954
2018-08-20,0.011651525566475307
2018-08-21,0.01818042696457267
2018-08-22,-0.005621270647648613
2018-08-23,0.003651808521894395
2018-08-24,0.0015963711171282924
2018-08-27,0.024430658009881867
2018-08-28,-0.0018787225860616985
2018-08-29,-0.0039998000099994435
2018-08-30,-0.010476676991764577
2018-08-31,-0.004950628004619428
2018-09-03,-0.0038026690658269358
2018-09-04,0.012667754423779654
2018-09-05,-0.019548738071880956
2018-09-06,-0.010690874250334992
2018-09-07,0.004523611043004916
2018-09-10,-0.01451349141455427
2018-09-11,-0.0018142021689933063
2018-09-12,-0.006882306053265785
2018-09-13,0.010790063772243785
2018-09-14,0.0017055092273610128
2018-09-17,-0.011464826701294561
2018-09-18,0.020128427542653204
2018-09-19,0.013167432855268446
2018-09-20,-0.0007094382456648285
2018-09-21,0.03031905091340814
2018-09-25,-0.008998706930675504
2018-09-26,0.011077578554943956
2018-09-27,-0.0039944516627452575
2018-09-28,0.010362587738241169
2018-10-08,-0.043025886485637654
2018-10-09,-0.0006715488164331651
2018-10-10,-0.002155873615330206
2018-10-11,-0.047991833252072125
2018-10-12,0.014922649970711577
2018-10-15,-0.013965238288974557
2018-10-16,-0.008149818484223359
2018-10-17,0.005572449910834498
2018-10-18,-0.023686362543093087
2018-10-19,0.029746517364726666
2018-10-22,0.04316496275857684
2018-10-23,-0.026554382359866402
2018-10-24,0.0014983838187112575
2018-10-25,0.0019164418794304083
2018-10-26,-0.006470881035340992
2018-10-29,-0.030485499300487717
2018-10-30,0.010845366587690863
2018-10-31,0.01400526001041702
2018-11-01,0.007359329321267483
2018-11-02,0.03563705725158406
2018-11-05,-0.008330673960945223
2018-11-06,-0.006034620146865954
2018-11-07,-0.006549188289163399
2018-11-08,-0.0028368266028535594
2018-11-09,-0.014109319994895397
2018-11-12,0.011902356477154985
2018-11-13,0.010058842983457827
2018-11-14,-0.010020448634389556
2018-11-15,0.01167884578182421
2018-11-16,0.004718770528965077
2018-11-19,0.011336323200324072
2018-11-20,-0.02312572087658593
2018-11-21,0.0025105564548955073
2018-11-22,-0.003737807958493544
2018-11-23,-0.02207234253040191
2018-11-26,-0.0007125860511281168
2018-11-27,-0.0012733824858972564
2018-11-28,0.013288750621565537
2018-11-29,-0.012985501410851974
2018-11-30,0.011167593581183466
2018-12-03,0.027818664918413116
2018-12-04,0.002073015532283673
2018-12-05,-0.004807648169513179
2018-12-06,-0.021626691266912634
2018-12-07,-3.4573038687257807e-05
2018-12-10,-0.011566652836973002
2018-12-11,0.0047889187092178265
2018-12-12,0.0034147514731852624
2018-12-13,0.015479671104298598
2018-12-14,-0.01670347145222062
2018-12-17,-0.0014877239087656147
2018-12-18,-0.010366316588637181
2018-12-19,-0.011922913410240876
2018-12-20,-0.007670334149647573
2018-12-21,-0.012394781281989453
2018-12-24,0.002904865649963506
2018-12-25,-0.0068856559805146045
2018-12-26,-0.005054221020256655
2018-12-27,-0.0038374033570617305
2018-12-28,0.006734637235789265
2019-01-02,-0.013654858585355312
2019-01-03,-0.0015827367201654008
2019-01-04,0.02395744795671928
2019-01-07,0.006070747429896661
2019-01-08,-0.002160887928494337
2019-01-09,0.010099419234176565
2019-01-10,-0.0018807983160520347
2019-01-11,0.007189140459987975
2019-01-14,-0.008724368129560123
2019-01-15,0.019626570353806105
2019-01-16,0.0002109981170017594
2019-01-17,-0.005507167628210241
2019-01-18,0.018239260530561685
2019-01-21,0.005514224299832282
2019-01-22,-0.013284614708504283
2019-01-23,-0.0007221663718616211
2019-01-24,0.005644609286703517
2019-01-25,0.00813288674741508
2019-01-28,-0.00021667655842250166
2019-01-29,0.003200598031270818
2019-01-30,-0.00798066356290128
2019-01-31,0.010462429934858353
2019-02-01,0.014295843054943802
2019-02-11,0.0181899365646363
2019-02-12,0.0072191793665148385
2019-02-13,0.020024982434226013
2019-02-14,0.001504255187619652
2019-02-15,-0.018647086833581183
2019-02-18,0.032060382783718255
2019-02-19,-0.0017790082826909526
2019-02-20,0.0035818014251614017
2019-02-21,-0.0026709695735428474
2019-02-22,0.022485193350587185
2019-02-25,0.05947524516209679
2019-02-26,-0.012009717172367207
2019-02-27,-0.0017097774846731584
2019-02-28,-0.002452159776423879
2019-03-01,0.021894766676568533
2019-03-04,0.011838248824575626
2019-03-05,0.005774755541498644
2019-03-06,0.008406686565286758
2019-03-07,-0.01019726669594534
2019-03-08,-0.0397153996613151
2019-03-11,0.019786306793016184
2019-03-12,0.00680974275794588
2019-03-13,-0.008297495572982538
2019-03-14,-0.006900829442106904
2019-03-15,0.012575402393949942
2019-03-18,0.02850467289719627
2019-03-19,-0.004618679820860616
2019-03-20,0.00038602385001418327
2019-03-21,0.00037805310472838194
2019-03-22,-0.0008053397413008145
2019-03-25,-0.023728415671135705
2019-03-26,-0.011325654651693995
2019-03-27,0.011606727848580078
2019-03-28,-0.004004391741175728
2019-03-29,0.038606372706791126
2019-04-01,0.026234783102723425
2019-04-02,-0.0006643297692712213
2019-04-03,0.012809439753833196
2019-04-04,0.009962308809197129
2019-04-08,-0.0012308510350226287
2019-04-09,0.00448581914261692
2019-04-10,0.002556785418961871
2019-04-11,-0.021603827844879242
2019-04-12,-0.0022413560203923266
2019-04-15,-0.0032843439585621415
2019-04-16,0.027737251982130617
2019-04-17,0.0003548885282895764
2019-04-18,-0.0037091044323308564
2019-04-19,0.011917742284041521
2019-04-22,-0.023054838968016744
2019-04-23,-0.0016395030815204992
2019-04-24,0.0027568978430010382
2019-04-25,-0.021902736663449218
2019-04-26,-0.013331405289942255
2019-04-29,0.0028437213153111873
2019-04-30,0.003302284678476042
2019-05-06,-0.05841495856343004
2019-05-07,0.009783912588001042
2019-05-08,-0.014301187689313988
2019-05-09,-0.018476002464921315
2019-05-10,0.03632247131705424
2019-05-13,-0.01654492085405246
2019-05-14,-0.006427292278254337
2019-05-15,0.022479184670040953
2019-05-16,0.004526319461027217
2019-05-17,-0.025427622089979507
2019-05-20,-0.008487815038533686
2019-05-21,0.013541416168434406
2019-05-22,-0.004745307872302207
2019-05-23,-0.01792633269212851
2019-05-24,0.0027762586636010944
2019-05-27,0.012045376762356286
2019-05-28,0.009639282964918117
2019-05-29,-0.0022738041424082978
2019-05-30,-0.006203755004899114
2019-05-31,-0.003128106822513521
2019-06-03,0.0006116056300777828
2019-06-04,-0.00923455607225765
2019-06-05,-0.0003807173604336578
2019-06-06,-0.009012815879458458
2019-06-10,0.012921215929620589
2019-06-11,0.03006032004519854
2019-06-12,-0.00757673528209768
2019-06-13,-0.001546964319579569
2019-06-14,-0.008278635368305642
2019-06-17,-1.6416407652264375e-05
2019-06-18,0.003502224459754455
2019-06-19,0.013174756381522768
2019-06-20,0.030296506402148538
2019-06-21,0.001415690658531199
2019-06-24,0.001911871338622806
2019-06-25,-0.010402809487487175
2019-06-26,-0.0018362090963378597
2019-06-27,0.010671185690227292
2019-06-28,-0.002406892631205637
2019-07-01,0.028811242187479547
2019-07-02,0.0003455451355629524
2019-07-03,-0.011084103556615488
2019-07-04,-0.005247166453064556
2019-07-05,0.005189641372543852
2019-07-08,-0.023222541867872204
2019-07-09,-0.002540240192069443
2019-07-10,-0.0016846245712645036
2019-07-11,-0.0004014006770995948
2019-07-12,0.006210999624856717
2019-07-15,0.004059095814090252
2019-07-16,-0.00453690846950594
2019-07-17,-0.0005779071355770382
2019-07-18,-0.00952521132091333
2019-07-19,0.01049782401019006
2019-07-22,-0.00690133299719542
2019-07-23,0.002176281441052641
2019-07-24,0.00789464657472072
2019-07-25,0.008178374430275692
2019-07-26,0.0019475106918336316
2019-07-29,-0.0011144024858951163
2019-07-30,0.004164212678406054
2019-07-31,-0.00903284482936817
2019-08-01,-0.008314734470818985
2019-08-02,-0.014731284853041982
2019-08-05,-0.01914640394509315
2019-08-06,-0.010708193563657487
2019-08-07,-0.0040975379022256675
2019-08-08,0.013215773879379222
2019-08-09,-0.009745754628279535
2019-08-12,0.01804581219915602
2019-08-13,-0.009015706523208378
2019-08-14,0.004542044602059647
2019-08-15,0.0031501194872909366
2019-08-16,0.004477531131564794
2019-08-19,0.021708430578837534
2019-08-20,-0.0008862886399426673
2019-08-21,-0.0015761419108542007
2019-08-22,0.0031070189541377857
2019-08-23,0.007209681798650891
2019-08-26,-0.014381579016242485
2019-08-27,0.013553165104848386
2019-08-28,-0.0037647860202517647
2019-08-29,-0.003258314092011161
2019-08-30,0.002480086750268562
2019-09-02,0.012825067967859649
2019-09-03,0.001374625810743435
2019-09-04,0.00840510586177623
2019-09-05,0.010118373648996482
2019-09-06,0.0059077985998594595
2019-09-09,0.006189676612190276
2019-09-10,-0.003445802237631912
2019-09-11,-0.007365012653879788
2019-09-12,0.010757995979746138
2019-09-16,-0.003690482783620941
2019-09-17,-0.016802603519197934
2019-09-18,0.004846808969937388
2019-09-19,0.0036572141746460396
2019-09-20,0.0028717912128795042
2019-09-23,-0.011431402690788128
2019-09-24,0.0026782088386032576
2019-09-25,-0.007715812031539926
2019-09-26,-0.007708642255966236
2019-09-27,0.002996506245541708
2019-09-30,-0.009894488209414298
2019-10-08,0.006068899707172282
2019-10-09,0.0014487919784869074
2019-10-10,0.008170189735743794
2019-10-11,0.009572502219561185
2019-10-14,0.010611673096047047
2019-10-15,-0.004297740587467458
2019-10-16,-0.003444903143855149
2019-10-17,0.0006449655720945913
2019-10-18,-0.014225954214031278
2019-10-21,0.0029617147966858326
2019-10-22,0.0038754496449222575
2019-10-23,-0.006365699148844439
2019-10-24,-0.00010591359517242438
2019-10-25,0.0067481857146178825
2019-10-28,0.007644753758863088
2019-10-29,-0.004163928915239201
2019-10-30,-0.004859049211938915
2019-10-31,-0.0011513069132382814
2019-11-01,0.016888145622949713
2019-11-04,0.00650998509762446
2019-11-05,0.006206449277548209
2019-11-06,-0.0044793532543387915
2019-11-07,0.0017566400995763232
2019-11-08,-0.0047270960048898525
2019-11-11,-0.017626434365883847
2019-11-12,0.00018191228240982404
2019-11-13,-0.0009503828428999439
2019-11-14,0.001507700039487414
2019-11-15,-0.007365855407003852
2019-11-18,0.007954419422814496
2019-11-19,0.010007855821368317
2019-11-20,-0.009926425878633016
2019-11-21,-0.004672634127118269
2019-11-22,-0.010183566433566438
2019-11-25,0.00732988916854338
2019-11-26,0.0034655163077812468
2019-11-27,-0.00411907545642598
2019-11-28,-0.003436869455725744
2019-11-29,-0.008707246977189831
2019-12-02,0.00193017418581376
2019-12-03,0.003918082616017449
2019-12-04,-0.00032977676450041127
2019-12-05,0.007673086014410968
2019-12-06,0.0059365462344302955
2019-12-09,-0.001778397341116622
2019-12-10,0.0012655790730211613
2019-12-11,0.0006076331024156278
2019-12-12,-0.0030055729934020947
2019-12-13,0.01984055594676959
2019-12-16,0.00487120169748656
2019-12-17,0.013604845080312566
2019-12-18,-0.002231678954921046
2019-12-19,-0.0013960592940850391
2019-12-20,-0.002458314192418931
2019-12-23,-0.012483664198145505
2019-12-24,0.0065186156134204865
2019-12-25,-0.0005234212213496292
2019-12-26,0.008800086196744106
2019-12-27,-0.0009836090005189702
2019-12-30,0.01481838772957933
2019-12-31,0.0036627523807890583
2020-01-02,0.013586943255105455
2020-01-03,-0.0017532705238617607
2020-01-06,-0.0037780822975371775
2020-01-07,0.007490373671082073
2020-01-08,-0.011516190210637323
2020-01-09,0.012657088942494843
2020-01-10,-0.00028335618592978395
2020-01-13,0.00980017726791238
2020-01-14,-0.0033539565983742303
2020-01-15,-0.005527591416481292
2020-01-16,-0.004245535467860773
2020-01-17,0.0014003239303550519
2020-01-20,0.007456346197816988
2020-01-21,-0.01708621707044944
2020-01-22,0.004282613609572383
2020-01-23,-0.030985520083834928
2020-02-03,-0.07880816204200902
2020-02-04,0.02637486579401127
2020-02-05,0.011329656280047784
2020-02-06,0.01861027600671794
2020-02-07,2.3078224925532353e-05
2020-02-10,0.004138599491777972
2020-02-11,0.009307943544577313
2020-02-12,0.008088633408054768
2020-02-13,-0.006151444497707215
2020-02-14,0.007022869148871624
2020-02-17,0.022491492653715195
2020-02-18,-0.004882989733704157
2020-02-19,-0.0015280307380635128
2020-02-20,0.023041929647447335
2020-02-21,0.0011653549386438922
2020-02-24,-0.004012541300256078
2020-02-25,-0.002175259627761994
2020-02-26,-0.012325860542939382
2020-02-27,0.0029118442826208124
2020-02-28,-0.03545514188911303
2020-03-02,0.0328980596692936
2020-03-03,0.0053296704646814685
2020-03-04,0.005790250674592379
2020-03-05,0.022279194663491264
2020-03-06,-0.016216871536799182
2020-03-09,-0.0341620534926822
2020-03-10,0.021415365524763974
2020-03-11,-0.013299924315347877
2020-03-12,-0.019243228751647634
2020-03-13,-0.01407270730034349
2020-03-16,-0.04299272715136915
2020-03-17,-0.004871453710459717
2020-03-18,-0.01979146449289415
2020-03-19,-0.012972119705411678
2020-03-20,0.0178680389736674
2020-03-23,-0.0336442918849672
2020-03-24,0.026853165869286322
2020-03-25,0.026870908744837996
2020-03-26,-0.006573503970428551
2020-03-27,0.003247657549248828
2020-03-30,-0.009689870244686039
2020-03-31,0.00327970583352144
2020-04-01,-0.0030058380536927
2020-04-02,0.016176518606397794
2020-04-03,-0.005706206671254543
2020-04-07,0.02283732178540454
2020-04-08,-0.004655057108703953
2020-04-09,0.003298645095414665
2020-04-10,-0.006230209264371345
2020-04-13,-0.004223730360449651
2020-04-14,0.01930055471776515
2020-04-15,-0.007407794651959065
2020-04-16,0.0013219710535741225
2020-04-17,0.009759676833982933
2020-04-20,0.0036385040721553796
2020-04-21,-0.011784214705744978
2020-04-22,0.008227307939759232
2020-04-23,-0.0025082174726127615
2020-04-24,-0.008559305437691789
2020-04-27,0.006794891716289664
2020-04-28,0.006900755211535214
2020-04-29,0.004645181403686527
2020-04-30,0.011779065587802506
2020-05-06,0.006049716555316387
2020-05-07,-0.0028859955541442606
2020-05-08,0.009867792473164938
2020-05-11,-0.0008678934913034508
2020-05-12,1.5150826477627888e-05
2020-05-13,0.002022604690624874
2020-05-14,-0.010843570843570904
2020-05-15,-0.0031590586005370014
2020-05-18,0.002578702828139212
2020-05-19,0.008498792987858605
2020-05-20,-0.005315639810426598
2020-05-21,-0.005445692998104268
2020-05-22,-0.022926626109218917
2020-05-25,0.00137550143041687
2020-05-26,0.01134666207055024
2020-05-27,-0.007013068165679814
2020-05-28,0.0028656051965747498
2020-05-29,0.002694061914158219
2020-06-01,0.026976845219316203
2020-06-02,0.003079565083825564
2020-06-03,2.00824888227924e-05
2020-06-04,-0.0003664980608236723
2020-06-05,0.004786311049949976
2020-06-08,0.0051733833177132205
2020-06-09,0.006235781150934372
2020-06-10,-0.0018087338122030339
2020-06-11,-0.010849788722457787
2020-06-12,0.0018018559115888788
2020-06-15,-0.012013249797655834
2020-06-16,0.015064513437454963
2020-06-17,0.0007522598933384916
2020-06-18,0.006668176692992578
2020-06-19,0.013433455807812411
2020-06-22,0.0008148905387304062
2020-06-23,0.004812228032325283
2020-06-24,0.004172944279063229
2020-06-29,-0.007071773548619209
2020-06-30,0.01319797942438905
2020-07-01,0.020129876367688482
2020-07-02,0.02073082880940169
2020-07-03,0.019318056016827345
2020-07-06,0.05667707484840245
2020-07-07,0.006004166943249567
2020-07-08,0.016148978423330185
2020-07-09,0.0139861751152075
2020-07-10,-0.018104557745978522
2020-07-13,0.021003002232213186
2020-07-14,-0.009534387260558552
2020-07-15,-0.012944458660741454
2020-07-16,-0.048102317013280826
2020-07-17,0.006299474121228776
2020-07-20,0.02983695293418709
2020-07-21,0.0022947246971347646
2020-07-22,0.004990364609979814
2020-07-23,-0.0004263487787546927
2020-07-24,-0.04389445807267567
2020-07-27,0.005073697340414851
2020-07-28,0.008791087458181135
2020-07-29,0.02424336618318579
2020-07-30,-0.004885648887264726
2020-07-31,0.0083545418425095
2020-08-03,0.016242638523551456
2020-08-04,0.0009410413492310088
2020-08-05,0.00027429959378522106
2020-08-06,-0.003003908220660545
2020-08-07,-0.01151223240306043
2020-08-10,0.0035981843400390012
2020-08-11,-0.009119827635469369
2020-08-12,-0.007292098304490957
2020-08-13,-0.0025668941656411537
2020-08-14,0.014867194022059271
2020-08-17,0.02350875626776161
2020-08-18,-0.0005129557674294905
2020-08-19,-0.014976853198580442
2020-08-20,-0.012979150670368145
2020-08-21,0.008482309821228329
2020-08-24,0.00784302921904545
2020-08-25,0.001282630865145018
2020-08-26,-0.01172208864015789
2020-08-27,0.005358967984309793
2020-08-28,0.023866338360087447
2020-08-31,-0.005790346120261747
2020-09-01,0.005377661319457827
2020-09-02,0.00036554236574071197
2020-09-03,-0.00553067885521763
2020-09-04,-0.009731996429387046
2020-09-07,-0.021141582568518946
2020-09-08,0.0053583245705524085
2020-09-09,-0.023389620376662368
2020-09-10,-0.0005692984541694202
2020-09-11,0.009886555593869861
2020-09-14,0.00513692709323843
2020-09-15,0.0080476451553948
2020-09-16,-0.00663754564379071
2020-09-17,-0.005292698009172536
2020-09-18,0.022531088714812686
2020-09-21,-0.009638828901287422
2020-09-22,-0.011866317945701033
2020-09-23,0.003574386939789731
2020-09-24,-0.019186085251906126
2020-09-25,0.0015230973883813004
2020-09-28,0.002601739160878802
2020-09-29,0.002158488490607624
2020-09-30,-0.0009582298880614903
2020-10-09,0.020434232898809856
2020-10-12,0.030338763634499166
2020-10-13,0.0033256205475249434
2020-10-14,-0.006633327822780477
2020-10-15,-0.001739094256412499
2020-10-16,-0.001471219528459411
2020-10-19,-0.007552674636035928
2020-10-20,0.00798655869321574
2020-10-21,-0.00013351496932290097
2020-10-22,-0.0030983782024399664
2020-10-23,-0.01245086835859499
2020-10-26,-0.005775152644172166
2020-10-27,0.0017138325901040474
2020-10-28,0.008084217156670848
2020-10-29,0.007525431313815778
2020-10-30,-0.01625629593624034
2020-11-02,0.005430928177572181
2020-11-03,0.012016954645687417
2020-11-04,0.0075561583737304705
2020-11-05,0.014843175463161051
2020-11-06,0.0001248692455237954
2020-11-09,0.01957336892003636
2020-11-10,-0.005514569343651909
2020-11-11,-0.009887199528450519
2020-11-12,0.0007258048074374468
2020-11-13,-0.010514499456041104
2020-11-16,0.00974294038317014
2020-11-17,-0.0019126580032911011
2020-11-18,-0.0006374124324025621
2020-11-19,0.007424867172151739
2020-11-20,0.0031047140923581296
2020-11-23,0.012489657697606127
2020-11-24,-0.006141821327744212
2020-11-25,-0.012783733960022414
2020-11-26,0.0018103325391491953
2020-11-27,0.012435995682567036
2020-11-30,-0.004119844923576199
2020-12-01,0.02154125296104037
2020-12-02,7.89406169210416e-06
2020-12-03,-0.0019892878428462435
2020-12-04,0.001752006106314763
2020-12-07,-0.00862232328974799
2020-12-08,-0.0024610532352097314
2020-12-09,-0.013409502822422925
2020-12-10,-0.00044105448439102357
2020-12-11,-0.010300535166338887
2020-12-14,0.0092460983755418
2020-12-15,0.0020790947629507617
2020-12-16,0.0017734727305815934
2020-12-17,0.012840466140613183
2020-12-18,-0.003489799660387094
2020-12-21,0.009374056244337403
2020-12-22,-0.016261660761981656
2020-12-23,0.008530103106488163
2020-12-24,-0.0014179807953472734
2020-12-25,0.008397966408134394
2020-12-28,0.004442672664274783
2020-12-29,-0.004239388201192296
2020-12-30,0.01403348046972619
2020-12-31,0.019082036329787888
2021-01-04,0.010828412926549902
2021-01-05,0.019131616714631816
2021-01-06,0.009158982956132933
2021-01-07,0.017717948859934163
2021-01-08,-0.003306333723878452
2021-01-11,-0.009875478352012523
2021-01-12,0.02852149174073193
2021-01-13,-0.003284283506213903
2021-01-14,-0.019274036970439057
2021-01-15,-0.0022630638008503956
2021-01-18,0.011073491044469863
2021-01-19,-0.014677848408631289
2021-01-20,0.007155835748650086
2021-01-21,0.016167466762105898
2021-01-22,0.0008643352974049279
2021-01-25,0.010079392722872393
2021-01-26,-0.020076716341504985
2021-01-27,0.0027262981659612606
2021-01-28,-0.02729015918958022
2021-01-29,-0.0046827867602480255
2021-02-01,0.012274008026965655
2021-02-02,0.015401511725563699
2021-02-03,-0.0028885184572512435
2021-02-04,-0.002050973528768374
2021-02-05,0.0017281853140784786
2021-02-08,0.014799185178566043
2021-02-09,0.021868755121698724
2021-02-10,0.021362057595075923
2021-02-18,-0.006773742535797211
2021-02-19,0.0018133340729979963
2021-02-22,-0.03140941780703399
2021-02-23,-0.0031550757236039617
2021-02-24,-0.025467455960657248
2021-02-25,0.005883142653795748
2021-02-26,-0.024279832381398192
2021-03-01,0.015368875497492773
2021-03-02,-0.012761175024636473
2021-03-03,0.01917515790811697
2021-03-04,-0.03145513470684369
2021-03-05,-0.0033915893885481108
2021-03-08,-0.034730561678194105
2021-03-09,-0.021460545430923572
2021-03-10,0.0065600482800241
2021-03-11,0.02490401929806696
2021-03-12,0.003541189730549732
2021-03-15,-0.021537469055918912
2021-03-16,0.008702145152257756
2021-03-17,0.004232816732816724
2021-03-18,0.008020216198837193
2021-03-19,-0.026193314753479857
2021-03-22,0.0099978230868627
2021-03-23,-0.009471738034268262
2021-03-24,-0.01608224784149337
2021-03-25,-0.00047477118666405804
2021-03-26,0.022661808438295905
2021-03-29,0.001764592625233652
2021-03-30,0.009481105158038128
2021-03-31,-0.0091015618099487
2021-04-01,0.01236441141281519
2021-04-02,0.009935861062303708
2021-04-06,-0.00411116019188007
2021-04-07,-0.007120151585303769
2021-04-08,0.0016595672977073317
2021-04-09,-0.015036549750499284
2021-04-12,-0.017395051774060977
2021-04-13,-0.0016391288969732631
2021-04-14,0.008298175575548017
2021-04-15,-0.006356625567448315
2021-04-16,0.00347749127596253
2021-04-19,0.02433258560905971
2021-04-20,-0.0007175124139477962
2021-04-21,0.0030235847479131994
2021-04-22,-0.0018632054193781222
2021-04-23,0.00907994120929656
2021-04-26,-0.011334936568363041
2021-04-27,0.002615594299265167
2021-04-28,0.005641859770710855
2021-04-29,0.008776693415428971
2021-04-30,-0.007877354928284785
2021-05-06,-0.012173342780019025
2021-05-07,-0.012856838012139549
2021-05-10,-0.000726573993454882
2021-05-11,0.0061373041530961014
2021-05-12,0.004278268625101056
2021-05-13,-0.010224896175080045
2021-05-14,0.023557121312565377
2021-05-17,0.014558006022787895
2021-05-18,0.0005033760913715213
2021-05-19,-0.002955123756650413
2021-05-20,0.0027338093332327507
2021-05-21,-0.010076334111649543
2021-05-24,0.004175959019506736
2021-05-25,0.03159483201728608
2021-05-26,0.0003967298927514129
2021-05-27,0.0033154217859296953
2021-05-28,-0.003210802082338038
2021-05-31,0.0019695212822936625
2021-06-01,0.0018962519483005646
2021-06-02,-0.009680475056536575
2021-06-03,-0.006555802773928865
2021-06-04,0.005135777473745495
2021-06-07,-0.0008803016879074255
2021-06-08,-0.00862318881770796
2021-06-09,0.0008275804071771198
2021-06-10,0.00668773692100566
2021-06-11,-0.008872287995568717
2021-06-15,-0.01112791165042959
2021-06-16,-0.01665905360626807
2021-06-17,0.004212192131074044
2021-06-18,0.00011368336048023231
2021-06-21,-0.0023674808475110387
2021-06-22,0.006241172090939884
2021-06-23,0.004925656363721664
2021-06-24,0.001666864177767735
2021-06-25,0.016291793784680708
2021-06-28,0.002250012881753083
2021-06-29,-0.011657044495559599
2021-06-30,0.006454049097011083
2021-07-01,0.0010757957442897315
2021-07-02,-0.028403376127702384
2021-07-05,0.0009190887048524665
2021-07-06,-0.000528924709828682
2021-07-07,0.011290354311345396
2021-07-08,-0.010160509990292721
2021-07-09,-0.0036987103646434205
2021-07-12,0.012480668476202661
2021-07-13,0.001829442925861846
2021-07-14,-0.011477800898465729
2021-07-15,0.013452473697049827
2021-07-16,-0.011004647226223185
2021-07-19,0.003674356251606836
2021-07-20,-0.0008800251882764565
2021-07-21,0.006860455784802877
2021-07-22,0.0014988219376210754
2021-07-23,-0.012135682049788987
2021-07-26,-0.03221115964497567
2021-07-27,-0.035325766958357874
2021-07-28,0.0019299940437478291
2021-07-29,0.018861543373777545
2021-07-30,-0.008061406890750522
2021-08-02,0.025476131585456363
2021-08-03,0.00014593391625838947
2021-08-04,0.008995918499693945
2021-08-05,-0.006061640740331664
2021-08-06,-0.005478239607813795
2021-08-09,0.01300400685961356
2021-08-10,0.011551360328629023
2021-08-11,-0.005514410636209388
2021-08-12,-0.008372313741441206
2021-08-13,-0.005503332763630353
2021-08-16,-0.000992725405278616
2021-08-17,-0.020981285430078933
2021-08-18,0.011750113697440723
2021-08-19,-0.006558730262512524
2021-08-20,-0.019100642926777045
2021-08-23,0.01396649801751626
2021-08-24,0.01085841666873466
2021-08-25,0.0019986130402851465
2021-08-26,-0.019711483495843396
2021-08-27,0.005296140252956771
2021-08-30,-0.0028526799032118078
2021-08-31,-0.0015914336822993036
2021-09-01,0.013286554672559792
2021-09-02,-1.026807900672555e-05
2021-09-03,-0.005411333200531332
2021-09-06,0.018721634668990017
2021-09-07,0.011978766572147359
2021-09-08,-0.004145945285539465
2021-09-09,-0.00042637662329825243
2021-09-10,0.008754509548270617
2021-09-13,-0.00436020999218123
2021-09-14,-0.014924894724400284
2021-09-15,-0.010135932123420899
2021-09-16,-0.012249040539763167
2021-09-17,0.010033903945753542
2021-09-22,-0.007036742628615533
2021-09-23,0.006518353218838646
2021-09-24,-0.0007768070551388284
2021-09-27,0.005761501867229679
2021-09-28,0.0013244843019906138
2021-09-29,-0.01021739085922313
2021-09-30,0.006712964399567145
2021-10-08,0.013061043321729748
2021-10-11,0.0012677639078770842
2021-10-12,-0.01060534541822733
2021-10-13,0.011521671471628858
2021-10-14,-0.005364253022705934
2021-10-15,0.0037650525784505007
2021-10-18,-0.011623828341217002
2021-10-19,0.009834289957700859
2021-10-20,-0.0025473721844834207
2021-10-21,0.003633268026834058
2021-10-22,0.006434632976326959
2021-10-25,0.003990136559853141
2021-10-26,-0.003297506586980248
2021-10-27,-0.013084564082932126
2021-10-28,-0.006945465235925208
2021-10-29,0.009175311565867705
2021-11-01,-0.003683203735355467
2021-11-02,-0.01039526120036216
2021-11-03,-0.0038720208270919265
2021-11-04,0.009879467591488389
2021-11-05,-0.005420293546174015
2021-11-08,0.0012039608867595586
2021-11-09,-0.0002970186750492765
2021-11-10,-0.0052715846115121145
2021-11-11,0.016066572775601085
2021-11-12,-0.0020985373521276163
2021-11-15,-0.0012253573276981289
2021-11-16,0.00019252905345346072
2021-11-17,0.00049761228017009
2021-11-18,-0.009851097579696044
2021-11-19,0.01084004117727333
2021-11-22,0.0045684511028492025
2021-11-23,0.00019338816057334896
2021-11-24,0.0006736747840068169
2021-11-25,-0.00411254794921756
2021-11-26,-0.007415591736036675
2021-11-29,-0.001792133132241358
2021-11-30,-0.003996767956598313
2021-12-01,0.0024461768656238725
2021-12-02,0.002541366887909291
2021-12-03,0.0092377516391553
2021-12-06,-0.0017139289372417599
2021-12-07,0.006025401523110485
2021-12-08,0.014999695252026601
2021-12-09,0.016565484304223554
2021-12-10,-0.00464096056266472
2021-12-13,0.005673455823007156
2021-12-14,-0.006707580943388858
2021-12-15,-0.008673782600946645
2021-12-16,0.005759204139115903
2021-12-17,-0.015883672014189276
2021-12-20,-0.015003753965883382
2021-12-21,0.00677605615910104
2021-12-22,0.0001953804729428743
2021-12-23,0.0069773830235326795
2021-12-24,-0.0055367628931808355
2021-12-27,-0.00041045731447131306
2021-12-28,0.007448183895335303
2021-12-29,-0.01462481537381266
2021-12-30,0.007787479420413357
2021-12-31,0.003832157203784936
2022-01-04,-0.004574556156724974
2022-01-05,-0.010096039465042228
2022-01-06,-0.010248309408971035
2022-01-07,0.000859236690652132
2022-01-10,0.004495714762658309
2022-01-11,-0.009553988914234979
2022-01-12,0.009965046261075416
2022-01-13,-0.016439724449911042
2022-01-14,-0.008222966394736075
2022-01-17,0.00857886953559861
2022-01-18,0.00966379151214114
2022-01-19,-0.006849699273894561
2022-01-20,0.009022295298700023
2022-01-21,-0.009163451511451148
2022-01-24,0.0015546177167833353
2022-01-25,-0.022622912462343936
2022-01-26,0.007237439750344743
2022-01-27,-0.019614583930174456
2022-01-28,-0.012145337108323107
2022-02-07,0.015408313740613577
2022-02-08,-0.005463855902669068
2022-02-09,0.00939296167958048
2022-02-10,-0.0026224941208842223
2022-02-11,-0.00828904320388979
2022-02-14,-0.010803233798409195
2022-02-15,0.010635610070105939
2022-02-16,0.003889045890306697
2022-02-17,0.0024188012533592484
2022-02-18,0.00476976384484451
2022-02-21,-0.0036398895778329
2022-02-22,-0.0129814362871713
2022-02-23,0.01069051080528638
2022-02-24,-0.02027449411103066
2022-02-25,0.0097365608965585
2022-02-28,0.001799528580362031
2022-03-01,0.008302685713662106
2022-03-02,-0.008894536213468696
2022-03-03,-0.005890446861486098
2022-03-04,-0.0121275235465097
2022-03-07,-0.031947567292274215
2022-03-08,-0.02007682446620307
2022-03-09,-0.009152738671024174
2022-03-10,0.01573225123333377
2022-03-11,0.0031867015775104424
2022-03-14,-0.030595469195545455
2022-03-15,-0.04573915626287506
2022-03-16,0.04324252411636098
2022-03-17,0.01963869800388829
2022-03-18,0.006654553177431133
2022-03-21,-0.0016760824210599878
2022-03-22,-0.0008100968594070279
2022-03-23,0.004986722440251112
2022-03-24,-0.0058949800304920474
2022-03-25,-0.018050906661711497
2022-03-28,-0.006252140939066675
2022-03-29,-0.003454285555879566
2022-03-30,0.029016917666068398
2022-03-31,-0.0074046214240379715
2022-04-01,0.012684128262208105
2022-04-06,-0.002881089575693996
2022-04-07,-0.012838192802731796
2022-04-08,0.005148369010002263
2022-04-11,-0.030892721655868982
2022-04-12,0.019487472165109487
2022-04-13,-0.009624470989026301
2022-04-14,0.012520109958596315
2022-04-15,-0.0006727789348620616
2022-04-18,-0.005340495374515086
2022-04-19,-0.0075557198335246545
2022-04-20,-0.015504607124718794
2022-04-21,-0.018414116178923523
2022-04-22,0.00435954482548051
2022-04-25,-0.04942129197034828
2022-04-26,-0.008070963666246378
2022-04-27,0.02944409796729497
2022-04-28,0.006563916684208193
2022-04-29,0.024260987322467287
2022-05-05,-0.001501404298547837
2022-05-06,-0.02528296523124718
2022-05-09,-0.00802799821941147
2022-05-10,0.01094278699348017
2022-05-11,0.014426498837971646
2022-05-12,-0.004446210410369189
2022-05-13,0.007542804023502381
2022-05-16,-0.008037908037908048
2022-05-17,0.012473019355295323
2022-05-18,-0.0034898611794133005
2022-05-19,0.0019263961361855042
2022-05-20,0.019501950195019546
2022-05-23,-0.00579262311163431
2022-05-24,-0.023391827290711875
2022-05-25,0.006069484611595843
2022-05-26,0.002475409095245462
2022-05-27,0.002068599362891499
2022-05-30,0.006927748481743379
2022-05-31,0.015512457123568524
2022-06-01,-0.0020383622712342175
2022-06-02,0.0015649567249056417
2022-06-06,0.018711013627349615
2022-06-07,0.0031300331965944395
2022-06-08,0.009734083409705052
2022-06-09,-0.010460186596079057
2022-06-10,0.015164033556291479
2022-06-13,-0.011710336660383569
2022-06-14,0.007867568954611048
2022-06-15,0.013241566820058281
2022-06-16,-0.00658217669965544
2022-06-17,0.013877451141866226
2022-06-20,0.004963982696842173
2022-06-21,-0.0011222903961040087
2022-06-22,-0.012703528089939575
2022-06-23,0.017154417859701843
2022-06-24,0.01171533283608217
2022-06-27,0.01126111264070695
2022-06-28,0.010408931970676827
2022-06-29,-0.015401334366621389
2022-06-30,0.014396022943166997
2022-07-01,-0.004078028811529966
2022-07-04,0.006561861947916858
2022-07-05,-0.001443495706211828
2022-07-06,-0.014605059761133576
2022-07-07,0.0044078056587182335
2022-07-08,-0.003305974834982739
2022-07-11,-0.01674501781528992
2022-07-12,-0.009415287671484585
2022-07-13,0.0018174989915662465
2022-07-14,0.00014115599820430091
2022-07-15,-0.017014995129648547
2022-07-18,0.010370645846916604
2022-07-19,-0.0054163104326292455
2022-07-20,0.003386940370174285
2022-07-21,-0.011144311125636075
2022-07-22,0.000512268475894917
2022-07-25,-0.006037897896055466
2022-07-26,0.00791427703292924
2022-07-27,-0.004931723653903153
2022-07-28,0.00014911101433368046
2022-07-29,-0.013150577304900657
2022-08-01,0.004455528644397022
2022-08-02,-0.019495401892720365
2022-08-03,-0.009749161192300071
2022-08-04,0.008497705914462417
2022-08-05,0.013499807389419471
2022-08-08,-0.0021265795987885916
2022-08-09,0.0019816444756237672
2022-08-10,-0.0111998922115637
2022-08-11,0.02039058431920271
2022-08-12,-0.0005699242167716001
2022-08-15,-0.0013051310499503366
2022-08-16,-0.0018730528850748884
2022-08-17,0.009363690328016316
2022-08-18,-0.008740893914099157
2022-08-19,-0.0069448099327769075
2022-08-22,0.007306549877501345
2022-08-23,-0.004859616396422184
2022-08-24,-0.018903746142828304
2022-08-25,0.008284301958152218
2022-08-26,-0.0021111499815364976
2022-08-29,-0.00438947791262434
2022-08-30,-0.0033573622332205844
2022-08-31,0.0007483211843593018
2022-09-01,-0.008605387806337239
2022-09-02,-0.004978064860747589
2022-09-05,-0.002033000216223768
2022-09-06,0.009177099339298778
2022-09-07,0.0006662915691906246
2022-09-08,-0.004266358896961364
2022-09-09,0.013896594083731229
2022-09-13,0.004230798355558063
2022-09-14,-0.01112838138604888
2022-09-15,-0.009406301040990273
2022-09-16,-0.02345100220504981
2022-09-19,-0.0011900281741712426
2022-09-20,0.0012321792260692188
2022-09-21,-0.007401775815949807
2022-09-22,-0.008809523199606484
2022-09-23,-0.0034424475491944273
2022-09-26,-0.005015534151793899
2022-09-27,0.014496908785721185
2022-09-28,-0.0163373840659764
2022-09-29,-0.00041005978514963015
2022-09-30,-0.005813740809063717
2022-10-10,-0.022063712748594533
2022-10-11,0.0018140577380985068
2022-10-12,0.015189031276742426
2022-10-13,-0.008360837246420005
2022-10-14,0.023929628770981592
2022-10-17,0.0010253821109860173
2022-10-18,-0.002116259057146741
2022-10-19,-0.016085371795105496
2022-10-20,-0.005719536187982155
2022-10-21,-0.0032064512520872945
2022-10-24,-0.0292608118325679
2022-10-25,-0.0016293413552707081
2022-10-26,0.008118650842878772
2022-10-27,-0.007044217780087014
2022-10-28,-0.024733279355794613
2022-10-31,-0.009214052347564339
2022-11-01,0.03575968307350319
2022-11-02,0.012008243973176791
2022-11-03,-0.008132557146780295
2022-11-04,0.032695523451848896
2022-11-07,0.002158118693873723
2022-11-08,-0.006878923529256009
2022-11-09,-0.009351004046056266
2022-11-10,-0.007694647938895072
2022-11-11,0.027878090669589684
2022-11-14,0.0014729017748729145
2022-11-15,0.018964053958598015
2022-11-16,-0.008168713156077256
2022-11-17,-0.004102347439879583
2022-11-18,-0.004475391891396341
2022-11-21,-0.008533316498183674
2022-11-22,0.0001167378148272391
2022-11-23,0.001050517698305109
2022-11-24,-0.004430864469078144
2022-11-25,0.005049496780513252
2022-11-28,-0.011266546250046416
2022-11-29,0.030852557028211436
2022-11-30,0.001200492669718889
2022-12-01,0.010830409235305094
2022-12-02,-0.006115893878200773
2022-12-05,0.019615339903641393
2022-12-06,0.005401735041349109
2022-12-07,-0.0024595534499268767
2022-12-08,0.0001869423308171747
2022-12-09,0.009865679256815696
2022-12-12,-0.011204930169274374
2022-12-13,-0.0019628475454288585
2022-12-14,0.002334198414468469
2022-12-15,-0.0007332694461793521
2022-12-16,0.0005668030536514213
2022-12-19,-0.015429046868796203
2022-12-20,-0.01649020605051854
2022-12-21,0.0003969684148945607
2022-12-22,0.0014332182929821524
2022-12-23,-0.0020359590514152925
2022-12-26,0.003988798971845897
2022-12-27,0.011541593707802056
2022-12-28,-0.004267139935954289
2022-12-29,-0.003761049374105707
2022-12-30,0.003871185210153838
2023-01-03,0.004202364378827594
2023-01-04,0.0012989017207232223
2023-01-05,0.01942742650175311
2023-01-06,0.0031018651507592754
2023-01-09,0.008096179497549594
2023-01-10,0.0010839446615102943
2023-01-11,-0.00185191177532118
2023-01-12,0.0019550975927860037
2023-01-13,0.014064666104179668
2023-01-16,0.0156048282192629
2023-01-17,-0.00017399878200863306
2023-01-18,-0.0016750297299648054
2023-01-19,0.006222293241911592
2023-01-20,0.006140504955473913
2023-01-30,0.004739891857765022
2023-01-31,-0.010589453389981962
2023-02-01,0.0093989213011747
2023-02-02,-0.003522461051542969
2023-02-03,-0.009451945039044118
2023-02-06,-0.013219432928581298
2023-02-07,0.0017984379281994478
2023-02-08,-0.0044184132303266566
2023-02-09,0.013424465302958044
2023-02-10,-0.005943072386863535
2023-02-13,0.009073840016949442
2023-02-14,0.00041510098779551363
2023-02-15,-0.0052107331453288275
2023-02-16,-0.007323537899308619
2023-02-17,-0.014408243332706183
2023-02-20,0.024533338621046896
2023-02-21,0.0026273197709443252
2023-02-22,-0.009024334334696738
2023-02-23,-0.000803515991185666
2023-02-24,-0.010381002278459284
2023-02-27,-0.004237820268157222
2023-02-28,0.006335562237872905
2023-03-01,0.014124724164876756
2023-03-02,-0.002229254605106923
2023-03-03,0.003110929781870775
2023-03-06,-0.0052148019028942505
2023-03-07,-0.01464099624970494
2023-03-08,-0.0036405399063931254
2023-03-09,-0.003534856511101636
2023-03-10,-0.013112429568267525
2023-03-13,0.010473540132186043
2023-03-14,-0.005984498676625094
2023-03-15,0.0005521118277411752
2023-03-16,-0.011976723770347864
2023-03-17,0.0049934630567507465
2023-03-20,-0.004986334311739449
2023-03-21,0.010992414472414946
2023-03-22,0.004283870449329319
2023-03-23,0.009913887944312139
2023-03-24,-0.0029808694532679203
2023-03-27,-0.0036180330514893333
2023-03-28,-0.003232414865619204
2023-03-29,0.001657703068625782
2023-03-30,0.008085089387789735
2023-03-31,0.0030704241394763354
2023-04-03,0.009785407301533322
2023-04-04,0.0030655874364695634
2023-04-06,-0.0015768526800401528
2023-04-07,0.006502890173410325
2023-04-10,-0.004479443549795126
2023-04-11,-0.0011352535196514912
2023-04-12,-0.0006975354560198044
2023-04-13,-0.006909445023417948
2023-04-14,0.005657437490476758
2023-04-17,0.01402248289345076
2023-04-18,0.003048648231783968
2023-04-19,-0.00900281833624439
2023-04-20,-0.0027978741974901133
2023-04-21,-0.019559836810907894
2023-04-24,-0.012381682153068674
2023-04-25,-0.005014261896631345
2023-04-26,-0.000868101557788048
2023-04-27,0.007372645691207547
2023-04-28,0.010197020373982735
2023-05-04,0.00028790620214480533
2023-05-05,-0.0033174120712113897
2023-05-08,0.011396905060643947
2023-05-09,-0.008560893601728847
2023-05-10,-0.007698839091532128
2023-05-11,-0.0015537157825998849
2023-05-12,-0.013255952649436353
2023-05-15,0.015524054284669297
2023-05-16,-0.005171435073232811
2023-05-17,-0.00453470279346746
2023-05-18,-0.0010353090902662787
2023-05-19,-0.0029145085905962764
2023-05-22,0.006284636484862549
2023-05-23,-0.01414344486349084
2023-05-24,-0.01382503788469247
2023-05-25,-0.0022259133629949357
2023-05-26,0.0001168679392287153
2023-05-29,-0.00441709188641759
2023-05-30,0.0009937557708257216
2023-05-31,-0.010216923978893844
2023-06-01,0.0021929478167928007
2023-06-02,0.01443705721498234
2023-06-05,-0.004552245955932843
2023-06-06,-0.009388047083306317
2023-06-07,-0.00494201924288884
2023-06-08,0.008141259427763226
2023-06-09,0.004321774571421688
2023-06-12,0.0020147522610576285
2023-06-13,0.005327187645502773
2023-06-14,-0.00023027703103040142
2023-06-15,0.015910890730379323
2023-06-16,0.009642083810979418
2023-06-19,-0.008184995016841778
2023-06-20,-0.0016968081182220374
2023-06-21,-0.015343098281450529
2023-06-26,-0.014060449841228007
2023-06-27,0.009378691235530257
2023-06-28,-0.0012040265978056075
2023-06-29,-0.004936471568423251
2023-06-30,0.005392690431833769
2023-07-03,0.013124438834597685
2023-07-04,0.0015746696533158744
2023-07-05,-0.0077455559231702775
2023-07-06,-0.006735921381510024
2023-07-07,-0.0044369266801119744
2023-07-10,0.004869697048906163
2023-07-11,0.006544703498398974
2023-07-12,-0.0067321533328681404
2023-07-13,0.014304893532876894
2023-07-14,0.0001744296407262258
2023-07-17,-0.008189069272396154
2023-07-18,-0.003162519361703753
2023-07-19,-0.001055788157532933
2023-07-20,-0.0070581453022303675
2023-07-21,-0.0004655189097443335
2023-07-24,-0.004366926484401845
2023-07-25,0.02888137873762897
2023-07-26,-0.00207145630274419
2023-07-27,-0.0011927279428515236
2023-07-28,0.02316296590515976
2023-07-31,0.005482450647926074
2023-08-01,-0.004142349357226016
2023-08-02,-0.007028514257128582
2023-08-03,0.008836494622030733
2023-08-04,0.003895150537580605
2023-08-07,-0.0075685597600345655
2023-08-08,-0.0026114306479706473
2023-08-09,-0.003055483663464531
2023-08-10,0.002054154053992674
2023-08-11,-0.023007153421267024
2023-08-14,-0.007296131814378604
2023-08-15,-0.0024300359707565278
2023-08-16,-0.007333863680086483
2023-08-17,0.003344394015184715
2023-08-18,-0.012294119182480245
2023-08-21,-0.014386892177589816
2023-08-22,0.007687233882817335
2023-08-23,-0.016390694555681762
2023-08-24,0.007249846481795608
2023-08-25,-0.00383517348251472
2023-08-28,0.011719666230807446
2023-08-29,0.009990353406420072
2023-08-30,-0.0004221513359770057
2023-08-31,-0.006134337773953447
2023-09-01,0.006963644041463102
2023-09-04,0.015154991836982212
2023-09-05,-0.0074383922888059395
2023-09-06,-0.002169975290028048
2023-09-07,-0.014050256687381912
2023-09-08,-0.004916894374572656
2023-09-11,0.007366329856496989
2023-09-12,-0.0018420507811462983
2023-09-13,-0.006368664574801897
2023-09-14,-0.0008403248899414573
2023-09-15,-0.006623793695476943
2023-09-18,0.005104104314626268
2023-09-19,-0.0019341633335211439
2023-09-20,-0.003980647762397482
2023-09-21,-0.008972687947453761
2023-09-22,0.0181051290150418
2023-09-25,-0.0065072092817998195
2023-09-26,-0.005844505464922212
2023-09-27,0.0020607166744746053
2023-09-28,-0.0029671665991082286
2023-10-09,-0.0012982718619224398
2023-10-10,-0.007490372428916037
2023-10-11,0.0028492287668198113
2023-10-12,0.009496803042903235
2023-10-13,-0.010525661871553016
2023-10-16,-0.010048015373654628
2023-10-17,0.0035294766447913073
2023-10-18,-0.007918887728746493
2023-10-19,-0.021337292069418146
2023-10-20,-0.006494903128307583
2023-10-23,-0.010354384875476907
2023-10-24,0.0037101639495258354
2023-10-25,0.004969702878871773
2023-10-26,0.002762194460772749
2023-10-27,0.013730244099552147
2023-10-30,0.006001588820988113
2023-10-31,-0.0031419427027961078
2023-11-01,-0.0004142745576639628
2023-11-02,-0.004715726275052345
2023-11-03,0.008426673869432966
2023-11-06,0.013523467275273982
2023-11-07,-0.0035374014826804467
2023-11-08,-0.0024007116493911518
2023-11-09,0.00048739016413401615
2023-11-10,-0.007290683480817073
2023-11-13,-0.001974074931200165
2023-11-14,0.0007403454759304928
2023-11-15,0.007032266349530802
2023-11-16,-0.009672187954813172
2023-11-17,-0.001200886808720325
2023-11-20,0.0023121743687763985
2023-11-21,0.0013281809234073627
2023-11-22,-0.010234371291262145
2023-11-23,0.004824484682966368
2023-11-24,-0.006601114131045138
2023-11-27,-0.007368548986577239
2023-11-28,0.001873608319048703
2023-11-29,-0.008585996384843586
2023-11-30,0.002261840260756598
2023-12-01,-0.003809850695040251
2023-12-04,-0.006529079382579961
2023-12-05,-0.019039692035582312
2023-12-06,0.0015732442417493164
2023-12-07,-0.0024473467466760157
2023-12-08,0.0024120685994668545
2023-12-11,0.0058803457019642735
2023-12-12,0.002149468481773553
2023-12-13,-0.01668903933699084
2023-12-14,-0.005237994901487131
2023-12-15,-0.003105645652096034
2023-12-18,-0.003645015037931576
2023-12-19,0.0014026677719809477
2023-12-20,-0.010959676548571662
2023-12-21,0.010119787717968176
2023-12-22,0.0019094110547694942
2023-12-25,0.00306242003098367
2023-12-26,-0.006769331879490359
2023-12-27,0.0034799190324803497
2023-12-28,0.02343272308743649
2023-12-29,0.004852776655127844
2024-01-02,-0.013045341012092315
2024-01-03,-0.00237719078063392
2024-01-04,-0.00925021460497888
2024-01-05,-0.005359943831134917
2024-01-08,-0.012931384063608609
2024-01-09,0.001959793795609288
2024-01-10,-0.004668185269551928
2024-01-11,0.0056573892399751635
2024-01-12,-0.0034894270360806834
2024-01-15,-0.0009895955446885818
2024-01-16,0.006083659461370683
2024-01-17,-0.02175177528416672
2024-01-18,0.014137153616510023
2024-01-19,-0.0015115750000762596
2024-01-22,-0.015560679923419918
2024-01-23,0.004047966696697491
2024-01-24,0.013979263164734412
2024-01-25,0.020081718343296417
2024-01-26,-0.002722171036100174
2024-01-29,-0.008956692322920845
2024-01-30,-0.017833145679729823
2024-01-31,-0.009149347927914664
2024-02-01,0.0007339791935558893
2024-02-02,-0.011834503420134146
2024-02-05,0.006538496617531031
2024-02-06,0.03476731179032755
2024-02-07,0.009644622534114022
2024-02-08,0.006370322075109902
2024-02-19,0.011554475130240549
2024-02-20,0.002068270555642071
2024-02-21,0.013492238005189394
2024-02-22,0.008620515090240755
2024-02-23,0.0008804962901565183
2024-02-26,-0.010424845403955496
2024-02-27,0.011997011606087904
2024-02-28,-0.012741824258395984
2024-02-29,0.019076823195933068
2024-03-01,0.006177333849059163
2024-03-04,0.0008677709310871418
2024-03-05,0.006958741778150701
2024-03-06,-0.004055520809084778
2024-03-07,-0.006006674082313812
2024-03-08,0.004303457498045171
2024-03-11,0.01251089590426857
2024-03-12,0.0022929517504999275
2024-03-13,-0.006985425949759372
2024-03-14,-0.002838459729702536
2024-03-15,0.0021812240681373662
2024-03-18,0.009394984299676112
2024-03-19,-0.0071873968025797375
2024-03-20,0.002166238543393151
2024-03-21,-0.0011965258912584043
2024-03-22,-0.010077937164382988
2024-03-25,-0.005427362482369524
2024-03-26,0.005102445997458682
2024-03-27,-0.011558377425044064
2024-03-28,0.005187293557421313
2024-03-29,0.004691902208488585
2024-04-01,0.01644390922351513
2024-04-02,-0.004163364064911801
2024-04-03,-0.0035970821184801993
2024-04-08,-0.008798138909131725
2024-04-09,-0.0008256961155522768
2024-04-10,-0.008144921876105382
2024-04-11,-0.0001341052469392423
2024-04-12,-0.008104467730520648
2024-04-15,0.02107116553120969
2024-04-16,-0.010698547229140987
2024-04-17,0.015462346665299664
2024-04-18,0.0012340831323274237
2024-04-19,-0.007882794554316841
2024-04-22,-0.003038123365879164
2024-04-23,-0.0069897193350138
2024-04-24,0.004392194443018527
2024-04-25,0.002459095529898203
2024-04-26,0.015293404489162166
2024-04-29,0.011059434696604864
2024-04-30,-0.005386447235168679
2024-05-06,0.014840236489392256
2024-05-07,0.000308922107887577
2024-05-08,-0.007868248515308873
2024-05-09,0.009459481794491742
2024-05-10,0.00046936057807767106
2024-05-13,-0.0004336820973848132
2024-05-14,-0.0020847602389287845
2024-05-15,-0.00847404328625534
2024-05-16,0.003943674401416519
2024-05-17,0.010331395796020049
2024-05-20,0.003531839574548057
2024-05-21,-0.004009796909205221
2024-05-22,0.0022550705083566047
2024-05-23,-0.011578390261775762
2024-05-24,-0.011068732683652827
2024-05-27,0.0095044259582171
2024-05-28,-0.007299812141232431
2024-05-29,0.0012052632599739432
2024-05-30,-0.005316146029356372
2024-05-31,-0.004003550055504346
2024-06-03,0.0024665355650406173
2024-06-04,0.007501219087425959
2024-06-05,-0.005774863303343536
2024-06-06,-0.0007065781311286212
2024-06-07,-0.005049759899784179
2024-06-11,-0.00873783963000585
2024-06-12,0.0003499977419498812
2024-06-13,-0.00507601322754303
2024-06-14,0.004367394282116743
2024-06-17,-0.0015049992517359723
2024-06-18,0.002655392794525202
2024-06-19,-0.004749562132113416
2024-06-20,-0.0072178533475025786
2024-06-21,-0.0021865223447741222
2024-06-24,-0.005381019676051757
2024-06-25,-0.005438893698534009
2024-06-26,0.006466352410422482
2024-06-27,-0.007510933091205874
2024-06-28,0.002182900420367506
2024-07-01,0.004772276884500437
2024-07-02,-0.0018371677141493237
2024-07-03,-0.002413740462412828
2024-07-04,-0.005081696940298697
2024-07-05,-0.004280561029191943
2024-07-08,-0.008539634981609145
2024-07-09,0.011185386388222529
2024-07-10,-0.0031513368470933445
2024-07-11,0.011432004362826209
2024-07-12,0.0012196633959695724
2024-07-15,0.001108743232346443
2024-07-16,0.006337288745055902
2024-07-17,0.0009433207176097191
2024-07-18,0.005526076799616142
2024-07-19,0.00513784710289622
2024-07-22,-0.006809794801950764
2024-07-23,-0.02134899229569942
2024-07-24,-0.006311266672093252
2024-07-25,-0.00552927443632123
2024-07-26,0.002947691710278866
2024-07-29,-0.005441015578023678
2024-07-30,-0.006299509841509399
2024-07-31,0.02157666989179008
2024-08-01,-0.006626807046901884
2024-08-02,-0.010201007817458141
2024-08-05,-0.012135126270908403
2024-08-06,-0.0001016953208188287
2024-08-07,-0.0004457101149274445
2024-08-08,0.0004339381533389197
2024-08-09,-0.003383249475013006
2024-08-12,-0.001731884993231514
2024-08-13,0.0025647501698808917
2024-08-14,-0.007542608992949229
2024-08-15,0.009884444766774303
2024-08-16,0.001101153518155762
2024-08-19,0.003389496148707316
2024-08-20,-0.007229733956514384
2024-08-21,-0.003318630539802525
2024-08-22,-0.0025589768909334287
2024-08-23,0.004240690100629774
2024-08-26,-0.0008926451450023132
2024-08-27,-0.005682536053570386
2024-08-28,-0.0056968593151062175
2024-08-29,-0.0026837060702875615
2024-08-30,0.013347855800444286
2024-09-02,-0.016986659360576528
2024-09-03,0.002578858870263767
2024-09-04,-0.006497771450741263
2024-09-05,0.0017219325002459929
2024-09-06,-0.008106797308580216
2024-09-09,-0.011883578071084866
2024-09-10,0.0008800638907595637
2024-09-11,-0.0030133677122187175
2024-09-12,-0.004287332908575747
2024-09-13,-0.0041671000829006655
2024-09-18,0.0037224024689404
2024-09-19,0.007893384126823833
2024-09-20,0.001567564861516102
2024-09-23,0.0036581746614392507
2024-09-24,0.04331166971700329
2024-09-25,0.014803500093976352
2024-09-26,0.04227215400128759
2024-09-27,0.04466733609377993
2024-09-30,0.08482644288923447
2024-10-08,0.05929788319623697
2024-10-09,-0.07051526044970757
2024-10-10,0.010568809751313246
2024-10-11,-0.02767028783402825
2024-10-14,0.019080719392257084
2024-10-15,-0.02659453619229868
2024-10-16,-0.006327817240189826
2024-10-17,-0.011319060755456745
2024-10-18,0.03616738204222569
2024-10-21,0.002539978549027655
2024-10-22,0.00573795486887585
2024-10-23,0.00389865025342484
2024-10-24,-0.011169809801143238
2024-10-25,0.0070224468862232214
2024-10-28,0.001956314041481999
2024-10-29,-0.00996680255085558
2024-10-30,-0.008968952645458939
2024-10-31,0.0004087981591227585
2024-11-01,-0.00026214071302277375
2024-11-04,0.014071907085310587
2024-11-05,0.025301919508411208
2024-11-06,-0.005016602506570544
2024-11-07,0.03017185682904766
2024-11-08,-0.010046554261041507
2024-11-11,0.0065983601564307826
2024-11-12,-0.010987308557222963
2024-11-13,0.006155555664335122
2024-11-14,-0.017336878388864774
2024-11-15,-0.01752392551774673
2024-11-18,-0.004648725191051195
2024-11-19,0.0067107468142304505
2024-11-20,0.0022329005831189797
2024-11-21,0.0008856507023737858
2024-11-22,-0.030982879201865043
2024-11-25,-0.004555449207129247
2024-11-26,-0.0020555652284640624
2024-11-27,0.017410642209479743
2024-11-28,-0.008827654695114373
2024-11-29,0.011369769273475994
2024-12-02,0.007927834998902039
2024-12-03,0.0010791284897520015
2024-12-04,-0.0053974174382384055
2024-12-05,-0.0022821175608563893
2024-12-06,0.013145178358777931
2024-12-09,-0.0016536039505277156
2024-12-10,0.007328750028361863
2024-12-11,-0.0017043577499474827
2024-12-12,0.00994527217254193
2024-12-13,-0.02366141243639075
2024-12-16,-0.005425635236627757
2024-12-17,0.00260491226635029
2024-12-18,0.005063704255194201
2024-12-19,0.0009056569310661455
2024-12-20,-0.004491238030546518
2024-12-23,0.0014843141348461764
2024-12-24,0.012741606225388002
2024-12-25,0.00048698568412697263
2024-12-26,0.0004641675218222119
2024-12-27,-0.001617562972102582
2024-12-30,0.004526466768650428
2024-12-31,-0.016038809217189143
2025-01-02,-0.02910104678378911
2025-01-03,-0.011841691969427304
2025-01-06,-0.0016396656035770896
2025-01-07,0.007200906348418856
2025-01-08,-0.0018150158978533781
2025-01-09,-0.00246488723272853
2025-01-10,-0.012540080637480577
2025-01-13,-0.0026711462620027104
2025-01-14,0.026334381908980742
2025-01-15,-0.006415323488302649
2025-01-16,0.0011459340416171138
2025-01-17,0.003147053715681025
2025-01-20,0.004548387604463411
2025-01-21,0.0007650769777109989
2025-01-22,-0.0092861000727964
2025-01-23,0.0017698089554438745
2025-01-24,0.007655623149847246
2025-01-27,-0.004117030102847585
2025-02-05,-0.005763567962945526
2025-02-06,0.012582079956153791
2025-02-07,0.01297741508211403
2025-02-10,0.002147609628278646
2025-02-11,-0.004593623271623604
2025-02-12,0.009456264775413725
2025-02-13,-0.0037552361563933934
2025-02-14,0.008673184572128179
2025-02-17,0.0021299768215872206
2025-02-18,-0.008770329837361257
2025-02-19,0.00699758228165126
2025-02-20,-0.0028577519694631404
2025-02-21,0.012609127236631101
2025-02-24,-0.0021918138767960116
2025-02-25,-0.011101538647562026
2025-02-26,0.008734859195292488
2025-02-27,0.002065687863957555
2025-02-28,-0.019674304204509885
2025-03-03,-0.00040616444518715156
2025-03-04,-0.0008358043137789428
2025-03-05,0.004465641585289948
2025-03-06,0.013752475932526487
2025-03-07,-0.0030913190301902205
2025-03-10,-0.0038564810941148497
2025-03-11,0.0032121767460802086
2025-03-12,-0.003600225299511317
2025-03-13,-0.003984997058995798
2025-03-14,0.024281748040433815
2025-03-17,-0.0024385008585918744
2025-03-18,0.0027346945924102695
2025-03-19,0.0006113201521065204
2025-03-20,-0.008772695421889964
2025-03-21,-0.015167333754298795
2025-03-24,0.005147265435410109
2025-03-25,-0.0006480551990545314
2025-03-26,-0.003290695013096645
2025-03-27,0.0033296252449379615
2025-03-28,-0.004384079991659018
2025-03-31,-0.00711591067565398
2025-04-01,9.518150083209775e-05
2025-04-02,-0.0008462630669190396
2025-04-03,-0.005892817147608698
2025-04-07,-0.07045448659847209
2025-04-08,0.01708344477132928
2025-04-09,0.009869177924596517
2025-04-10,0.013108964709137139
2025-04-11,0.004123026837156596
2025-04-14,0.002298347962415903
2025-04-15,0.0005559782290631698
2025-04-16,0.0030814387846529456
2025-04-17,-0.00015903223583435544
2025-04-18,7.952876555461508e-05
2025-04-21,0.0032763245787961193
2025-04-22,-0.00024571452727706333
2025-04-23,0.0007743231279484508
2025-04-24,-0.000665455467297571
2025-04-25,0.0006949655952392941
2025-04-28,-0.0014180127225051908
2025-04-29,-0.0017294175512082566
2025-04-30,-0.001194676669103667
2025-05-06,0.010070095502801912
2025-05-07,0.006062690689870642
2025-05-08,0.00555116229907382
2025-05-09,-0.00174933167224689
2025-05-12,0.011556981508829667
2025-05-13,0.0014522144342403731
2025-05-14,0.012050017195977647
2025-05-15,-0.00913215375290699
2025-05-16,-0.004635032760032631
2025-05-19,-0.003070126944863749
2025-05-20,0.005421508066492109
2025-05-21,0.004671422744518594
2025-05-22,-0.0006408979721069796
2025-05-23,-0.00807385017897888
2025-05-26,-0.005708000731530771
2025-05-27,-0.0053651320817282855
2025-05-28,-0.0008230452674897748
2025-05-29,0.0058546910516548145
2025-05-30,-0.004786586155959172
2025-06-03,0.0030675246013911472
2025-06-04,0.0043431870633772185
2025-06-05,0.0022798120318243686
2025-06-06,-0.0009232610198165458
2025-06-09,0.0029091528608820028
2025-06-10,-0.005091049482015331
2025-06-11,0.007543713959751397
2025-06-12,-0.0006239360350021039
2025-06-13,-0.007199013411438249
2025-06-16,0.0024895320611360017
2025-06-17,-0.000882854045123671
2025-06-18,0.0011859300637147019
2025-06-19,-0.008227160468339045
2025-06-20,0.0009237358479763369
2025-06-23,0.0029272299981282224
2025-06-24,0.011957282459369223
2025-06-25,0.014354397891409576
2025-06-26,-0.003547917082273866
2025-06-27,-0.0061479668121295905
2025-06-30,0.003651421810615618
2025-07-01,0.0016971199772362056
2025-07-02,0.0002333390822670811
2025-07-03,0.006184578870496615
2025-07-04,0.003560925084486799
2025-07-07,-0.004276530560996417
2025-07-08,0.008393082768204163
2025-07-09,-0.0017631832335028852
2025-07-10,0.004665029814100219
2025-07-11,0.0011945077580659547
2025-07-14,0.0007123624779254989
2025-07-15,0.00034597167014704944
2025-07-16,-0.0029509387767289175
2025-07-17,0.006810241565182729
2025-07-18,0.005963579039730105
2025-07-21,0.00666740584691583
2025-07-22,0.008162795763668074
2025-07-23,0.00019665158195292243
2025-07-24,0.007104765557300441
2025-07-25,-0.005273509052696523
2025-07-28,0.002098295195727795
2025-07-29,0.0039169983219773385
2025-07-30,-0.0001878603667614387
2025-07-31,-0.018223470577465872
2025-08-01,-0.005069204704104213
2025-08-04,0.0038890930299659843
2025-08-05,0.008045299334266787
2025-08-06,0.002446721661041318
2025-08-07,0.0002868610352766421
2025-08-08,-0.002357418699433955
2025-08-11,0.004272869229251297
2025-08-12,0.005171606618298075
2025-08-13,0.007903316497057
2025-08-14,-0.0007829372357286424
2025-08-15,0.006958505359055511
2025-08-18,0.00881887515318791
2025-08-19,-0.0037835453518295648
2025-08-20,0.01137243480916883
2025-08-21,0.0039027016903123712
2025-08-22,0.020972138980940302
2025-08-25,0.020835998172681558
2025-08-26,-0.003721007245112151
2025-08-27,-0.014926144109383532
2025-08-28,0.017703533638993685
2025-08-29,0.007388356953075714
2025-09-01,0.00599320399576575
2025-09-02,-0.0073523722785059364
2025-09-03,-0.006818915698872052
2025-09-04,-0.02121605532049431
2025-09-05,0.02178818430270235
2025-09-08,0.0016254439143379429
2025-09-09,-0.007008284145519683
2025-09-10,0.0020512774273824252
2025-09-11,0.023095992225601547
2025-09-12,-0.005723357145841157
2025-09-15,0.002445820433436552
2025-09-16,-0.002144246932535676
2025-09-17,0.006119371968501319
2025-09-18,-0.011625965168248209
2025-09-19,0.0008470224160814777
2025-09-22,0.004595816895902161
2025-09-23,-0.0006257448685603739
2025-09-24,0.010241648929815161
2025-09-25,0.006005164178385369
2025-09-26,-0.00945686177612226
2025-09-29,0.015384446324765655
2025-09-30,0.004467484118137133
2025-10-09,0.014823226718440496
2025-10-10,-0.019673084926573603
2025-10-13,-0.004949283382754022
2025-10-14,-0.011954775597629808
2025-10-15,0.014811436729190497
2025-10-16,0.0026333556940618674
2025-10-17,-0.02255966326146186
2025-10-20,0.0053143060942841824
2025-10-21,0.015347426964757105
2025-10-22,-0.0033204061746534563
2025-10-23,0.002998321201418852
2025-10-24,0.011796784431891805
2025-10-27,0.011873803822618267
2025-10-28,-0.005099639102463582
2025-10-29,0.011907578266698193
2025-10-30,-0.007988896003235268
2025-10-31,-0.014700917851933393
2025-11-03,0.002743138383035193
2025-11-04,-0.007456913224738848
2025-11-05,0.0018533353541041464
2025-11-06,0.014293556013709852
2025-11-07,-0.003112881919290822
2025-11-10,0.0034752574917873424
2025-11-11,-0.009133023077496527
2025-11-12,-0.001345608608455895
2025-11-13,0.012088051641120812
2025-11-14,-0.015722862483969702
2025-11-17,-0.006501531932914806
2025-11-18,-0.00649405726340524
2025-11-19,0.0043999921194171066
2025-11-20,-0.005086862425871086
2025-11-21,-0.024390190473061124
2025-11-24,-0.0012484254346473156
2025-11-25,0.009521026067602634
2025-11-26,0.006064047746303425
2025-11-27,-0.0004936216556027384
2025-11-28,0.002493688266820282
2025-12-01,0.011008116359523257
2025-12-02,-0.004842138844398214
2025-12-03,-0.005111619052637795
2025-12-04,0.0034252546319284427
2025-12-05,0.008351350578568173
2025-12-08,0.008116408625510996
2025-12-09,-0.005091145129009544
2025-12-10,-0.0013896681759464347
2025-12-11,-0.008634901553411067
2025-12-12,0.006320048855712912
2025-12-15,-0.00630655213438247
2025-12-16,-0.011974798223222116
2025-12-17,0.01830552189525414
2025-12-18,-0.005915002139794123
2025-12-19,0.003380344799562618
2025-12-22,0.009509257516122416
2025-12-23,0.0019754446376760715
2025-12-24,0.0028848255578666215
2025-12-25,0.001829928831305505
2025-12-26,0.003166370133590668
2025-12-29,-0.003837036528072435
2025-12-30,0.0025671589030407116
2025-12-31,-0.0045879843827936195
2026-01-05,0.018965688540240278
2026-01-06,0.015460759896136933
2026-01-07,-0.0029265095424666487
2026-01-08,-0.008168870782365167
2026-01-09,0.004489567612635081
2026-01-12,0.006514083027241435
2026-01-13,-0.006031415973544507
2026-01-14,-0.004011736956078704
2026-01-15,0.002003403677405702
2026-01-16,-0.0041166554068986505
2026-01-19,0.0005473523152581539
2026-01-20,-0.00329076600076883
2026-01-21,0.0008879225578950489
2026-01-22,0.00013550508461657174
2026-01-23,-0.004490114761490416
2026-01-26,0.0009484316852736985
2026-01-27,-0.00026981321277441683
2026-01-28,0.0026138568413984764
2026-01-29,0.007604933456832219
2026-01-30,-0.00999816991209257
2026-02-02,-0.021324426199552216
2026-02-03,0.011752113556724009
2026-02-04,0.008276628663272056
2026-02-05,-0.0060144551235666865
2026-02-06,-0.005742524226943102
2026-02-09,0.0162503230252391
2026-02-10,0.001110390628642044
2026-02-11,-0.0022183180577017847
2026-02-12,0.001221938894569563
2026-02-13,-0.012537132541454943
2026-02-24,0.010112844148905342
2026-02-25,0.006022253661147836
2026-02-26,-0.0019046050478369603
2026-02-27,-0.003431446178972619
2026-03-02,0.0038253744175433813
2026-03-03,-0.01538910518179537
2026-03-04,-0.011443544749672352
2026-03-05,0.00979224876266116
2026-03-06,0.0027432982836634867
2026-03-09,-0.009651449219386876
2026-03-10,0.012848123480649898
2026-03-11,0.006361823922511389
2026-03-12,-0.003600807737272782
2026-03-13,-0.003929549701763846
2026-03-16,0.000518296731303769
2026-03-17,-0.007303770046836799
2026-03-18,0.0045046404913056115
2026-03-19,-0.01611736394802432
2026-03-20,-0.0035411552937325563
2026-03-23,-0.032629592162942256
2026-03-24,0.012838388411045676
2026-03-25,0.014023223799477957
2026-03-26,-0.013210004694246047
2026-03-27,0.0055923690070194265
2026-03-30,-0.002358652947094586
2026-03-31,-0.009327797504424473
2026-04-01,0.017082954124110872
2026-04-02,-0.010419635577885389
2026-04-03,-0.00851099932796151
2026-04-07,-3.828147694440176e-05
2026-04-08,0.034891524156536846
2026-04-09,-0.006384423225896385
2026-04-10,0.015406616413575991
2026-04-13,0.0020661825444239224
2026-04-14,0.011865738299452255
2026-04-15,-0.0034097096960826745
2026-04-16,0.010962061789658861
2026-04-17,-0.0016763043611358608
2026-04-20,0.006084163200223314
2026-04-21,0.0022196811730679222
2026-04-22,0.006633808724832324
2026-04-23,-0.00277104693486796
2026-04-24,-0.003543424711626608
2026-04-27,0.0003312806513229294
2026-04-28,-0.002670327712510079
2026-04-29,0.010957902236345296
2026-04-30,-0.0006319706466265673
2026-05-06,0.014515394264151826
2026-05-07,0.0048020438417171185
2026-05-08,-0.005836127260223978
2026-05-11,0.016406296503835405
2026-05-12,-0.0007653720637177397
2026-05-13,0.010163599801942258
2026-05-14,-0.016753562182644566
2026-05-15,-0.011193179505961881
2026-05-18,-0.00536465010422682
2026-05-19,0.00400536255151529
2026-05-20,-0.00044921778407880364
2026-05-21,-0.013936132929267875
2026-05-22,0.0129623047814178
2026-05-25,0.015789147798807024
2026-05-26,0.005333631339401901
2026-05-27,-0.008019644896268163
2026-05-28,0.0012306012220439921
2026-05-29,-0.004495127395858112
2026-06-01,-0.009783079728215904
2026-06-02,0.014512020411786342
2026-06-03,0.0049343176194815985
2026-06-04,-0.006896398120195046
2026-06-05,-0.017907130842550578
2026-06-08,-0.02144108683557122
2026-06-09,0.01870528933053861
2026-06-10,-0.011083320664499463
2026-06-11,-0.005513215501864788
2026-06-12,0.011627537634385732
2026-06-15,0.023944387229660302
2026-06-16,-0.0015291176296224895
2026-06-17,0.00965556495087272
2026-06-18,0.0020704101683297615
2026-06-22,0.023891047434029256
2026-06-23,-0.027723206697683134
2026-06-24,0.004803441077044113
2026-06-25,0.015593705872118724
2026-06-26,-0.03025437740284065
2026-06-29,0.012057795251652514
2026-06-30,0.010657774025151667
2026-07-01,-0.004106895769194652
2026-07-02,-0.029578663354157375
2026-07-03,0.006207011200465518
2026-07-06,-3.510822627050825e-05
2026-07-07,-0.010272614622056975
2026-07-08,-0.007664442246455794
2026-07-09,0.02539780003490688
2026-07-10,-0.019588582350178796
2026-07-13,-0.017865248212115548
2026-07-14,0.02153606310884304
2026-07-15,-0.0020264776399459006
2026-07-16,-0.018457083885200398
2026-07-17,-0.0360396983673269
2026-07-20,0.015283389635909916
2026-07-21,0.03064380034447356
2026-07-22,-0.004639994260670965
2026-07-23,0.002280994819004345
2026-07-24,-0.01666878172588837
2026-07-27,0.011451457135544185
2026-07-28,-0.028264110257887887
2026-07-29,0.006727183599152697
2026-07-30,-0.01098633555494688
2026-07-31,0.008457663328732323
2026-08-03,-0.009812126759949358
2026-08-04,0.012711360764926738
2026-08-05,0.012436616075445439
2026-08-06,-0.0014683941049556948
2026-08-07,0.009272656520420863
2026-08-10,0.0016146760849005126
2026-08-11,-0.008130548147392114
2026-08-12,0.005817157290529895
2026-08-13,-0.005749405233941407
2026-08-14,0.0004138123264616489
2026-08-17,0.016121289017291485
2026-08-18,-0.003224989981227999
2026-08-19,-0.0290130157581453
2026-08-20,0.0008826029158586213
2026-08-21,0.005693756463992061
2026-08-24,-0.012074303405572695
2026-08-25,-0.002432540821760587
2026-08-26,0.008514882371161825
2026-08-27,0.008602005319345851
2026-08-28,-0.004556959838281749
2026-08-31,0.003451807045938615
2026-09-01,-0.002951293920767095
2026-09-02,-0.01376576514060679
