date,n_pool,k,sig_long,sig_short
2020-02-21 00:00:00+00:00,10,2,0.0003749116666666668,0.00152403
2020-02-24 00:00:00+00:00,10,2,0.00021332500000000002,0.0012613983333333333
2020-02-27 00:00:00+00:00,10,2,-2.768666666666666e-05,0.0011921033333333333
2020-03-01 00:00:00+00:00,11,2,-0.0002204333333333333,0.0011752450000000001
2020-03-04 00:00:00+00:00,12,2,-0.0011868750000000002,0.0008807316666666668
2020-03-07 00:00:00+00:00,15,3,-8.121888888888892e-05,0.0012483722222222226
2020-03-10 00:00:00+00:00,16,3,-0.0005418233333333334,0.00135573
2020-03-13 00:00:00+00:00,17,3,-0.0026050144444444445,0.0003049666666666665
2020-03-16 00:00:00+00:00,17,3,-0.0024990788888888888,0.0006387588888888889
2020-03-19 00:00:00+00:00,17,3,-0.002457772222222222,0.0008584688888888889
2020-03-22 00:00:00+00:00,17,3,-0.0007619299999999997,0.00092917
2020-03-25 00:00:00+00:00,17,3,-0.0005795011111111107,0.00070306
2020-03-28 00:00:00+00:00,17,3,-0.0010615955555555556,0.0006941488888888887
2020-03-31 00:00:00+00:00,17,3,-0.0013465200000000001,0.0005870277777777778
2020-04-03 00:00:00+00:00,16,3,-0.0007115922222222221,0.00030370999999999995
2020-04-06 00:00:00+00:00,15,3,-0.0002924155555555555,0.00040457666666666694
2020-04-09 00:00:00+00:00,13,2,-2.6206666666666708e-05,0.0004842300000000001
2020-04-12 00:00:00+00:00,13,2,-0.00029710333333333343,0.0004407966666666665
2020-04-15 00:00:00+00:00,13,2,-0.0025866833333333334,0.0005000300000000004
2020-04-18 00:00:00+00:00,13,2,-0.002346401666666667,0.00031901333333333385
2020-04-21 00:00:00+00:00,13,2,-0.0017757900000000002,0.0003916633333333339
2020-04-24 00:00:00+00:00,14,2,-0.0008313633333333335,0.0003691450000000006
2020-04-27 00:00:00+00:00,14,2,-0.0002590916666666668,0.001041811666666667
2020-04-30 00:00:00+00:00,17,3,-0.0009060233333333334,0.0012447966666666666
2020-05-03 00:00:00+00:00,17,3,-0.0003383444444444443,0.0010867666666666664
2020-05-06 00:00:00+00:00,17,3,-0.00040314222222222223,0.0013057066666666663
2020-05-09 00:00:00+00:00,17,3,0.00010179222222222262,0.0021592244444444443
2020-05-12 00:00:00+00:00,17,3,-8.758333333333303e-05,0.0007530622222222219
2020-05-15 00:00:00+00:00,19,3,-0.00024855777777777784,0.00032588555555555554
2020-05-18 00:00:00+00:00,19,3,-0.0001025200000000001,0.0005064333333333332
2020-05-21 00:00:00+00:00,19,3,5.432444444444445e-05,0.0006251344444444443
2020-05-24 00:00:00+00:00,20,4,6.287166666666679e-05,0.0005115024999999998
2020-05-27 00:00:00+00:00,20,4,2.3619166666666578e-05,0.0004957658333333332
2020-05-30 00:00:00+00:00,19,3,1.423555555555546e-05,0.0005840888888888888
2020-06-02 00:00:00+00:00,20,4,0.0003798991666666669,0.0012889899999999998
2020-06-05 00:00:00+00:00,22,4,0.00015416333333333353,0.0009864049999999997
2020-06-08 00:00:00+00:00,22,4,0.0001571025000000003,0.0010062383333333332
2020-06-11 00:00:00+00:00,22,4,-0.0002569466666666664,0.0015733408333333334
2020-06-14 00:00:00+00:00,21,4,-6.439583333333334e-05,0.00068525
2020-06-17 00:00:00+00:00,20,4,-4.6991666666666605e-05,0.0006672591666666666
2020-06-20 00:00:00+00:00,20,4,-0.00018427833333333333,0.0007947116666666667
2020-06-23 00:00:00+00:00,20,4,-0.001614461666666667,0.0009077383333333334
2020-06-26 00:00:00+00:00,21,4,-0.0009347541666666666,0.0006501633333333333
2020-06-29 00:00:00+00:00,21,4,-0.001316168333333333,0.0006401958333333333
2020-07-02 00:00:00+00:00,21,4,-0.0006349508333333334,0.0006134766666666667
2020-07-05 00:00:00+00:00,21,4,-0.0015420416666666668,0.0012667374999999997
2020-07-08 00:00:00+00:00,21,4,3.8050000000001304e-06,0.0026633075
2020-07-11 00:00:00+00:00,21,4,0.0002165958333333334,0.0016655141666666665
2020-07-14 00:00:00+00:00,21,4,0.00021604249999999988,0.0019531941666666667
2020-07-17 00:00:00+00:00,23,4,-0.0004779533333333333,0.00150382
2020-07-20 00:00:00+00:00,25,5,8.761133333333344e-05,0.0012141866666666667
2020-07-23 00:00:00+00:00,26,5,0.0001589953333333332,0.0012527953333333333
2020-07-26 00:00:00+00:00,27,5,0.00035920066666666664,0.0031257919999999996
2020-07-29 00:00:00+00:00,29,5,0.0003576379999999997,0.0033538973333333334
2020-08-01 00:00:00+00:00,31,6,0.0008655555555555556,0.0036428683333333324
2020-08-04 00:00:00+00:00,31,6,0.0003940583333333334,0.0028149983333333327
2020-08-07 00:00:00+00:00,31,6,0.00034377277777777795,0.0034407949999999995
2020-08-10 00:00:00+00:00,32,6,-4.181666666666697e-06,0.003668448333333333
2020-08-13 00:00:00+00:00,32,6,-0.0016041033333333333,0.003576276111111111
2020-08-16 00:00:00+00:00,32,6,0.0008385455555555556,0.0052906372222222215
2020-08-19 00:00:00+00:00,32,6,0.0008116683333333337,0.0030335627777777776
2020-08-22 00:00:00+00:00,34,6,-0.00024882666666666676,0.0020129011111111113
2020-08-25 00:00:00+00:00,34,6,0.00027854611111111116,0.0019099533333333332
2020-08-28 00:00:00+00:00,36,7,0.00019020999999999998,0.0015081819047619049
2020-08-31 00:00:00+00:00,37,7,-0.00034905000000000005,0.003712111428571429
2020-09-03 00:00:00+00:00,37,7,-0.002258286190476191,0.002874440476190476
2020-09-06 00:00:00+00:00,37,7,-0.003047997619047619,0.0006003657142857143
2020-09-09 00:00:00+00:00,36,7,-0.0034129780952380953,0.0005192276190476191
2020-09-12 00:00:00+00:00,38,7,-0.00193940619047619,0.000625612380952381
2020-09-15 00:00:00+00:00,39,7,-0.0025228771428571425,0.0007489333333333334
2020-09-18 00:00:00+00:00,39,7,-0.0027250342857142854,0.00041934380952380945
2020-09-21 00:00:00+00:00,40,8,-0.0016520791666666667,0.0004592137499999999
2020-09-24 00:00:00+00:00,40,8,-0.0022779845833333333,0.00036883541666666664
2020-09-27 00:00:00+00:00,41,8,-0.0017539875,0.0005293075000000001
2020-09-30 00:00:00+00:00,42,8,-0.0017146891666666667,0.0005365008333333333
2020-10-03 00:00:00+00:00,44,8,-0.00211343,0.00040820375000000014
2020-10-06 00:00:00+00:00,46,9,-0.002786716666666667,0.00030705777777777785
2020-10-09 00:00:00+00:00,46,9,-0.00723485037037037,0.0005162500000000001
2020-10-12 00:00:00+00:00,45,9,-0.0034050648148148143,0.0004990585185185187
2020-10-15 00:00:00+00:00,46,9,-0.0022519925925925926,0.0004107074074074077
2020-10-18 00:00:00+00:00,46,9,-0.0032705355555555557,0.00041029185185185193
2020-10-21 00:00:00+00:00,46,9,-0.0018118200000000002,0.00046272481481481477
2020-10-24 00:00:00+00:00,48,9,-0.0008130881481481482,0.0012313577777777777
2020-10-27 00:00:00+00:00,46,9,-0.0015026518518518519,0.0009417937037037037
2020-10-30 00:00:00+00:00,48,9,-0.001643098148148148,0.0006125822222222224
2020-11-02 00:00:00+00:00,47,9,-0.0020423314814814815,0.00039880962962962987
2020-11-05 00:00:00+00:00,46,9,-0.0020995899999999997,0.0004709866666666667
2020-11-08 00:00:00+00:00,46,9,-0.0011347240740740736,0.0015960344444444447
2020-11-11 00:00:00+00:00,46,9,-0.0008539607407407406,0.0009627603703703706
2020-11-14 00:00:00+00:00,49,9,-0.0018364792592592595,0.000993522962962963
2020-11-17 00:00:00+00:00,51,10,-0.0016216053333333335,0.0014764453333333334
2020-11-20 00:00:00+00:00,54,10,-0.0002115576666666665,0.0022702163333333334
2020-11-23 00:00:00+00:00,56,11,0.0005297818181818183,0.003915250303030303
2020-11-26 00:00:00+00:00,57,11,0.0002773396969696973,0.003984222727272727
2020-11-29 00:00:00+00:00,59,11,-0.0017631699999999999,0.0005944036363636363
2020-12-02 00:00:00+00:00,61,12,-0.0006640677777777778,0.0013652505555555555
2020-12-05 00:00:00+00:00,64,12,-0.0004390702777777779,0.0011240733333333333
2020-12-08 00:00:00+00:00,63,12,-0.0004066708333333334,0.0008520200000000001
2020-12-11 00:00:00+00:00,64,12,-0.0004616333333333333,0.0005026033333333334
2020-12-14 00:00:00+00:00,64,12,-0.0013097444444444446,0.0005150663888888892
2020-12-17 00:00:00+00:00,64,12,-0.0002682899999999999,0.0016867577777777778
2020-12-20 00:00:00+00:00,68,13,9.136564102564105e-05,0.002601943846153846
2020-12-23 00:00:00+00:00,68,13,-0.0009124041025641027,0.0009973935897435897
2020-12-26 00:00:00+00:00,69,13,-0.002263449230769231,0.0003467989743589744
2020-12-29 00:00:00+00:00,70,14,-0.0006244192857142856,0.0013256395238095237
2021-01-01 00:00:00+00:00,69,13,-0.0013375961538461536,0.0016407530769230773
2021-01-04 00:00:00+00:00,69,13,0.0003720069230769231,0.004168468205128204
2021-01-07 00:00:00+00:00,71,14,-0.0004150295238095237,0.005450338333333334
2021-01-10 00:00:00+00:00,72,14,0.0009947235714285712,0.0045603154761904765
2021-01-13 00:00:00+00:00,75,15,-0.0003719815555555554,0.0011676844444444446
2021-01-16 00:00:00+00:00,76,15,0.0002042226666666668,0.002401002444444445
2021-01-19 00:00:00+00:00,78,15,0.0007749471111111111,0.004062081555555554
2021-01-22 00:00:00+00:00,79,15,-0.0008471391111111109,0.0013078302222222222
2021-01-25 00:00:00+00:00,80,16,-0.00040958104166666654,0.0018549925
2021-01-28 00:00:00+00:00,80,16,-0.00029475499999999984,0.0011174006249999998
2021-01-31 00:00:00+00:00,80,16,0.0002891454166666667,0.004552062083333332
2021-02-03 00:00:00+00:00,80,16,0.0014481627083333334,0.00541953125
2021-02-06 00:00:00+00:00,80,16,0.002665576875,0.0077877983333333334
2021-02-09 00:00:00+00:00,80,16,0.003074509166666667,0.00766612875
2021-02-12 00:00:00+00:00,80,16,0.0037586093750000002,0.010715021041666667
2021-02-15 00:00:00+00:00,80,16,0.003852593125,0.009541319166666668
2021-02-18 00:00:00+00:00,81,16,0.0023344495833333336,0.0048369925
2021-02-21 00:00:00+00:00,82,16,0.004218047916666667,0.007602525208333334
2021-02-24 00:00:00+00:00,83,16,-0.0009149937499999997,0.0011673679166666665
2021-02-27 00:00:00+00:00,85,17,-0.0007833594117647056,0.0007382592156862744
2021-03-02 00:00:00+00:00,85,17,-0.0003133223529411761,0.0007838998039215686
2021-03-05 00:00:00+00:00,86,17,1.7385098039215967e-05,0.0011328898039215686
2021-03-08 00:00:00+00:00,86,17,-0.0008579554901960782,0.001723017450980392
2021-03-11 00:00:00+00:00,86,17,0.0003345505882352943,0.00376447431372549
2021-03-14 00:00:00+00:00,86,17,0.0011450133333333332,0.003937771960784314
2021-03-17 00:00:00+00:00,86,17,0.000700929411764706,0.0029236901960784313
2021-03-20 00:00:00+00:00,87,17,0.001284667254901961,0.004888546666666667
2021-03-23 00:00:00+00:00,89,17,0.0006479843137254902,0.002880131960784313
2021-03-26 00:00:00+00:00,92,18,0.00016447851851851875,0.0010479166666666666
2021-03-29 00:00:00+00:00,92,18,0.0005936600000000002,0.0024603246296296295
2021-04-01 00:00:00+00:00,92,18,0.002301467592592593,0.005113540555555556
2021-04-04 00:00:00+00:00,93,18,0.0025310375925925925,0.005731573333333333
2021-04-07 00:00:00+00:00,93,18,0.0023022412962962965,0.005400067037037037
2021-04-10 00:00:00+00:00,94,18,0.0016352449999999998,0.003829691481481481
2021-04-13 00:00:00+00:00,95,19,0.00356647350877193,0.006210421754385965
2021-04-16 00:00:00+00:00,98,19,0.0034773259649122806,0.007060802280701755
2021-04-19 00:00:00+00:00,100,20,0.001039276166666667,0.0030674625000000006
2021-04-22 00:00:00+00:00,101,20,-0.00020469883333333318,0.0006588496666666667
2021-04-25 00:00:00+00:00,102,20,-0.00019948183333333332,0.0004886231666666668
2021-04-28 00:00:00+00:00,103,20,-0.00018585000000000007,0.0007292156666666666
2021-05-01 00:00:00+00:00,106,21,0.00028201015873015854,0.0016391071428571429
2021-05-04 00:00:00+00:00,106,21,0.0008973352380952384,0.002420778571428571
2021-05-07 00:00:00+00:00,107,21,0.001183900317460318,0.002976042857142857
2021-05-10 00:00:00+00:00,108,21,0.0009671292063492066,0.0027884141269841267
2021-05-13 00:00:00+00:00,109,21,0.00013577666666666675,0.0007740687301587301
2021-05-16 00:00:00+00:00,109,21,5.3821746031746015e-05,0.0007754849206349207
2021-05-19 00:00:00+00:00,109,21,-0.0024451655555555564,-0.0006339780952380953
2021-05-22 00:00:00+00:00,110,22,-0.0021537449999999994,0.00031138727272727267
2021-05-25 00:00:00+00:00,110,22,-0.0017930551515151513,0.000296964393939394
2021-05-28 00:00:00+00:00,110,22,-0.0016172145454545455,0.0003
2021-05-31 00:00:00+00:00,110,22,-0.0015734281818181816,0.0003000568181818182
2021-06-03 00:00:00+00:00,110,22,-0.000452994696969697,0.0003041022727272728
2021-06-06 00:00:00+00:00,110,22,-0.0006258545454545455,0.00030232924242424257
2021-06-09 00:00:00+00:00,111,22,-0.0012975145454545455,0.00029729530303030305
2021-06-12 00:00:00+00:00,111,22,-0.0009285604545454548,0.0003077362121212121
2021-06-15 00:00:00+00:00,111,22,-0.0006605377272727273,0.0003028951515151515
2021-06-18 00:00:00+00:00,112,22,-0.0005398856060606061,0.0003
2021-06-21 00:00:00+00:00,112,22,-0.0010107019696969698,0.0002999515151515151
2021-06-24 00:00:00+00:00,112,22,-0.0014519118181818178,0.00026689030303030304
2021-06-27 00:00:00+00:00,112,22,-0.0012717701515151515,0.00029343393939393943
2021-06-30 00:00:00+00:00,112,22,-0.0012606342424242424,0.0003
2021-07-03 00:00:00+00:00,112,22,-0.0018356553030303034,0.0003131522727272727
2021-07-06 00:00:00+00:00,112,22,-0.0010965298484848487,0.0003794981818181818
2021-07-09 00:00:00+00:00,112,22,-0.0012540221212121215,0.0003041045454545454
2021-07-12 00:00:00+00:00,113,22,-0.001465538484848485,0.0003026293939393939
2021-07-15 00:00:00+00:00,113,22,-0.0015865075757575758,0.0003
2021-07-18 00:00:00+00:00,113,22,-0.0016250171212121218,0.0003
2021-07-21 00:00:00+00:00,114,22,-0.001825051363636364,0.00030037318181818176
2021-07-24 00:00:00+00:00,115,23,-0.0010603215942028984,0.00032007028985507244
2021-07-27 00:00:00+00:00,115,23,-0.0005756385507246377,0.000302156231884058
2021-07-30 00:00:00+00:00,115,23,-0.00017751391304347857,0.0003054944927536233
2021-08-02 00:00:00+00:00,115,23,-5.3702898550725045e-05,0.00038445144927536226
2021-08-05 00:00:00+00:00,115,23,8.30037681159419e-05,0.0005150333333333333
2021-08-08 00:00:00+00:00,115,23,0.00015674492753623193,0.0013071301449275366
2021-08-11 00:00:00+00:00,115,23,0.000230583188405797,0.0010628321739130436
2021-08-14 00:00:00+00:00,115,23,0.0003700352173913041,0.0012321372463768112
2021-08-17 00:00:00+00:00,115,23,0.0006801002898550728,0.0019471975362318839
2021-08-20 00:00:00+00:00,115,23,0.00029890057971014507,0.0007426801449275361
2021-08-23 00:00:00+00:00,115,23,0.0006892449275362316,0.0018089765217391303
2021-08-26 00:00:00+00:00,115,23,0.0005628807246376809,0.001155834927536232
2021-08-29 00:00:00+00:00,115,23,0.00032745565217391295,0.000880322028985507
2021-09-01 00:00:00+00:00,115,23,0.00014186579710144913,0.0015332014492753625
2021-09-04 00:00:00+00:00,115,23,0.0012147023188405798,0.002910267971014493
2021-09-07 00:00:00+00:00,115,23,5.119999999999967e-06,0.0018596566666666669
2021-09-10 00:00:00+00:00,115,23,2.0192318840579785e-05,0.00042546507246376804
2021-09-13 00:00:00+00:00,116,23,0.00011685202898550708,0.000369570579710145
2021-09-16 00:00:00+00:00,116,23,0.0002648362318840581,0.0004689813043478258
2021-09-19 00:00:00+00:00,118,23,0.00014623304347826082,0.00048444057971014517
2021-09-22 00:00:00+00:00,118,23,-0.0003809047826086956,0.0003705450724637681
2021-09-25 00:00:00+00:00,119,23,-0.0005325986956521741,0.0003245123188405797
2021-09-28 00:00:00+00:00,120,24,-0.0002686780555555558,0.0003344980555555555
2021-10-01 00:00:00+00:00,121,24,-0.00043198569444444457,0.00036346277777777773
2021-10-04 00:00:00+00:00,121,24,7.174458333333325e-05,0.00037923291666666674
2021-10-07 00:00:00+00:00,121,24,0.0001145598611111111,0.0007110465277777775
2021-10-10 00:00:00+00:00,122,24,0.00023496902777777774,0.0012158379166666666
2021-10-13 00:00:00+00:00,122,24,-2.501500000000023e-05,0.0004481983333333333
2021-10-16 00:00:00+00:00,122,24,0.00028106861111111114,0.0012825606944444443
2021-10-19 00:00:00+00:00,124,24,0.00022438624999999998,0.001265256111111111
2021-10-22 00:00:00+00:00,124,24,0.0005233091666666665,0.0016386326388888887
2021-10-25 00:00:00+00:00,124,24,0.0006052980555555557,0.0017634934722222221
2021-10-28 00:00:00+00:00,126,25,0.0004995074666666668,0.0015562788
2021-10-31 00:00:00+00:00,126,25,4.507839999999971e-05,0.0010653722666666666
2021-11-03 00:00:00+00:00,126,25,0.0004751965333333332,0.0016919848000000002
2021-11-06 00:00:00+00:00,126,25,0.00021106040000000006,0.001663508933333333
2021-11-09 00:00:00+00:00,126,25,-0.00025357399999999995,0.0019922804
2021-11-12 00:00:00+00:00,127,25,-0.0030967355999999995,0.001069458
2021-11-15 00:00:00+00:00,127,25,3.448119999999999e-05,0.0009878349333333333
2021-11-18 00:00:00+00:00,128,25,-0.00014737866666666673,0.00046326026666666657
2021-11-21 00:00:00+00:00,129,25,-4.682386666666673e-05,0.0004211864000000001
2021-11-24 00:00:00+00:00,129,25,-0.0003349169333333334,0.0006287965333333332
2021-11-27 00:00:00+00:00,130,26,-0.0005526502564102565,0.0008290762820512818
2021-11-30 00:00:00+00:00,130,26,-0.00037212679487179487,0.00037703692307692314
2021-12-03 00:00:00+00:00,130,26,-0.0001357203846153847,0.0005638282051282052
2021-12-06 00:00:00+00:00,130,26,-0.0015382426923076923,0.000324608717948718
2021-12-09 00:00:00+00:00,130,26,-0.0010407097435897437,0.00033837397435897436
2021-12-12 00:00:00+00:00,131,26,-0.0008198985897435898,0.0003021623076923077
2021-12-15 00:00:00+00:00,131,26,-0.0010471955128205127,0.00030000000000000003
2021-12-18 00:00:00+00:00,131,26,-0.00098196641025641,0.0003394707692307693
2021-12-21 00:00:00+00:00,130,26,-0.0012847596153846158,0.00031112141025641026
2021-12-24 00:00:00+00:00,130,26,-0.001092006025641026,0.0003011303846153846
2021-12-27 00:00:00+00:00,130,26,-0.0004297870512820515,0.00030254512820512825
2021-12-30 00:00:00+00:00,131,26,-0.0012526393589743592,0.0003020489743589744
2022-01-02 00:00:00+00:00,131,26,-0.0005916510256410257,0.00032163423076923077
2022-01-05 00:00:00+00:00,131,26,-0.00015615064102564102,0.00032062628205128203
2022-01-08 00:00:00+00:00,131,26,-0.0010543174358974361,0.00030000000000000003
2022-01-11 00:00:00+00:00,131,26,-0.0010240166666666667,0.00030000000000000003
2022-01-14 00:00:00+00:00,131,26,-0.0006300033333333336,0.00030000000000000003
2022-01-17 00:00:00+00:00,131,26,-0.0005778546153846154,0.00030000000000000003
2022-01-20 00:00:00+00:00,131,26,-0.0006922578205128207,0.00030000000000000003
2022-01-23 00:00:00+00:00,132,26,-0.0016757892307692308,0.00026140102564102546
2022-01-26 00:00:00+00:00,133,26,-0.0017696444871794874,0.00025810012820512803
2022-01-29 00:00:00+00:00,132,26,-0.0013127779487179486,0.0002723505128205128
2022-02-01 00:00:00+00:00,133,26,-0.0009418919230769231,0.00028263487179487184
2022-02-04 00:00:00+00:00,133,26,-0.0009055603846153848,0.0002551100000000001
2022-02-07 00:00:00+00:00,134,26,-0.0006348535897435898,0.00030003717948717953
2022-02-10 00:00:00+00:00,134,26,-0.0009380547435897435,0.00030000000000000003
2022-02-13 00:00:00+00:00,134,26,-0.001880685,0.0002836010256410258
2022-02-16 00:00:00+00:00,132,26,-0.0006466152564102565,0.00028250871794871784
2022-02-19 00:00:00+00:00,132,26,-0.0006365005128205129,0.00026756769230769226
2022-02-22 00:00:00+00:00,132,26,-0.0009767062820512822,0.00021782948717948724
2022-02-25 00:00:00+00:00,133,26,-0.0010349628205128208,0.00020440538461538458
2022-02-28 00:00:00+00:00,87,17,-0.0009249496078431373,0.0002692831372549018
2022-03-03 00:00:00+00:00,133,26,-0.00029683256410256405,0.00030000000000000003
2022-03-06 00:00:00+00:00,133,26,-0.0009997428205128203,0.00024820935897435897
2022-03-09 00:00:00+00:00,133,26,-0.000748404487179487,0.0002611403846153846
2022-03-12 00:00:00+00:00,134,26,-0.0007628350000000003,0.0002774743589743589
2022-03-15 00:00:00+00:00,135,27,-0.0016445133333333334,0.0002743055555555554
2022-03-18 00:00:00+00:00,135,27,-0.0003719618518518518,0.00030497777777777773
2022-03-21 00:00:00+00:00,135,27,-0.0004949261728395062,0.00030540691358024697
2022-03-24 00:00:00+00:00,136,27,-0.00010623950617283948,0.00030519
2022-03-27 00:00:00+00:00,136,27,-0.0003194783950617284,0.0003204520987654321
2022-03-30 00:00:00+00:00,136,27,-2.6541728395061795e-05,0.00032178716049382713
2022-04-02 00:00:00+00:00,88,17,-4.6613529411764714e-05,0.0004097496078431373
2022-04-05 00:00:00+00:00,136,27,5.488987654320996e-05,0.00033493888888888883
2022-04-08 00:00:00+00:00,137,27,-0.00027642123456790113,0.0003026954320987655
2022-04-11 00:00:00+00:00,137,27,-0.00026436938271604937,0.0003317524691358025
2022-04-14 00:00:00+00:00,136,27,-0.0006807839506172838,0.0003058272839506173
2022-04-17 00:00:00+00:00,137,27,-0.00032553654320987657,0.0003051077777777778
2022-04-20 00:00:00+00:00,137,27,-0.00026005851851851846,0.00030000000000000003
2022-04-23 00:00:00+00:00,137,27,-0.000156009012345679,0.00030000000000000003
2022-04-26 00:00:00+00:00,137,27,-0.00026507518518518514,0.00030000000000000003
2022-04-29 00:00:00+00:00,137,27,-0.00034786197530864194,0.00030000000000000003
2022-05-02 00:00:00+00:00,137,27,-0.0009692996296296296,0.00028363271604938274
2022-05-05 00:00:00+00:00,137,27,-0.000492917037037037,0.0002886702469135802
2022-05-08 00:00:00+00:00,138,27,-0.0006800664197530864,0.00025068271604938256
2022-05-11 00:00:00+00:00,138,27,-0.0017805907407407407,0.00014409037037037023
2022-05-14 00:00:00+00:00,136,27,-0.0038740346913580244,0.0001736962962962963
2022-05-17 00:00:00+00:00,137,27,-0.0015758620987654317,0.0001990141975308642
2022-05-20 00:00:00+00:00,138,27,-0.0014907822222222226,0.00012594111111111116
2022-05-23 00:00:00+00:00,138,27,-0.0013899782716049385,0.00020744308641975313
2022-05-26 00:00:00+00:00,138,27,-0.0019919283950617286,7.8970864197531e-05
2022-05-29 00:00:00+00:00,137,27,-0.002366277530864197,5.696086419753082e-05
2022-06-01 00:00:00+00:00,137,27,-0.0011008885185185184,0.00035325456790123456
2022-06-04 00:00:00+00:00,138,27,-0.001873153580246913,0.00024253938271604942
2022-06-07 00:00:00+00:00,138,27,-0.0013341474074074072,0.00028239617283950613
2022-06-10 00:00:00+00:00,138,27,-0.0007231830864197529,0.00036177098765432104
2022-06-13 00:00:00+00:00,138,27,-0.0018993355555555552,-7.148370370370377e-05
2022-06-16 00:00:00+00:00,138,27,-0.0017253830864197531,0.00031662913580246917
2022-06-19 00:00:00+00:00,138,27,-0.001935945185185185,0.0002624665432098764
2022-06-22 00:00:00+00:00,138,27,-0.0011698195061728394,0.00033127407407407397
2022-06-25 00:00:00+00:00,138,27,-0.0009306067901234568,0.0003288464197530864
2022-06-28 00:00:00+00:00,138,27,-0.0008557596296296299,0.00032763086419753106
2022-07-01 00:00:00+00:00,139,27,-0.0014377799999999998,0.0001700666666666667
2022-07-04 00:00:00+00:00,138,27,-0.0008851620987654319,0.000300501851851852
2022-07-07 00:00:00+00:00,138,27,-0.0010191912345679011,0.00029850617283950636
2022-07-10 00:00:00+00:00,138,27,-0.0012508648148148145,0.0003009911111111111
2022-07-13 00:00:00+00:00,138,27,-0.0015479038271604942,0.00011987802469135818
2022-07-16 00:00:00+00:00,138,27,-0.0008620534567901234,0.0002616592592592595
2022-07-19 00:00:00+00:00,138,27,-0.00026668111111111115,0.0003598841975308642
2022-07-22 00:00:00+00:00,138,27,-0.0003255343209876544,0.00034226012345679014
2022-07-25 00:00:00+00:00,138,27,-0.0005662696296296297,0.0003501390123456791
2022-07-28 00:00:00+00:00,138,27,-0.0007887895061728397,0.00025382654320987673
2022-07-31 00:00:00+00:00,138,27,-7.93892592592593e-05,0.000355251975308642
2022-08-03 00:00:00+00:00,138,27,-0.00040034086419753087,0.00032296888888888896
2022-08-06 00:00:00+00:00,138,27,-0.0002597946913580248,0.0003438135802469136
2022-08-09 00:00:00+00:00,138,27,-0.00015141604938271607,0.00034634604938271616
2022-08-12 00:00:00+00:00,138,27,-0.0009043334567901233,0.00035219000000000006
2022-08-15 00:00:00+00:00,138,27,-0.0003819706172839505,0.00034438790123456797
2022-08-18 00:00:00+00:00,138,27,-0.0004932825925925926,0.0003269582716049383
2022-08-21 00:00:00+00:00,138,27,-0.002747422345679012,0.00021711938271604946
2022-08-24 00:00:00+00:00,138,27,-0.00151406,0.00027355296296296304
2022-08-27 00:00:00+00:00,138,27,-0.0012351332098765432,0.0003288877777777778
2022-08-30 00:00:00+00:00,138,27,-0.002133054320987654,0.00028026790123456794
2022-09-02 00:00:00+00:00,137,27,-0.0013127228395061726,0.0003102451851851851
2022-09-05 00:00:00+00:00,137,27,-0.0011113088888888888,0.00034444432098765444
2022-09-08 00:00:00+00:00,137,27,-0.0008027664197530864,0.0002572595061728396
2022-09-11 00:00:00+00:00,137,27,-0.00012106790123456766,0.0003234598765432099
2022-09-14 00:00:00+00:00,137,27,-0.0012898525925925928,0.00030564160493827156
2022-09-17 00:00:00+00:00,138,27,-0.0015993528395061725,0.0002883508641975309
2022-09-20 00:00:00+00:00,137,27,-0.0011852812345679014,0.00021302765432098782
2022-09-23 00:00:00+00:00,137,27,-0.0009536564197530863,0.0002867207407407408
2022-09-26 00:00:00+00:00,138,27,-0.0006271944444444445,0.0003557535802469136
2022-09-29 00:00:00+00:00,138,27,-0.0005610251851851852,0.00030803555555555584
2022-10-02 00:00:00+00:00,138,27,-0.0009913948148148148,0.0003636043209876543
2022-10-05 00:00:00+00:00,138,27,-0.0019552634567901227,0.0003411316049382717
2022-10-08 00:00:00+00:00,139,27,-0.0007944354320987653,0.0003191037037037037
2022-10-11 00:00:00+00:00,141,28,-0.0006399427380952379,0.00031787869047619045
2022-10-14 00:00:00+00:00,140,28,-0.0006094591666666669,0.00027059142857142866
2022-10-17 00:00:00+00:00,141,28,-0.0010063448809523809,0.0002727597619047621
2022-10-20 00:00:00+00:00,142,28,-0.0008129670238095241,0.00033191440476190465
2022-10-23 00:00:00+00:00,144,28,-0.0006173708333333334,0.0003172704761904764
2022-10-26 00:00:00+00:00,144,28,-0.0005223716666666667,0.0003143735714285714
2022-10-29 00:00:00+00:00,144,28,-0.0002945219047619049,0.00033624964285714284
2022-11-01 00:00:00+00:00,145,29,-9.649057471264348e-05,0.0003893266666666667
2022-11-04 00:00:00+00:00,145,29,-0.0013630626436781609,0.000373550804597701
2022-11-07 00:00:00+00:00,145,29,-0.00045439379310344813,0.00036236666666666673
2022-11-10 00:00:00+00:00,145,29,-0.008067070229885058,0.0003183835632183909
2022-11-13 00:00:00+00:00,145,29,-0.005976763103448277,0.00034859344827586203
2022-11-16 00:00:00+00:00,145,29,-0.004044757356321839,0.0004896475862068967
2022-11-19 00:00:00+00:00,147,29,-0.0010031213793103447,0.0003261510344827585
2022-11-22 00:00:00+00:00,147,29,-0.0019989075862068967,0.00030111402298850585
2022-11-25 00:00:00+00:00,147,29,-0.0012600304597701149,0.00033274218390804604
2022-11-28 00:00:00+00:00,147,29,-0.0016036844827586204,0.00037202252873563206
2022-12-01 00:00:00+00:00,143,28,-0.0005796690476190474,0.00032269059523809524
2022-12-04 00:00:00+00:00,143,28,-0.0006842645238095237,0.0003024611904761904
2022-12-07 00:00:00+00:00,142,28,-0.0010240109523809522,0.0002828283333333333
2022-12-10 00:00:00+00:00,141,28,-0.0016321723809523808,0.0002581777380952381
2022-12-13 00:00:00+00:00,140,28,-0.0015382325000000002,0.00025801535714285734
2022-12-16 00:00:00+00:00,140,28,-0.0015915659523809526,0.00030044702380952387
2022-12-19 00:00:00+00:00,141,28,-0.002299496666666667,0.00024088583333333347
2022-12-22 00:00:00+00:00,139,27,-0.0042380282716049395,0.00027444555555555556
2022-12-25 00:00:00+00:00,135,27,-0.0022383375308641976,0.00026454074074074095
2022-12-28 00:00:00+00:00,132,26,-0.002091739487179487,0.0002792302564102565
2022-12-31 00:00:00+00:00,131,26,-0.002263759358974359,0.0002823930769230771
2023-01-03 00:00:00+00:00,131,26,-0.0027882321794871798,0.000299730641025641
2023-01-06 00:00:00+00:00,131,26,-0.001784767564102564,0.00031279230769230777
2023-01-09 00:00:00+00:00,131,26,-0.0010827182051282047,0.0003257321794871794
2023-01-12 00:00:00+00:00,133,26,-0.00021009589743589734,0.00034634474358974366
2023-01-15 00:00:00+00:00,138,27,0.00010315358024691365,0.0007594128395061733
2023-01-18 00:00:00+00:00,140,28,-5.8596904761904766e-05,0.0004521813095238098
2023-01-21 00:00:00+00:00,140,28,-0.0002641595238095238,0.00043005535714285727
2023-01-24 00:00:00+00:00,141,28,-9.895297619047628e-05,0.0006162355952380954
2023-01-27 00:00:00+00:00,143,28,-0.00033719071428571425,0.0003361882142857145
2023-01-30 00:00:00+00:00,143,28,8.075059523809533e-05,0.0005621665476190478
2023-02-02 00:00:00+00:00,143,28,7.259452380952398e-05,0.0005555114285714288
2023-02-05 00:00:00+00:00,143,28,9.687654761904748e-05,0.000815206785714286
2023-02-08 00:00:00+00:00,143,28,-0.00020273976190476208,0.0005429509523809526
2023-02-11 00:00:00+00:00,143,28,-0.0007985450000000001,0.0003332333333333333
2023-02-14 00:00:00+00:00,143,28,-0.0005383685714285714,0.0003027186904761906
2023-02-17 00:00:00+00:00,144,28,-3.0360952380952385e-05,0.00033767511904761926
2023-02-20 00:00:00+00:00,145,29,-3.118988505747127e-05,0.0004569368965517244
2023-02-23 00:00:00+00:00,146,29,-0.0005697979310344825,0.00045014942528735655
2023-02-26 00:00:00+00:00,147,29,-0.00010349333333333335,0.0003080440229885058
2023-03-01 00:00:00+00:00,147,29,-0.0007877188505747127,0.0003160495402298852
2023-03-04 00:00:00+00:00,147,29,-0.000688245632183908,0.00030663620689655175
2023-03-07 00:00:00+00:00,148,29,-0.000516333448275862,0.00030000000000000003
2023-03-10 00:00:00+00:00,150,30,-0.0008002777777777778,0.00028928344444444445
2023-03-13 00:00:00+00:00,151,30,-0.0008107906666666666,0.0003136981111111113
2023-03-16 00:00:00+00:00,152,30,-0.0002462601111111109,0.00038105300000000007
2023-03-19 00:00:00+00:00,155,31,-0.0006111424731182798,0.00030771741935483877
2023-03-22 00:00:00+00:00,157,31,-0.0006962799999999998,0.0004257961290322581
2023-03-25 00:00:00+00:00,160,32,-0.0002630367708333331,0.00030000000000000003
2023-03-28 00:00:00+00:00,161,32,-0.0004995153124999999,0.00030692395833333344
2023-03-31 00:00:00+00:00,163,32,-0.0007756428125,0.00030000000000000003
2023-04-03 00:00:00+00:00,162,32,-0.0010299163541666666,0.00036010427083333344
2023-04-06 00:00:00+00:00,164,32,-0.0007983007291666671,0.00032157572916666677
2023-04-09 00:00:00+00:00,164,32,-0.0012499432291666669,0.0003045980208333334
2023-04-12 00:00:00+00:00,165,33,-0.0008474098989898992,0.00030060616161616167
2023-04-15 00:00:00+00:00,165,33,2.389676767676755e-05,0.0005267529292929293
2023-04-18 00:00:00+00:00,166,33,-1.6556363636363556e-05,0.0008842112121212122
2023-04-21 00:00:00+00:00,166,33,1.973686868686856e-05,0.00041208484848484847
2023-04-24 00:00:00+00:00,168,33,-0.000535827878787879,0.00032700777777777777
2023-04-27 00:00:00+00:00,168,33,-0.0005530765656565656,0.00030210141414141413
2023-04-30 00:00:00+00:00,171,34,-0.0003723410784313725,0.00030426980392156866
2023-05-03 00:00:00+00:00,171,34,-0.0003066164705882353,0.000309434705882353
2023-05-06 00:00:00+00:00,173,34,-0.0002816429411764706,0.000311875980392157
2023-05-09 00:00:00+00:00,173,34,-0.0007440688235294118,0.00031437450980392165
2023-05-12 00:00:00+00:00,173,34,-0.0009508440196078433,0.0002979495098039216
2023-05-15 00:00:00+00:00,174,34,-0.0005597490196078431,0.0002971472549019609
2023-05-18 00:00:00+00:00,173,34,-0.0005833291176470588,0.0003047702941176472
2023-05-21 00:00:00+00:00,170,34,-0.0003064955882352941,0.0003039142156862746
2023-05-24 00:00:00+00:00,170,34,-0.0005494691176470589,0.0003210648039215687
2023-05-27 00:00:00+00:00,169,33,-0.0005795725252525253,0.0003237600000000001
2023-05-30 00:00:00+00:00,169,33,-0.0006056775757575757,0.00033164363636363644
2023-06-02 00:00:00+00:00,168,33,-0.000660328787878788,0.00031095737373737384
2023-06-05 00:00:00+00:00,170,34,-0.00014496656862745107,0.00033037549019607855
2023-06-08 00:00:00+00:00,171,34,-0.0009255433333333332,0.00029937980392156865
2023-06-11 00:00:00+00:00,171,34,-0.0011789256862745096,0.00020521107843137255
2023-06-14 00:00:00+00:00,172,34,-0.0008593584313725489,0.0002793481372549019
2023-06-17 00:00:00+00:00,171,34,-0.0005921646078431372,0.0002940620588235294
2023-06-20 00:00:00+00:00,170,34,-0.0006340241176470588,0.0002865650000000001
2023-06-23 00:00:00+00:00,170,34,-0.00036942509803921574,0.0003026283333333334
2023-06-26 00:00:00+00:00,172,34,-0.00025994382352941177,0.00031156980392156873
2023-06-29 00:00:00+00:00,171,34,-0.0005809163725490197,0.00029453401960784323
2023-07-02 00:00:00+00:00,172,34,-0.0003323177450980392,0.0003089320588235294
2023-07-05 00:00:00+00:00,173,34,-0.0004634498039215686,0.00030385519607843144
2023-07-08 00:00:00+00:00,173,34,-0.0008016152941176471,0.0002919713725490196
2023-07-11 00:00:00+00:00,172,34,-0.0005499305882352939,0.00029276833333333327
2023-07-14 00:00:00+00:00,173,34,-0.0004183401960784315,0.00032697284313725497
2023-07-17 00:00:00+00:00,173,34,-0.0005194411764705883,0.00030978009803921575
2023-07-20 00:00:00+00:00,171,34,-0.00011823411764705884,0.00030134127450980394
2023-07-23 00:00:00+00:00,171,34,-0.0020734230392156863,0.00030000000000000003
2023-07-26 00:00:00+00:00,171,34,-0.0016223139215686274,0.00029831294117647076
2023-07-29 00:00:00+00:00,171,34,-0.0011456730392156863,0.0003016816666666667
2023-08-01 00:00:00+00:00,173,34,-0.0006360103921568625,0.0003000000980392157
2023-08-04 00:00:00+00:00,171,34,-0.0010760263725490193,0.0003032786274509805
2023-08-07 00:00:00+00:00,171,34,-0.0017148519607843137,0.0003311343137254903
2023-08-10 00:00:00+00:00,173,34,-0.0019312822549019605,0.00031375892156862754
2023-08-13 00:00:00+00:00,171,34,-0.0021516862745098037,0.00034333676470588246
2023-08-16 00:00:00+00:00,172,34,-0.0014984969607843134,0.00030000000000000003
2023-08-19 00:00:00+00:00,172,34,-0.001129871372549019,0.00027822205882352944
2023-08-22 00:00:00+00:00,175,35,-0.0010166927619047615,0.00029827923809523806
2023-08-25 00:00:00+00:00,175,35,-0.002004151333333333,0.0003013129523809525
2023-08-28 00:00:00+00:00,175,35,-0.0024968165714285714,0.00030278400000000017
2023-08-31 00:00:00+00:00,173,34,-0.0019371204901960782,0.00026017872549019625
2023-09-03 00:00:00+00:00,172,34,-0.0014788462745098036,0.000272076568627451
2023-09-06 00:00:00+00:00,173,34,-0.0022093503921568627,0.00026314196078431365
2023-09-09 00:00:00+00:00,176,35,-0.002856722571428571,0.00028871876190476187
2023-09-12 00:00:00+00:00,179,35,-0.003416066095238095,0.00025094771428571457
2023-09-15 00:00:00+00:00,179,35,-0.002930790857142857,0.0002624752380952381
2023-09-18 00:00:00+00:00,179,35,-0.0027733374285714286,0.0002918913333333334
2023-09-21 00:00:00+00:00,179,35,-0.0020520386666666667,0.00028419971428571424
2023-09-24 00:00:00+00:00,178,35,-0.0008446619047619045,0.0002981148571428571
2023-09-27 00:00:00+00:00,179,35,-0.0013798869523809522,0.0002993941904761904
2023-09-30 00:00:00+00:00,176,35,-0.001004926,0.00030000000000000003
2023-10-03 00:00:00+00:00,179,35,-0.0010009567619047623,0.0003001179047619048
2023-10-06 00:00:00+00:00,176,35,-0.00034652076190476195,0.000285428761904762
2023-10-09 00:00:00+00:00,174,34,-0.00037307499999999995,0.00029255696078431384
2023-10-12 00:00:00+00:00,173,34,-0.0006291283333333337,0.0002847448039215687
2023-10-15 00:00:00+00:00,175,35,-0.0003599081904761905,0.0002906135238095239
2023-10-18 00:00:00+00:00,176,35,-0.0004076283809523812,0.00028419085714285715
2023-10-21 00:00:00+00:00,177,35,-0.0005139062857142857,0.0002873520000000002
2023-10-24 00:00:00+00:00,180,36,-0.0011327181481481478,0.00030847222222222213
2023-10-27 00:00:00+00:00,185,37,-0.0011592977477477475,0.00047046630630630644
2023-10-30 00:00:00+00:00,184,36,-5.1198796296296344e-05,0.0005855366666666667
2023-11-02 00:00:00+00:00,186,37,-7.631891891891902e-05,0.0007602329729729732
2023-11-05 00:00:00+00:00,190,38,5.73209649122806e-05,0.0006384208771929828
2023-11-08 00:00:00+00:00,192,38,-0.0004198742982456137,0.000810315263157895
2023-11-11 00:00:00+00:00,199,39,-0.00020496427350427343,0.0010783682905982912
2023-11-14 00:00:00+00:00,201,40,0.00023170908333333332,0.00122808625
2023-11-17 00:00:00+00:00,205,41,0.00019968821138211388,0.000727899756097561
2023-11-20 00:00:00+00:00,207,41,0.00018171959349593496,0.00043680008130081335
2023-11-23 00:00:00+00:00,206,41,-6.87713821138213e-05,0.0003742853658536585
2023-11-26 00:00:00+00:00,208,41,-0.00013734585365853666,0.0004105189430894308
2023-11-29 00:00:00+00:00,208,41,-0.0002466833333333334,0.00038313869918699177
2023-12-02 00:00:00+00:00,211,42,4.042730158730159e-05,0.00042862769841269844
2023-12-05 00:00:00+00:00,214,42,0.0001967004761904762,0.0011020230952380951
2023-12-08 00:00:00+00:00,216,43,0.00029978728682170564,0.0011922545736434108
2023-12-11 00:00:00+00:00,218,43,0.00046247170542635676,0.0013692541085271318
2023-12-14 00:00:00+00:00,218,43,0.00024233821705426381,0.0009888237984496124
2023-12-17 00:00:00+00:00,221,44,0.00016338962121212138,0.0014061042424242424
2023-12-20 00:00:00+00:00,222,44,-0.0001561076515151515,0.0007026723484848484
2023-12-23 00:00:00+00:00,223,44,0.0003111226515151517,0.001634035151515152
2023-12-26 00:00:00+00:00,225,45,0.0004248046666666668,0.0020340980740740744
2023-12-29 00:00:00+00:00,229,45,-0.00011186288888888896,0.0019980840740740744
2024-01-01 00:00:00+00:00,230,46,-0.0013770894927536228,0.001564429130434783
2024-01-04 00:00:00+00:00,229,45,7.635111111111249e-06,0.001293525037037037
2024-01-07 00:00:00+00:00,228,45,-0.0004302497777777778,0.0003301797037037035
2024-01-10 00:00:00+00:00,229,45,-0.0009838477037037037,0.00030738851851851845
2024-01-13 00:00:00+00:00,231,46,0.00015717231884057985,0.0003916605072463767
2024-01-16 00:00:00+00:00,233,46,9.394565217391449e-06,0.00036071608695652154
2024-01-19 00:00:00+00:00,236,47,-0.0003829456028368792,0.0003799769503546097
2024-01-22 00:00:00+00:00,235,47,-0.002305455815602838,0.0003520125531914893
2024-01-25 00:00:00+00:00,233,46,-0.0007804308695652174,0.0003363525362318841
2024-01-28 00:00:00+00:00,232,46,-0.0004451911594202898,0.0003386121014492755
2024-01-31 00:00:00+00:00,231,46,3.561543478260863e-05,0.0003726446376811595
2024-02-03 00:00:00+00:00,226,45,2.1799407407407414e-05,0.00034050488888888897
2024-02-06 00:00:00+00:00,217,43,-0.00018585658914728673,0.0003327741860465116
2024-02-09 00:00:00+00:00,216,43,-0.0009377216279069766,0.0003481631782945738
2024-02-12 00:00:00+00:00,208,41,-4.012959349593491e-05,0.0005437682926829268
2024-02-15 00:00:00+00:00,208,41,1.9257804878048903e-05,0.00146812325203252
2024-02-18 00:00:00+00:00,211,42,0.00015056071428571423,0.0015833294444444442
2024-02-21 00:00:00+00:00,217,43,0.0004435329457364342,0.0014550870542635657
2024-02-24 00:00:00+00:00,223,44,0.00028591590909090935,0.0012913996969696967
2024-02-27 00:00:00+00:00,229,45,0.0006254961481481483,0.002221647925925926
2024-03-01 00:00:00+00:00,233,46,0.0012515339855072463,0.0029726336956521736
2024-03-04 00:00:00+00:00,241,48,0.0017736490972222226,0.0038119296527777784
2024-03-07 00:00:00+00:00,245,49,0.0010949351700680272,0.0026322614965986393
2024-03-10 00:00:00+00:00,248,49,0.001357416054421769,0.0032409678911564624
2024-03-13 00:00:00+00:00,249,49,0.0013028361224489795,0.0026515723809523812
2024-03-16 00:00:00+00:00,250,50,0.0007978333333333334,0.0021425646
2024-03-19 00:00:00+00:00,250,50,0.0001494986666666668,0.0009414609333333333
2024-03-22 00:00:00+00:00,254,50,0.00020429499999999995,0.0008270440666666668
2024-03-25 00:00:00+00:00,255,51,0.0002435066013071897,0.0008745226797385622
2024-03-28 00:00:00+00:00,255,51,0.000598954183006536,0.0018139382352941173
2024-03-31 00:00:00+00:00,256,51,0.0009205456862745098,0.002396459477124183
2024-04-03 00:00:00+00:00,255,51,0.00043899032679738575,0.001221006666666667
2024-04-06 00:00:00+00:00,256,51,0.0002603968627450981,0.0007970698692810459
2024-04-09 00:00:00+00:00,256,51,0.00027719032679738583,0.0009424030065359479
2024-04-12 00:00:00+00:00,259,51,-0.00010766372549019612,0.0007430372549019606
2024-04-15 00:00:00+00:00,258,51,-0.001460622614379085,0.0003071217647058824
2024-04-18 00:00:00+00:00,259,51,-0.0007204523529411764,0.0003056823529411764
2024-04-21 00:00:00+00:00,259,51,-0.000944032614379085,0.0003124718954248366
2024-04-24 00:00:00+00:00,258,51,-0.000730317450980392,0.00031175437908496727
2024-04-27 00:00:00+00:00,258,51,-0.0018102216339869282,0.0003047022875816993
2024-04-30 00:00:00+00:00,258,51,-0.0009591925490196078,0.00029022032679738554
2024-05-03 00:00:00+00:00,260,52,-0.0006465737179487177,0.00029333070512820535
2024-05-06 00:00:00+00:00,260,52,-0.00043722685897435896,0.00031472499999999997
2024-05-09 00:00:00+00:00,262,52,-0.0008231167307692305,0.00031830942307692307
2024-05-12 00:00:00+00:00,262,52,-0.0004223846153846155,0.00031638217948717944
2024-05-15 00:00:00+00:00,260,52,-0.0006068528205128204,0.00032141134615384616
2024-05-18 00:00:00+00:00,255,51,-0.00021947823529411782,0.0003687556209150326
2024-05-21 00:00:00+00:00,252,50,-0.0001787526666666667,0.0003614897333333334
2024-05-24 00:00:00+00:00,250,50,-6.532666666664257e-07,0.0005144670666666666
2024-05-27 00:00:00+00:00,247,49,7.747251700680272e-05,0.000592179931972789
2024-05-30 00:00:00+00:00,249,49,-0.00036080748299319724,0.0006215201360544216
2024-06-02 00:00:00+00:00,249,49,-9.684829931972793e-05,0.0005542414965986394
2024-06-05 00:00:00+00:00,247,49,-0.00021859346938775512,0.0006651714965986393
2024-06-08 00:00:00+00:00,247,49,2.114095238095233e-05,0.0006011140816326529
2024-06-11 00:00:00+00:00,247,49,8.134843537414954e-05,0.00031050761904761906
2024-06-14 00:00:00+00:00,247,49,-3.8389795918367286e-05,0.00032848340136054416
2024-06-17 00:00:00+00:00,250,50,-5.4829133333333096e-05,0.0003488134666666666
2024-06-20 00:00:00+00:00,248,49,-0.0007880759183673471,0.0002984834013605443
2024-06-23 00:00:00+00:00,246,49,-0.0008661951700680271,0.0003029234693877552
2024-06-26 00:00:00+00:00,241,48,-0.0007025585416666665,0.0003223304861111111
2024-06-29 00:00:00+00:00,237,47,-0.0001948321985815604,0.0003293020567375886
2024-07-02 00:00:00+00:00,232,46,-0.00033003478260869556,0.0003090559420289855
2024-07-05 00:00:00+00:00,231,46,-0.0008228039855072464,0.00031488913043478255
2024-07-08 00:00:00+00:00,220,44,-0.0018892195454545458,0.00028795818181818214
2024-07-11 00:00:00+00:00,215,43,-0.001501436124031008,0.00029497976744186045
2024-07-14 00:00:00+00:00,205,41,-0.0009147544715447155,0.00029529626016260165
2024-07-17 00:00:00+00:00,211,42,-0.0005023117460317456,0.0003271711904761905
2024-07-20 00:00:00+00:00,207,41,-0.00019977512195121913,0.0003666069105691057
2024-07-23 00:00:00+00:00,211,42,-0.00024236063492063457,0.00038416801587301585
2024-07-26 00:00:00+00:00,212,42,-0.00033014269841269835,0.00032339706349206356
2024-07-29 00:00:00+00:00,213,42,-0.0001792573809523809,0.0003275963492063492
2024-08-01 00:00:00+00:00,218,43,-0.000419137906976744,0.0003301422480620155
2024-08-04 00:00:00+00:00,217,43,-0.0012544167441860465,0.00027406930232558145
2024-08-07 00:00:00+00:00,219,43,-0.001046858837209302,0.00023540589147286813
2024-08-10 00:00:00+00:00,220,44,-0.0004930581818181819,0.00029945212121212125
2024-08-13 00:00:00+00:00,221,44,-0.001657430303030303,0.00028115075757575753
2024-08-16 00:00:00+00:00,220,44,-0.0008267196212121213,0.0002560306818181818
2024-08-19 00:00:00+00:00,215,43,-0.000972518604651163,0.0002756004651162793
2024-08-22 00:00:00+00:00,215,43,-0.0011195941085271317,0.00037150782945736405
2024-08-25 00:00:00+00:00,218,43,-8.171596899224785e-05,0.00036429062015503873
2024-08-28 00:00:00+00:00,226,45,-0.00036581822222222235,0.00028474170370370406
2024-08-31 00:00:00+00:00,223,44,-0.0008161518939393936,0.0003142740151515151
2024-09-03 00:00:00+00:00,218,43,-0.0004372579069767441,0.0003411097674418604
2024-09-06 00:00:00+00:00,212,42,-0.0003145238888888889,0.0003188265079365077
2024-09-09 00:00:00+00:00,205,41,-0.00040937357723577246,0.00029537121951219526
2024-09-12 00:00:00+00:00,203,40,-0.0005535809166666667,0.0002835514166666668
2024-09-15 00:00:00+00:00,202,40,-0.0014861469166666669,0.0003124699166666667
2024-09-18 00:00:00+00:00,206,41,-0.0007222312195121952,0.00027974926829268314
2024-09-21 00:00:00+00:00,212,42,-0.0002855843650793651,0.000420380873015873
2024-09-24 00:00:00+00:00,214,42,-0.0003750241269841271,0.00033929349206349206
2024-09-27 00:00:00+00:00,217,43,-0.000403197054263566,0.0003578332558139535
2024-09-30 00:00:00+00:00,222,44,-5.794325757575761e-05,0.00045529992424242423
2024-10-03 00:00:00+00:00,235,47,-0.0006314463120567378,0.0003163065248226953
2024-10-06 00:00:00+00:00,239,47,-0.0008343090070921987,0.00032955510638297864
2024-10-09 00:00:00+00:00,240,48,-0.00040170805555555557,0.0004003835416666668
2024-10-12 00:00:00+00:00,240,48,-0.0005396333333333336,0.000360020138888889
2024-10-15 00:00:00+00:00,245,49,-0.0006516872789115647,0.0004992190476190478
2024-10-18 00:00:00+00:00,247,49,-0.0006013102040816328,0.000338657074829932
2024-10-21 00:00:00+00:00,243,48,-0.0004003321527777779,0.0004582461805555556
2024-10-24 00:00:00+00:00,242,48,-0.0002147860416666668,0.00040164305555555536
2024-10-27 00:00:00+00:00,237,47,-0.0005083463120567377,0.000364491914893617
2024-10-30 00:00:00+00:00,233,46,-0.0002927873188405798,0.0004705269565217392
2024-11-02 00:00:00+00:00,223,44,-0.00021470037878787903,0.0003698521212121211
2024-11-05 00:00:00+00:00,228,45,-0.0006337934814814818,0.00030913533333333325
2024-11-08 00:00:00+00:00,230,46,-0.00025715086956521767,0.0007124419565217392
2024-11-11 00:00:00+00:00,240,48,5.5228472222222046e-05,0.0011714726388888886
2024-11-14 00:00:00+00:00,243,48,8.309208333333322e-05,0.0011889459027777775
2024-11-17 00:00:00+00:00,254,50,0.00023085806666666664,0.0010705040666666664
2024-11-20 00:00:00+00:00,264,52,0.00020313544871794896,0.0010907042307692304
2024-11-23 00:00:00+00:00,283,56,0.00021616303571428598,0.0012100923214285711
2024-11-26 00:00:00+00:00,292,58,-0.0008385681609195403,0.0011121052873563216
2024-11-29 00:00:00+00:00,298,59,-0.0010810595480225992,0.0010491570056497172
2024-12-02 00:00:00+00:00,299,59,-0.0006112589265536725,0.0014753215254237288
2024-12-05 00:00:00+00:00,302,60,0.0005605815000000002,0.0024833433888888884
2024-12-08 00:00:00+00:00,308,61,0.0005453033879781424,0.0022450666666666667
2024-12-11 00:00:00+00:00,310,62,-0.0001643177419354839,0.000615617634408602
2024-12-14 00:00:00+00:00,312,62,-7.715408602150535e-05,0.0005307447849462365
2024-12-17 00:00:00+00:00,313,62,-0.00015228134408602173,0.0006410022043010752
2024-12-20 00:00:00+00:00,313,62,-0.00041569881720430107,0.000426472688172043
2024-12-23 00:00:00+00:00,314,62,-0.0014629925268817207,0.00043220284946236554
2024-12-26 00:00:00+00:00,314,62,-0.0014064505913978496,0.0004630782795698925
2024-12-29 00:00:00+00:00,317,63,-0.0022402230687830686,0.000422032380952381
2025-01-01 00:00:00+00:00,315,63,-0.001436234285714286,0.00045192777777777776
2025-01-04 00:00:00+00:00,314,62,-0.000420205430107527,0.0006007835483870968
2025-01-07 00:00:00+00:00,313,62,-0.0007508009139784946,0.000587274247311828
2025-01-10 00:00:00+00:00,313,62,-0.0021354132795698933,0.00040919247311827953
2025-01-13 00:00:00+00:00,312,62,-0.001029880322580645,0.0004364473655913978
2025-01-16 00:00:00+00:00,313,62,-0.0004729111290322583,0.000522160806451613
2025-01-19 00:00:00+00:00,317,63,-0.0010383859259259257,0.0006714959259259259
2025-01-22 00:00:00+00:00,314,62,5.609559139784948e-05,0.0007261603225806449
2025-01-25 00:00:00+00:00,312,62,-0.0012810965591397848,0.00042026026881720433
2025-01-28 00:00:00+00:00,308,61,-0.0012034556830601093,0.0003815633333333333
2025-01-31 00:00:00+00:00,310,62,-0.0007593402150537635,0.000371418440860215
2025-02-03 00:00:00+00:00,317,63,-0.0017069989947089948,0.00032386201058201054
2025-02-06 00:00:00+00:00,322,64,-0.0016631125520833335,0.00029009229166666666
2025-02-09 00:00:00+00:00,317,63,-0.002945559470899471,0.00030024947089947094
2025-02-12 00:00:00+00:00,311,62,-0.0025755189247311824,0.00030288155913978505
2025-02-15 00:00:00+00:00,303,60,-0.0009301493888888887,0.0003439327777777777
2025-02-18 00:00:00+00:00,298,59,-0.004644148926553671,0.0003014603389830508
2025-02-21 00:00:00+00:00,291,58,-0.0020940888505747127,0.0003486474712643678
2025-02-24 00:00:00+00:00,291,58,-0.0026904242528735635,0.0004214458045977012
2025-02-27 00:00:00+00:00,292,58,-0.0014295722413793103,0.0003972180459770115
2025-03-02 00:00:00+00:00,291,58,-0.000506041206896552,0.00040818580459770106
2025-03-05 00:00:00+00:00,291,58,-0.0009354859195402298,0.00034436683908045977
2025-03-08 00:00:00+00:00,289,57,-0.0014429257894736842,0.0003206211695906433
2025-03-11 00:00:00+00:00,290,58,-0.001566500574712644,0.00044488333333333324
2025-03-14 00:00:00+00:00,283,56,-0.001576927619047619,0.0003839229761904761
2025-03-17 00:00:00+00:00,287,57,-0.0021503696491228072,0.000676121052631579
2025-03-20 00:00:00+00:00,289,57,-0.003545960584795322,0.00032691771929824556
2025-03-23 00:00:00+00:00,282,56,-0.0026627978571428573,0.0003253035714285715
2025-03-26 00:00:00+00:00,271,54,-0.0016642217901234571,0.0003641903703703704
2025-03-29 00:00:00+00:00,266,53,-0.00252915817610063,0.0004920106289308176
2025-04-01 00:00:00+00:00,262,52,-0.002035640192307692,0.0002571582692307692
2025-04-04 00:00:00+00:00,257,51,-0.0022857861437908496,0.0003046309803921569
2025-04-07 00:00:00+00:00,257,51,-0.002097600326797386,0.00029170444444444446
2025-04-10 00:00:00+00:00,253,50,-0.0037486850666666673,0.0003232764666666667
2025-04-13 00:00:00+00:00,252,50,-0.005655266666666666,0.0003417522666666666
2025-04-16 00:00:00+00:00,252,50,-0.004214112599999999,0.0003125810666666667
2025-04-19 00:00:00+00:00,253,50,-0.005029258066666666,0.0003933228666666665
2025-04-22 00:00:00+00:00,260,52,-0.006637274999999998,0.0005210246794871794
2025-04-25 00:00:00+00:00,265,53,-0.004180469119496854,0.0006554434591194969
2025-04-28 00:00:00+00:00,267,53,-0.004884854528301886,0.0005117125157232704
2025-05-01 00:00:00+00:00,270,54,-0.0012658263580246913,0.00041595808641975304
2025-05-04 00:00:00+00:00,268,53,-0.0019985527044025157,0.00041984389937106903
2025-05-07 00:00:00+00:00,263,52,-0.0037322497435897436,0.0003684740384615384
2025-05-10 00:00:00+00:00,272,54,-0.0015753751234567903,0.0005547187654320986
2025-05-13 00:00:00+00:00,282,56,-0.0006822763095238096,0.0006619794047619046
2025-05-16 00:00:00+00:00,291,58,-0.0009585887356321842,0.0004425475287356322
2025-05-19 00:00:00+00:00,299,59,-0.0007161878531073447,0.0004758149152542373
2025-05-22 00:00:00+00:00,300,60,-0.0002585437222222221,0.0004774572777777778
2025-05-25 00:00:00+00:00,301,60,-0.0009708310555555557,0.00043734899999999996
2025-05-28 00:00:00+00:00,298,59,-0.0008199186440677967,0.00040704050847457625
2025-05-31 00:00:00+00:00,302,60,-0.003470733666666668,0.00045283577777777774
2025-06-03 00:00:00+00:00,299,59,-0.001688154576271187,0.0003366493785310733
2025-06-06 00:00:00+00:00,302,60,-0.0018014127222222224,0.00036371483333333323
2025-06-09 00:00:00+00:00,289,57,-0.0018244604678362578,0.00043263099415204675
2025-06-12 00:00:00+00:00,284,56,-0.0016186963690476197,0.0003980130357142857
2025-06-15 00:00:00+00:00,277,55,-0.0018854090303030311,0.00033088684848484826
2025-06-18 00:00:00+00:00,274,54,-0.0019095198148148152,0.0005101652469135802
2025-06-21 00:00:00+00:00,267,53,-0.004942932201257862,0.0004854654088050314
2025-06-24 00:00:00+00:00,266,53,-0.0030776113836477985,0.0004394076100628931
2025-06-27 00:00:00+00:00,262,52,-0.002319962692307692,0.0003438380128205128
2025-06-30 00:00:00+00:00,256,51,-0.0018897296078431375,0.00035237803921568623
2025-07-03 00:00:00+00:00,258,51,-0.0017899164052287582,0.00037301542483660137
2025-07-06 00:00:00+00:00,254,50,-0.0032508423333333343,0.00031562119999999994
2025-07-09 00:00:00+00:00,254,50,-0.002531517933333334,0.0003775251333333333
2025-07-12 00:00:00+00:00,261,52,-0.003584288653846155,0.000676988205128205
2025-07-15 00:00:00+00:00,270,54,-0.0005895724691358029,0.0005226090740740741
2025-07-18 00:00:00+00:00,277,55,-6.881351515151523e-05,0.0010246109696969694
2025-07-21 00:00:00+00:00,290,58,-0.0004958588505747129,0.0009573293678160921
2025-07-24 00:00:00+00:00,307,61,-0.0017423367213114758,0.0008544671584699453
2025-07-27 00:00:00+00:00,316,63,-0.001950505767195767,0.0005317153968253965
2025-07-30 00:00:00+00:00,324,64,-0.0022738757291666666,0.0004883555208333333
2025-08-02 00:00:00+00:00,327,65,-0.0015631539487179487,0.0004354210256410256
2025-08-05 00:00:00+00:00,328,65,-0.004236276717948717,0.00038846815384615386
2025-08-08 00:00:00+00:00,330,66,-0.0026840388383838377,0.0005562289898989898
2025-08-11 00:00:00+00:00,334,66,-0.00038650570707070715,0.0009398794444444447
2025-08-14 00:00:00+00:00,338,67,-0.0008835919402985072,0.0006031830348258704
2025-08-17 00:00:00+00:00,330,66,-0.0013586304040404038,0.00045016055555555535
2025-08-20 00:00:00+00:00,322,64,-0.0023867613541666663,0.0004195499479166667
2025-08-23 00:00:00+00:00,313,62,-0.0019491255913978492,0.0005948558602150538
2025-08-26 00:00:00+00:00,318,63,-0.0020026501058201056,0.0004122323280423281
2025-08-29 00:00:00+00:00,320,64,-0.0025803364583333334,0.00047491781250000027
2025-09-01 00:00:00+00:00,320,64,-0.0031037982812500003,0.0006307613020833337
2025-09-04 00:00:00+00:00,321,64,-0.0019138957291666666,0.000537189166666667
2025-09-07 00:00:00+00:00,309,61,-0.002709771147540983,0.0007287145901639349
2025-09-10 00:00:00+00:00,300,60,-0.0030359867222222218,0.0008864311666666666
2025-09-13 00:00:00+00:00,293,58,-0.0025626702298850567,0.0011278701149425288
2025-09-16 00:00:00+00:00,295,59,-0.0008986999435028248,0.0008415874576271189
2025-09-19 00:00:00+00:00,295,59,-0.0013455245197740106,0.0008628119774011301
2025-09-22 00:00:00+00:00,296,59,-0.0008163163841807907,0.0012481122033898306
2025-09-25 00:00:00+00:00,293,58,-0.0013881743103448274,0.0013720338505747128
2025-09-28 00:00:00+00:00,288,57,-0.0014080023976608185,0.0008347021637426903
2025-10-01 00:00:00+00:00,292,58,-0.001452324942528735,0.0008579945977011494
2025-10-04 00:00:00+00:00,298,59,-0.001468442768361581,0.0010917809039548022
2025-10-07 00:00:00+00:00,302,60,-0.001071013055555555,0.0010727794999999998
2025-10-10 00:00:00+00:00,306,61,-0.0014336514207650274,0.0008890409289617487
2025-10-13 00:00:00+00:00,315,63,-0.005093142222222223,0.000941676560846561
2025-10-16 00:00:00+00:00,316,63,-0.003645689417989418,0.0005882248677248677
2025-10-19 00:00:00+00:00,319,63,-0.003559374497354497,0.0006467091005291008
2025-10-22 00:00:00+00:00,313,62,-0.004720364784946236,0.000684952795698925
2025-10-25 00:00:00+00:00,313,62,-0.006926409301075269,0.0009032192473118283
2025-10-28 00:00:00+00:00,319,63,-0.004494028518518518,0.0010763730158730163
2025-10-31 00:00:00+00:00,320,64,-0.0030233618750000004,0.0007119013541666668
2025-11-03 00:00:00+00:00,316,63,-0.0032573073015873017,0.0007118925925925929
2025-11-06 00:00:00+00:00,317,63,-0.003978563174603175,0.0015954452910052909
2025-11-09 00:00:00+00:00,310,62,-0.0066188395161290315,0.0015510094623655912
2025-11-12 00:00:00+00:00,300,60,-0.003471153944444445,0.0007967095555555555
2025-11-15 00:00:00+00:00,289,57,-0.004387998713450293,0.0009614814619883045
2025-11-18 00:00:00+00:00,289,57,-0.005534817251461989,0.0010130049707602342
2025-11-21 00:00:00+00:00,291,58,-0.0030165257471264366,0.0008883207471264371
2025-11-24 00:00:00+00:00,294,58,-0.004397102011494253,0.0007060605172413796
2025-11-27 00:00:00+00:00,285,57,-0.005968498713450293,0.0012005907017543862
2025-11-30 00:00:00+00:00,275,55,-0.007486627272727271,0.0009717832121212125
2025-12-03 00:00:00+00:00,275,55,-0.00642983478787879,0.0005717150303030307
2025-12-06 00:00:00+00:00,268,53,-0.005245351257861636,0.0006362915094339626
2025-12-09 00:00:00+00:00,258,51,-0.004191475816993463,0.0007941395424836604
2025-12-12 00:00:00+00:00,251,50,-0.003526632333333333,0.0006229328666666673
2025-12-15 00:00:00+00:00,246,49,-0.0077732569387755105,0.0005644951020408163
2025-12-18 00:00:00+00:00,244,48,-0.006872731944444444,0.0005667438194444445
2025-12-21 00:00:00+00:00,231,46,-0.0051194531884057965,0.0007954368840579711
2025-12-24 00:00:00+00:00,227,45,-0.005332973481481481,0.0007547543703703704
2025-12-27 00:00:00+00:00,229,45,-0.005186912370370371,0.0006423248148148149
2025-12-30 00:00:00+00:00,226,45,-0.004131545185185185,0.0007351902222222223
2026-01-02 00:00:00+00:00,218,43,-0.007314555271317829,0.0011003734108527134
2026-01-05 00:00:00+00:00,212,42,-0.004565847301587302,0.0010694527777777786
2026-01-08 00:00:00+00:00,218,43,-0.0036606570542635653,0.00088342007751938
2026-01-11 00:00:00+00:00,215,43,-0.005012039612403101,0.0010234454263565896
2026-01-14 00:00:00+00:00,225,45,-0.005226331407407407,0.000796854740740741
2026-01-17 00:00:00+00:00,221,44,-0.005822855454545455,0.0007403317424242425
2026-01-20 00:00:00+00:00,225,45,-0.005046819333333333,0.0007218680740740742
2026-01-23 00:00:00+00:00,224,44,-0.007743080833333332,0.0006275588636363638
2026-01-26 00:00:00+00:00,221,44,-0.0054344155303030295,0.000706341363636364
2026-01-29 00:00:00+00:00,222,44,-0.006144880530303029,0.0006098448484848487
2026-02-01 00:00:00+00:00,225,45,-0.006443117851851851,0.0006724207407407408
2026-02-04 00:00:00+00:00,227,45,-0.00556050488888889,0.0007565655555555565
2026-02-07 00:00:00+00:00,233,46,-0.004295677608695652,0.0008516946376811595
2026-02-10 00:00:00+00:00,233,46,-0.007409908260869564,0.0007467142028985513
2026-02-13 00:00:00+00:00,224,44,-0.008260062651515153,0.0006691005303030308
2026-02-16 00:00:00+00:00,224,44,-0.006827343560606061,0.0007243402272727274
2026-02-19 00:00:00+00:00,215,43,-0.005581368682170542,0.0005265982945736438
2026-02-22 00:00:00+00:00,215,43,-0.006607334341085272,0.0006949241085271324
2026-02-25 00:00:00+00:00,209,41,-0.007293500731707317,0.0006142600000000002
2026-02-28 00:00:00+00:00,208,41,-0.007177583983739837,0.000620343821138212
2026-03-03 00:00:00+00:00,204,40,-0.002817473583333333,0.0009799780833333338
2026-03-06 00:00:00+00:00,194,38,-0.003073317368421052,0.0007781609649122804
2026-03-09 00:00:00+00:00,188,37,-0.004402753783783783,0.0005617480180180177
2026-03-12 00:00:00+00:00,197,39,-0.006002263589743589,0.0007697944444444442
2026-03-15 00:00:00+00:00,195,39,-0.006759356666666667,0.000977823675213675
2026-03-18 00:00:00+00:00,197,39,-0.005423458803418804,0.0010762739316239312
2026-03-21 00:00:00+00:00,193,38,-0.003960110175438596,0.0007426957017543858
2026-03-24 00:00:00+00:00,196,39,-0.005410609572649572,0.0007212534188034194
2026-03-27 00:00:00+00:00,193,38,-0.006118542105263157,0.0007427819298245618
2026-03-30 00:00:00+00:00,184,36,-0.004947417499999999,0.0009412023148148148
2026-04-02 00:00:00+00:00,184,36,-0.005025599907407407,0.0007214845370370369
2026-04-05 00:00:00+00:00,182,36,-0.006071992685185185,0.0007204928703703704
2026-04-08 00:00:00+00:00,183,36,-0.005135475648148148,0.0010124887962962969
2026-04-11 00:00:00+00:00,180,36,-0.006189282407407407,0.0012044805555555564
2026-04-14 00:00:00+00:00,187,37,-0.007025595675675676,0.002185210720720721
2026-04-17 00:00:00+00:00,188,37,-0.003084258738738739,0.0020705987387387393
2026-04-20 00:00:00+00:00,194,38,-0.005662588333333333,0.0016649966666666672
2026-04-23 00:00:00+00:00,191,38,-0.001520683070175438,0.001793159385964912
2026-04-26 00:00:00+00:00,194,38,-0.0028375562280701745,0.0016586000877192987
2026-04-29 00:00:00+00:00,202,40,-0.0017866634166666662,0.0012878877500000004
2026-05-02 00:00:00+00:00,207,41,-0.0011326417886178863,0.0016279392682926835
2026-05-05 00:00:00+00:00,214,42,-0.001020009047619047,0.0027556273015873016
2026-05-08 00:00:00+00:00,214,42,-0.001388518253968254,0.002009576190476191
2026-05-11 00:00:00+00:00,226,45,-0.0003647523703703701,0.00214502325925926
2026-05-14 00:00:00+00:00,227,45,-0.0008346917037037035,0.0012239232592592597
2026-05-17 00:00:00+00:00,219,43,-0.0009572406201550385,0.0006193113953488376
2026-05-20 00:00:00+00:00,222,44,-0.0011962168181818178,0.000603097045454546
2026-05-23 00:00:00+00:00,226,45,-0.0007753882962962961,0.0005268362222222226
2026-05-26 00:00:00+00:00,221,44,-0.000687105454545454,0.000628034166666667
2026-05-29 00:00:00+00:00,217,43,-0.002175173720930232,0.000987486744186047
2026-06-01 00:00:00+00:00,214,42,-0.0020436448412698405,0.0009499159523809535
2026-06-04 00:00:00+00:00,224,44,-0.005369164166666667,0.0011822521212121221
2026-06-07 00:00:00+00:00,223,44,-0.0059652562121212125,0.0010425568939393941
2026-06-10 00:00:00+00:00,219,43,-0.005592847751937983,0.000916682015503876
2026-06-13 00:00:00+00:00,215,43,-0.006136098992248061,0.001036169457364341
2026-06-16 00:00:00+00:00,219,43,-0.0067348792248062015,0.0011521993798449613
2026-06-19 00:00:00+00:00,224,44,-0.003004056439393939,0.0009266287121212125
2026-06-22 00:00:00+00:00,216,43,-0.0030628711627906976,0.001075005813953489
2026-06-25 00:00:00+00:00,217,43,-0.00217394472868217,0.0008904280620155041
2026-06-28 00:00:00+00:00,213,42,-0.0027562172222222216,0.0008073090476190483
2026-07-01 00:00:00+00:00,209,41,-0.00478957138211382,0.0008691442276422766
2026-07-04 00:00:00+00:00,207,41,-0.005432348943089431,0.0008020616260162601
2026-07-07 00:00:00+00:00,207,41,-0.006855263821138212,0.000674008617886179
2026-07-10 00:00:00+00:00,208,41,-0.0033943008943089423,0.0008636785365853667
2026-07-13 00:00:00+00:00,199,39,-0.0017473281196581187,0.0007959604273504284
2026-07-16 00:00:00+00:00,202,40,-0.0017120937499999996,0.0008420560833333344
2026-07-19 00:00:00+00:00,202,40,-0.0028025249999999993,0.0006520700000000009
2026-07-22 00:00:00+00:00,201,40,-0.0046856185000000005,0.0008017643333333343
2026-07-25 00:00:00+00:00,198,39,-0.005237111965811965,0.0006837887179487191
2026-07-28 00:00:00+00:00,197,39,-0.0036503958974358985,0.000602275641025642
2026-07-31 00:00:00+00:00,194,38,-0.002697778947368421,0.0007518235087719297
2026-08-03 00:00:00+00:00,197,39,-0.002909756923076922,0.0009379076068376066
2026-08-06 00:00:00+00:00,189,37,-0.003005717477477477,0.0011166531531531531
2026-08-09 00:00:00+00:00,187,37,-0.0035578062162162152,0.0011142409909909907
2026-08-12 00:00:00+00:00,188,37,-0.004382153603603603,0.0009714472972972971
2026-08-15 00:00:00+00:00,186,37,-0.003375684684684684,0.0009115847747747745
2026-08-18 00:00:00+00:00,188,37,-0.0025280901801801796,0.000823396846846847
2026-08-21 00:00:00+00:00,195,39,-0.001639411709401709,0.0008124893162393162
2026-08-24 00:00:00+00:00,199,39,-0.0021765619658119656,0.0007232105982905983
2026-08-27 00:00:00+00:00,202,40,-0.001822791833333333,0.0008121449999999999
2026-08-30 00:00:00+00:00,203,40,-0.002667409166666666,0.0007727179166666665
