start,n,cagr,bench_cagr,sharpe,bench_sharpe,excess,win
2007-12-01,4716,0.02637688690013129,0.02400609095925388,0.49478892116868745,0.350055370365739,0.0009776912928360984,True
2008-01-01,4696,0.026345177417951948,0.023993835993389334,0.4944484082171891,0.35025393384383907,0.000964711027334305,True
2008-02-01,4675,0.02539130566192771,0.023048306454461986,0.4776132019494831,0.3381356820327019,0.0009608952018746626,True
2008-03-01,4655,0.02545060154915868,0.023097411237797072,0.4802948966484356,0.3390565064682397,0.0009650236452771084,True
2008-04-01,4635,0.025440285724680267,0.02295202555548337,0.4807370028584843,0.33770564148147975,0.001104060921376493,True
2008-05-01,4613,0.02609790580372695,0.023641323082742582,0.4917927478928643,0.3463369903016499,0.0010693925052254506,True
2008-06-01,4592,0.026874898037615225,0.024405225769611683,0.5058727838825934,0.3560377283929737,0.001074283019730695,True
2008-07-01,4571,0.026831501458483897,0.02408456233457712,0.5049097736138203,0.35176236346563444,0.0013434911306606095,True
2008-08-01,4549,0.0266170637389489,0.023897989888732818,0.5008460258420514,0.34928125941953175,0.0013172786826298952,True
2008-09-01,4528,0.02600450522193376,0.022869347914550975,0.4895444236340316,0.33579239675249606,0.0017242760437840461,True
2008-10-01,4507,0.025690043159763754,0.022447951914924102,0.48561334469402556,0.33163626687334846,0.0018469946584038013,True
2008-11-01,4484,0.026449482705582783,0.023188375292253927,0.5008226415986643,0.34149578250579565,0.0018564685382302729,True
2008-12-01,4465,0.019952719038452527,0.01805665932784728,0.39598052668653977,0.27652268138905384,0.0004921738711673312,True
2009-01-01,4443,0.019322870194052877,0.01647113786638643,0.3848310117507838,0.2562913653888307,0.001448025092922519,True
2009-02-01,4423,0.020179940604915236,0.018648522362702646,0.4005834067732626,0.2855521021987551,0.0001636104844293211,True
2009-03-01,4404,0.020469299200079005,0.019176217804442786,0.4063633391342915,0.2932656935720166,-5.564379206978928e-05,True
2009-04-01,4382,0.019849699056497805,0.01809879979142348,0.39558140517526147,0.2797675925948131,0.00040993355981689544,True
2009-05-01,4361,0.021114606834059302,0.020579152095676623,0.4186768416596398,0.3128538397456132,-0.0007793464559954118,True
2009-06-01,4341,0.022151253090036294,0.02252425004616887,0.4380611768409093,0.3395949617949764,-0.001651881179516066,False
2009-07-01,4319,0.021332985557610984,0.021707582705205564,0.4250904692122053,0.32916516146057906,-0.0016602954851307992,False
2009-08-01,4297,0.021654680012333838,0.022031313987970647,0.4343728475429853,0.33434129823790293,-0.0016687959507283648,False
2009-09-01,4276,0.02051237862201738,0.020890439460352628,0.41443093915400825,0.3192643904732656,-0.0016769916277548855,False
2009-10-01,4255,0.01998295222618207,0.019799876611365397,0.40409568074099345,0.304621841928472,-0.0011244833633822088,True
2009-11-01,4233,0.020545328715277478,0.021018203508850863,0.41442911998380166,0.32110081233542775,-0.0017624603683599332,False
2009-12-01,4213,0.020075623723735836,0.020539374563150137,0.4049907605778404,0.31432959226608354,-0.001756501822636966,False
2010-01-01,4191,0.02146482508413916,0.02267650940593735,0.4305836725948373,0.34279677036923234,-0.002487289877669656,False
2010-02-01,4172,0.020597345530282363,0.021915115213757774,0.4155192825772325,0.33245831079518257,-0.0026039990340497206,False
2010-03-01,4153,0.020384973118118488,0.021708500048825075,0.4119240887680342,0.3295497437883752,-0.00261591234530522,False
2010-04-01,4130,0.021004336496942555,0.02264805499146405,0.4227965870361423,0.3416886263708097,-0.0029308744880787094,False
2010-05-01,4109,0.02002198087763918,0.02167251718383456,0.4049290860788479,0.3285544184042039,-0.002945853403691103,False
2010-06-01,4089,0.018086720598313955,0.019742189673235266,0.37098443478715987,0.3033896964937563,-0.002960262077712248,False
2010-07-01,4067,0.017175274429235055,0.018089960374247926,0.35353535564799365,0.28137701913974494,-0.0022295232470806413,False
2010-08-01,4046,0.017223635319254527,0.018533512080458392,0.3540438045455996,0.28726668244612164,-0.002615391660262329,False
2010-09-01,4024,0.01620372393255254,0.016383565109148845,0.3347527521116066,0.2588511696475105,-0.0014928656987614405,False
2010-10-01,4003,0.016125802326858896,0.016464050089780802,0.333041722563888,0.2600813399696779,-0.0016422561562267762,False
2010-11-01,3982,0.01644541855733017,0.01750283724641477,0.33862916453007186,0.2739420106722975,-0.002348287253951694,False
2010-12-01,3961,0.017311647141329933,0.018881875994456898,0.3550225286588493,0.293028926647602,-0.002837974825002903,False
2011-01-01,3939,0.01805170666273659,0.02002644563868783,0.36912558714395427,0.30893823461389747,-0.0032234925609570947,False
2011-02-01,3919,0.019106837065032467,0.02078040855292418,0.39098294490191043,0.319143797871022,-0.0029414431336658546,False
2011-03-01,3900,0.018319847568064374,0.02025425053670671,0.37711354433551614,0.31189824300658514,-0.003210363799214546,False
2011-04-01,3877,0.018416476933027504,0.02036255120111341,0.3797263990610538,0.3132898720275647,-0.003229409031967837,False
2011-05-01,3857,0.017623595972001915,0.01957824808833264,0.36479314705499527,0.30249326377655467,-0.0032461547360482894,False
2011-06-01,3836,0.015468363378428274,0.017820480278354367,0.3243353150713527,0.27858026031192906,-0.0036535109378842065,False
2011-07-01,3814,0.016789143181164867,0.019157920379345272,0.3504051406779481,0.29654567945655474,-0.0036745852012914186,False
2011-08-01,3794,0.014725345200098383,0.017101790642719106,0.3118940732211345,0.2690205184671639,-0.0036939557084146833,False
2011-09-01,3771,0.012903400898756745,0.013598819326575251,0.2776752949760722,0.22364001921220503,-0.001984488382875788,False
2011-10-01,3750,0.011604638769914022,0.010106269808509927,0.2525914211648333,0.1763655804892676,0.00021553906648002705,True
2011-11-01,3729,0.012095774539787829,0.011142514117383318,0.26243849618230464,0.1914580581254947,-0.000296189884119542,True
2011-12-01,3708,0.012404763181142586,0.011760188968288121,0.26816939937191125,0.20012989305595127,-0.0005951922990806938,True
2012-01-01,3687,0.012031921324738182,0.010965948027742645,0.2607288255878407,0.18928193974144356,-0.00016688879549553795,True
2012-02-01,3667,0.011810817797381246,0.010727704653445524,0.2560778429748094,0.18590602464252243,-0.00014750037954977535,True
2012-03-01,3647,0.012323022373341486,0.011629702634090133,0.2656588708462337,0.19843052436481973,-0.0005311820048311856,True
2012-04-01,3625,0.012829534667293752,0.012612038820008609,0.2751923386476348,0.21218310745327795,-0.0009956879221519818,True
2012-05-01,3605,0.012126651764573282,0.011288653797250303,0.26131011977675994,0.19376203616569151,-0.00037775658066446956,True
2012-06-01,3583,0.010484412805391363,0.007622828532330761,0.22925466068051123,0.142566131822974,0.001635790256482219,True
2012-07-01,3562,0.010965010395373564,0.008588568048326861,0.23821688655315032,0.1560617890384444,0.0011566792237952487,True
2012-08-01,3541,0.01067332161004142,0.007930163961844983,0.2322054692104317,0.1467633337078045,0.0015209987588605655,True
2012-09-01,3518,0.010798985859424848,0.008196078726401046,0.23424028246022452,0.15041764186382012,0.0013831519189517558,True
2012-10-01,3499,0.010983264079120758,0.008722001889089004,0.23747413426088843,0.15774402320603317,0.0010474486544359805,True
2012-11-01,3478,0.011385433316879023,0.009395899105560268,0.24482539277031118,0.16710356589252331,0.000780073748607486,True
2012-12-01,3457,0.011023776196286583,0.008651279892694763,0.2374700056425497,0.156583840187091,0.001158592256006171,True
2013-01-01,3437,0.011684087377213936,0.010006784957532933,0.24965886609723398,0.17535528386425872,0.0004695369426119915,True
2013-02-01,3416,0.01224563013940605,0.011145152348088327,0.2598487712460826,0.19098033302544704,-0.00010340342800037663,True
2013-03-01,3397,0.011651215744119536,0.009980461803865692,0.2481614770016928,0.17471346747590305,0.00046154453209648096,True
2013-04-01,3377,0.011658402530634326,0.01001182192548078,0.24784108263444404,0.17498482462541534,0.00043590740770961187,True
2013-05-01,3355,0.010963928561044334,0.008419275160797213,0.23425910883588372,0.15284317151052262,0.0013283665831398603,True
2013-06-01,3333,0.0124101121307445,0.01122770203851009,0.2612189916881617,0.19173289208140043,-1.6262653986087033e-05,True
2013-07-01,3313,0.013419965750059326,0.012935934809251481,0.27999596120154724,0.21543976956369867,-0.0006998035739779942,True
2013-08-01,3291,0.01495338752156572,0.014465384371520784,0.3102677617989195,0.23679312501880884,-0.0007044816896354458,True
2013-09-01,3269,0.01558548989213282,0.015093897362967956,0.3229245683481013,0.24544651012657998,-0.0007092227716700879,True
2013-10-01,3249,0.014914943256380653,0.014089135172951517,0.30981312786118537,0.23142780022496082,-0.00037968996724861703,True
2013-11-01,3226,0.014721850029731476,0.01389031493525894,0.30594138363948925,0.22834994407908554,-0.00038239699429339427,True
2013-12-01,3206,0.015950368424949568,0.014801808441800235,0.3305635304927598,0.2408040012187054,-8.797076220054198e-05,True
2014-01-01,3185,0.016700910136325797,0.015478183841864057,0.34521389643440226,0.24977784999846378,-2.904356255865534e-05,True
2014-02-01,3164,0.013148145929154031,0.012758532267175493,0.27836072238478543,0.2122485883806447,-0.0008619688981587065,True
2014-03-01,3145,0.01313233670349745,0.012740375826342465,0.27784769083067423,0.2117280059767084,-0.0008671763414227901,True
2014-04-01,3124,0.013842060748464169,0.013447189140642468,0.2916200507761329,0.2212493285220759,-0.0008730056318106486,True
2014-05-01,3103,0.01321058791165397,0.012043202357000071,0.2789622131755737,0.2017531629476868,-0.00011346492843650538,True
2014-06-01,3082,0.012890899886996543,0.011499870457413852,0.2722682704460191,0.19407325225088448,0.00010471231103659565,True
2014-07-01,3061,0.013056904790481605,0.011713915054594626,0.27482886793642375,0.19675120951853384,5.390035163898785e-05,True
2014-08-01,3039,0.01273856206150703,0.010940639770621097,0.26826261395629963,0.1860373038882486,0.0005028408990256205,True
2014-09-01,3018,0.012500178893801506,0.01025057824699016,0.26319110435238585,0.17645141579039683,0.0009479703648170561,True
2014-10-01,2997,0.012289336417576457,0.009736191785863157,0.2587209423693121,0.1693261364734897,0.00124844975323171,True
2014-11-01,2974,0.012071152357966186,0.009340852549336365,0.25405223885576655,0.16375683534406757,0.0014206608354534068,True
2014-12-01,2955,0.011607179031680293,0.008385840668562627,0.24485160101269765,0.15064225615039653,0.0019049979227394147,True
2015-01-01,2933,0.011126373929297717,0.0068155975687842485,0.23558353449993363,0.12937264427979522,0.002993617213816491,True
2015-02-01,2913,0.009296192983487161,0.00336024270591051,0.20123574002185707,0.08242271610391423,0.004630800396639186,True
2015-03-01,2894,0.0110277652252464,0.006637645579752327,0.23349204187052144,0.1271217901382724,0.003092977839754858,True
2015-04-01,2872,0.009976169503340682,0.004700840257934713,0.2136309038795118,0.10074845932587456,0.003985395842722303,True
2015-05-01,2851,0.011057132605288178,0.007034534041958196,0.23332426178231638,0.13248680809469676,0.002735781497989781,True
2015-06-01,2831,0.01139854848084254,0.007803073325423515,0.23942147451294885,0.14301535004087856,0.0023205500451751685,True
2015-07-01,2809,0.012347220183651642,0.009705278698076691,0.2568862134382524,0.16911440182347656,0.0013877310288341847,True
2015-08-01,2787,0.011069013894918989,0.00690516765073057,0.23280272196015858,0.1309292333255104,0.002906305998035326,True
2015-09-01,2766,0.011211494229214969,0.0072150190105249035,0.23507533730977226,0.13514490931424067,0.002744244621590496,True
2015-10-01,2745,0.010665273881769188,0.006310266350312732,0.22468152832484384,0.1228163208066482,0.0031096778268969033,True
2015-11-01,2723,0.011266058332410012,0.007136762513664241,0.23530823674083245,0.13401030816074572,0.002882437129414696,True
2015-12-01,2703,0.011230860493044892,0.0068196421883601754,0.23411755294682057,0.12955408702808022,0.0031587520679309325,True
2016-01-01,2681,0.011615321217138153,0.007367137093190923,0.2407888588250909,0.13700107454596014,0.003001533388813673,True
2016-02-01,2662,0.010247764935941372,0.005030131096063872,0.2153673347810242,0.1051634859690905,0.003972826031349021,True
2016-03-01,2642,0.00988851758058229,0.004260746666540527,0.2085686092639808,0.09470093915138449,0.004390805272805665,True
2016-04-01,2620,0.009456803661955115,0.003377954741692335,0.20025374950877928,0.08264167721159124,0.004839717687117315,True
2016-05-01,2599,0.009817609224405555,0.004171059908727015,0.2063698123220706,0.09339459937604598,0.0044053149102968,True
2016-06-01,2578,0.009719856428467955,0.003471954257700638,0.2041493681433564,0.0838772090570369,0.00500214650786264,True
2016-07-01,2556,0.007599573693133799,-0.00039738040355585813,0.16557336521385096,0.03127374487059022,0.0067740223242326175,True
2016-08-01,2536,0.007878103668577774,-0.00011253135886357679,0.17032197481564093,0.03519458591050755,0.006767495512380577,True
2016-09-01,2513,0.008179842354989919,4.750927849306308e-05,0.17536956144106125,0.037455100257072785,0.006904422666720296,True
2016-10-01,2492,0.008451371513369832,0.0007329394723891713,0.17984633869984096,0.046811522685826897,0.006487141804426984,True
2016-11-01,2471,0.0093547565814871,0.0025780994325441675,0.1955369533975749,0.07176921380288252,0.0055359664676539995,True
2016-12-01,2450,0.012183629341365965,0.007651032233371824,0.24572827239479406,0.1400799456489324,0.0033037241325549454,True
2017-01-01,2429,0.012090294160273629,0.007271269434312888,0.24347676764384005,0.1348395003954213,0.003585892033970939,True
2017-02-01,2409,0.012093888207733716,0.007333938305839061,0.24305579937727848,0.13560610007179355,0.0035287318576212156,True
2017-03-01,2390,0.012072990485544555,0.007141161536974749,0.24219406491050802,0.13293722887226012,0.0036996550625866386,True
2017-04-01,2367,0.011407359246602411,0.005942897867442731,0.22983764465120404,0.11678979569216799,0.004228815842083823,True
2017-05-01,2348,0.01138443191643157,0.005938969148765683,0.22891446162586204,0.11664309520817062,0.004207216422241068,True
2017-06-01,2326,0.010786429080445581,0.004599964250314947,0.2177889883980675,0.09870688032324394,0.004941476701216755,True
2017-07-01,2304,0.011201784047565333,0.004827357873933069,0.22440129038827458,0.10165252431749908,0.005122003770967326,True
2017-08-01,2284,0.010729235511005353,0.004259934357943473,0.2155812528803068,0.09407015486772241,0.005214356558059534,True
2017-09-01,2261,0.010221999900231094,0.003206828643089521,0.20613302769463496,0.08011921061730591,0.005754878108107636,True
2017-10-01,2241,0.011007422438252146,0.00440965976999208,0.2191572759095237,0.09592863847630982,0.005332070474948126,True
2017-11-01,2219,0.011178541665298969,0.004303110765368379,0.22139776113939647,0.09445790990944589,0.005600073865842726,True
2017-12-01,2198,0.011209289520798471,0.003770281108742113,0.22125719070694924,0.08744372503842197,0.0061575667169962425,True
2018-01-01,2178,0.011622703132379453,0.004278943680987135,0.22765159277152777,0.09403701894841147,0.006056319805803714,True
2018-02-01,2157,0.013207362675355494,0.006789686642056925,0.25374134952245364,0.12653103395282994,0.005120274611895603,True
2018-03-01,2138,0.013378098675967065,0.00718910284169505,0.2560028753591867,0.13158380596335498,0.004890285656595892,True
2018-04-01,2117,0.012831199391789783,0.005939803912627939,0.24599317928867134,0.11530283472145557,0.0055853458401574786,True
2018-05-01,2096,0.014071414926103198,0.007817749625347314,0.2659030200591125,0.13926724931971796,0.004938480694771192,True
2018-06-01,2074,0.01347700936971763,0.00671432242093406,0.2553006993987766,0.1250129037254304,0.005446752793463662,True
2018-07-01,2053,0.013212152269171051,0.0060812886793368826,0.2500649390533369,0.11676067450124863,0.005807543147524184,True
2018-08-01,2032,0.013913777866950028,0.0073556388503432935,0.2607639825054646,0.13280896360240868,0.005227167026781988,True
2018-09-01,2009,0.013249888162311096,0.00622953438170426,0.2488472445890406,0.11831259984243157,0.005680789641252999,True
2018-10-01,1990,0.01435590277670884,0.008171369208948898,0.266113887471683,0.14263314506028846,0.00483672347397565,True
2018-11-01,1967,0.014602362492827536,0.009066462929274488,0.2691579473239009,0.1536331214760814,0.004187672089865943,True
2018-12-01,1946,0.01367959845441713,0.007382564773996236,0.253243137775926,0.1322856245488489,0.004938828396989895,True
2019-01-01,1927,0.011300069638347399,0.0034364343629631477,0.21413331296420057,0.08285755589353343,0.006510147704540683,True
2019-02-01,1906,0.011466868550069842,0.0037957106320953837,0.21622434900803092,0.08732758005763003,0.006311173410416946,True
2019-03-01,1887,0.011830783616246343,0.0046755379820611065,0.2214018019157866,0.09822816090805017,0.005788190739145407,True
2019-04-01,1866,0.009872220483616578,0.0011991764536545269,0.18948128015063925,0.05507094960774405,0.007313933772703912,True
2019-05-01,1845,0.009793325724019919,0.0011428223183607145,0.1875940550584575,0.054485268505437126,0.007282774519020342,True
2019-06-01,1823,0.00662148996315981,-0.004126010047913686,0.13675199366223864,-0.010529255148698081,0.009407707896067055,True
2019-07-01,1803,0.006258307751053627,-0.0045694262568510835,0.1306784442305402,-0.015666357105457673,0.009485399963202329,True
2019-08-01,1781,0.005188670067018064,-0.006522666103006891,0.11353951339802504,-0.03948168859187902,0.010384430409255001,True
2019-09-01,1759,0.002193860490340427,-0.012447877835198962,0.06623927107918524,-0.11286821677547904,0.013396472965378622,True
2019-10-01,1739,0.003166764186810056,-0.010792326800982188,0.08152156654046466,-0.09239427398595555,0.012704953465454145,True
2019-11-01,1716,0.0034595025286525694,-0.0100376307438923,0.08601687546719455,-0.08260780553546618,0.01223501225343958,True
2019-12-01,1696,0.004115415289470681,-0.00901926684469423,0.0961267821239751,-0.0696476283116502,0.011861220768783723,True
2020-01-01,1675,0.004124166655442352,-0.008803814391561082,0.09612609274956917,-0.0666812384321847,0.011655888490994078,True
2020-02-01,1654,0.0014332252683317837,-0.013759806732478674,0.054436880710553845,-0.1271374764359927,0.013985436091731229,True
2020-03-01,1635,-0.0016103845172071862,-0.018778201894016355,0.007489740432963905,-0.18894211432301022,0.016051361313712584,True
2020-04-01,1613,-0.006144887791639575,-0.02611039745921062,-0.065620752063251,-0.30637678730712126,0.019355180417952787,True
2020-05-01,1592,-0.006391511983477094,-0.02683072798169528,-0.06889304768527453,-0.3157443841893767,0.01986230654131391,True
2020-06-01,1572,-0.006080711248700688,-0.025575405177551858,-0.06335441446548981,-0.2983555764852033,0.018896632930894774,True
2020-07-01,1550,-0.006264487498476634,-0.02632771549689028,-0.06552155797237766,-0.3075890715189369,0.01949446036225993,True
2020-08-01,1528,-0.007620591064307125,-0.029456789495043934,-0.08574803108110632,-0.347168888751757,0.021344440363846466,True
2020-09-01,1507,-0.006802694868193515,-0.027615942171602792,-0.07220362679576788,-0.3212673277852858,0.020277082991134787,True
2020-10-01,1486,-0.006893102657706374,-0.027920903234123662,-0.07269751337319129,-0.3232062286855145,0.020495947174190118,True
2020-11-01,1464,-0.005834586765557925,-0.026022504650916933,-0.05566747953144434,-0.2966864171789241,0.0196129528538364,True
2020-12-01,1444,-0.005590960392724442,-0.025823484373875938,-0.051352830595705674,-0.2936750343820413,0.019669333153044963,True
2021-01-01,1422,-0.005981709614662711,-0.026537456558378802,-0.05639328263446449,-0.3007937262626459,0.020005087178296545,True
2021-02-01,1403,-0.004943156424293438,-0.024320805129769085,-0.04014020126128606,-0.2706999801943302,0.018777761335716982,True
2021-03-01,1384,-0.0022059526207846014,-0.018759682768668462,0.0010094957453948817,-0.19919685234699577,0.015864130688585207,True
2021-04-01,1361,0.0004110930902485599,-0.01646415660309042,0.039824911338987225,-0.1690239062151719,0.016132224006613294,True
2021-05-01,1340,-0.0006187956700202113,-0.01773858771117065,0.024757798876080473,-0.18396647299775432,0.016385042442538352,True
2021-06-01,1320,-0.0007579687532656143,-0.01813246349870845,0.0229248599058942,-0.18747574609009507,0.016633300661363842,True
2021-07-01,1298,-0.004128480745416385,-0.021735250066595158,-0.026449198006581402,-0.23203065910138299,0.016915221011557013,True
2021-08-01,1277,-0.006829258183771003,-0.026761115511904854,-0.06540896762964041,-0.29524821180349486,0.019367042000425237,True
2021-09-01,1255,-0.00617258250428232,-0.025968601415094605,-0.05483676704929986,-0.2830912527128726,0.01921311033311384,True
2021-10-01,1234,-0.005006643805298916,-0.02404408308263406,-0.037200953745348334,-0.2579173766973044,0.018426306328909202,True
2021-11-01,1213,-0.0042110051434572915,-0.02418123623729218,-0.025038860035894554,-0.25825434766449445,0.01937465033653584,True
2021-12-01,1192,-0.005966571135521015,-0.02830465883223654,-0.04960629687807945,-0.31081237527446004,0.021881268498313886,True
2022-01-01,1170,-0.0034647146889199565,-0.023772849558136744,-0.013388622764564581,-0.25314464416745197,0.019763418328996557,True
2022-02-01,1150,-0.0015216146662602181,-0.021625167950507174,0.014399773195836893,-0.22536212902191377,0.019526369216149517,True
2022-03-01,1131,-0.0017871566632042812,-0.022307038265171886,0.010845696501689171,-0.23461887295274533,0.019987758795717337,True
2022-04-01,1108,0.0060571994599367684,-0.012392299164690534,0.11995991413641799,-0.11332053372018491,0.01780021158504748,True
2022-05-01,1088,0.01234217562215556,-4.83996934709241e-05,0.2061761870915924,0.0397421161112618,0.011650135338312495,True
2022-06-01,1067,0.011569760976377852,-0.000502483928596642,0.19516747415715963,0.03381076675259831,0.011401490392369214,True
