date,n_tradable,long,short
2011-10-03,12,"PL,PA,GC,SI,SB","RB,CL,CC,NG,ZW"
2011-11-01,12,"PL,GC,PA,SB,RB","CL,ZS,CC,NG,ZW"
2011-12-01,13,"PL,GC,PA,SI,RB","CC,ZS,HG,NG,ZW"
2012-01-03,13,"PL,GC,PA,RB,SI","ZS,CC,HG,NG,ZW"
2012-02-01,13,"PL,PA,GC,RB,SI","ZS,HG,CC,NG,ZW"
2012-03-01,13,"PL,PA,GC,SI,RB","ZC,HG,CC,NG,ZW"
2012-04-02,13,"PL,PA,GC,RB,SI","ZC,HG,CC,NG,ZW"
2012-05-01,13,"PL,GC,PA,RB,ZS","ZC,HG,NG,CC,ZW"
2012-06-01,13,"PL,GC,ZS,RB,SI","ZC,CC,ZW,NG,HG"
2012-07-02,13,"PL,GC,ZS,RB,PA","ZC,ZW,CC,NG,HG"
2012-08-01,13,"PL,GC,ZS,RB,SB","SI,ZW,CC,NG,HG"
2012-09-04,13,"PL,GC,PA,SI,ZS","CC,SB,ZW,NG,HG"
2012-10-01,13,"PL,PA,GC,SI,RB","CL,ZW,SB,HG,NG"
2012-11-01,13,"PL,PA,GC,SI,RB","CL,ZW,SB,HG,NG"
2012-12-03,13,"PL,PA,GC,SI,RB","CL,ZW,SB,NG,HG"
2013-01-02,13,"PA,PL,GC,SI,RB","CL,HG,SB,ZW,NG"
2013-02-01,13,"PL,PA,GC,SI,RB","ZC,HG,SB,ZW,NG"
2013-03-01,13,"PL,PA,RB,GC,SI","HG,ZC,SB,ZW,NG"
2013-04-01,13,"PA,PL,GC,RB,ZS","CC,SB,NG,ZW,HG"
2013-05-01,13,"PA,PL,GC,CC,RB","ZC,NG,SB,ZW,HG"
2013-06-03,13,"PA,PL,CC,RB,CL","ZC,NG,SB,HG,ZW"
2013-07-01,13,"PA,PL,CC,ZS,CL","ZC,SB,NG,ZW,HG"
2013-08-01,13,"PA,PL,CC,RB,CL","SB,NG,ZC,HG,ZW"
2013-09-03,13,"PA,PL,CC,RB,GC","SB,HG,NG,ZC,ZW"
2013-10-01,13,"PA,PL,CC,ZS,GC","SB,HG,NG,ZW,ZC"
2013-11-01,13,"PA,PL,CC,SB,SI","RB,HG,ZW,NG,ZC"
2013-12-02,13,"PA,PL,CC,RB,ZS","GC,NG,ZC,ZW,HG"
2014-01-02,13,"PA,CC,PL,RB,ZS","SB,HG,NG,ZC,ZW"
2014-02-03,13,"PL,PA,CC,CL,ZS","NG,SB,HG,ZC,ZW"
2014-03-03,13,"PL,PA,CC,GC,RB","SB,NG,ZC,ZW,HG"
2014-04-01,13,"PL,PA,CC,GC,RB","SB,ZC,ZW,NG,HG"
2014-05-01,13,"PL,PA,CC,RB,CL","SI,ZC,ZW,NG,HG"
2014-06-02,13,"PL,PA,CC,CL,RB","SI,ZC,ZW,NG,HG"
2014-07-01,13,"PL,PA,CC,GC,CL","ZC,ZS,NG,HG,ZW"
2014-08-01,13,"PL,PA,GC,CC,SI","HG,ZC,NG,ZS,ZW"
2014-09-02,13,"PA,PL,CC,GC,SI","HG,ZC,ZW,NG,ZS"
2014-10-01,13,"PA,PL,CC,CL,GC","ZC,NG,ZS,HG,ZW"
2014-11-03,13,"PA,PL,CC,GC,CL","SB,ZW,ZS,HG,NG"
2014-12-01,13,"PA,PL,CC,RB,CL","SB,ZW,ZS,NG,HG"
2015-01-02,13,"PA,PL,CC,GC,SI","ZW,SB,ZS,NG,HG"
2015-02-02,13,"PA,PL,GC,SI,CC","ZC,ZW,ZS,NG,HG"
2015-03-02,13,"PA,PL,GC,CC,SI","ZC,ZW,ZS,NG,HG"
2015-04-01,13,"PA,PL,SI,CC,RB","SB,ZS,ZW,HG,NG"
2015-05-01,13,"PA,PL,GC,CC,CL","ZC,ZS,HG,ZW,NG"
2015-06-01,13,"PA,PL,SI,CC,GC","HG,ZC,ZW,ZS,NG"
2015-07-01,13,"CC,PA,PL,GC,CL","ZS,ZC,ZW,HG,NG"
2015-08-03,13,"CC,PL,ZC,CL,PA","GC,SB,ZW,NG,HG"
2015-09-01,13,"PL,CC,GC,SI,RB","ZS,SB,ZW,HG,NG"
2015-10-01,13,"PL,CC,PA,SI,RB","ZC,ZS,HG,ZW,NG"
2015-11-02,13,"PA,PL,SI,GC,SB","ZC,ZS,HG,ZW,NG"
2015-12-01,13,"CC,PL,SB,PA,RB","ZC,ZS,ZW,NG,HG"
2016-01-04,13,"PL,PA,CC,SB,RB","ZC,ZS,NG,HG,ZW"
2016-02-01,13,"PL,SI,SB,RB,CC","ZC,ZS,ZW,NG,HG"
2016-03-01,13,"PL,SI,GC,RB,CC","ZC,ZS,HG,NG,ZW"
2016-04-01,13,"PL,SI,GC,PA,SB","ZS,HG,ZC,NG,ZW"
2016-05-02,13,"PL,GC,SI,SB,PA","ZS,ZC,HG,NG,ZW"
2016-06-01,13,"PL,GC,SI,SB,CL","PA,ZC,NG,ZW,HG"
2016-07-01,13,"GC,PL,SI,SB,CC","ZC,PA,NG,ZW,HG"
2016-08-01,13,"PL,PA,GC,SI,SB","RB,HG,ZC,NG,ZW"
2016-09-01,13,"PL,PA,GC,SI,SB","RB,HG,ZC,NG,ZW"
2016-10-03,13,"PL,PA,GC,SI,SB","ZS,NG,HG,ZC,ZW"
2016-11-01,13,"GC,SB,PA,SI,PL","ZS,NG,ZC,HG,ZW"
2016-12-01,13,"PA,SI,PL,GC,SB","ZS,CC,ZC,NG,ZW"
2017-01-03,13,"PA,SI,PL,GC,SB","ZS,NG,CC,ZC,ZW"
2017-02-01,13,"PL,PA,SI,SB,GC","ZS,ZC,NG,CC,ZW"
2017-03-01,13,"PL,PA,SI,GC,SB","ZS,ZC,NG,ZW,CC"
2017-04-03,13,"PA,SI,PL,GC,CL","NG,CC,ZS,ZC,ZW"
2017-05-01,13,"PA,SI,PL,GC,CL","NG,CC,ZC,ZS,ZW"
2017-06-01,13,"PA,GC,SI,PL,CL","HG,ZC,CC,ZW,ZS"
2017-07-03,13,"PA,GC,SI,PL,CL","ZC,ZW,SB,CC,ZS"
2017-08-01,13,"PA,GC,PL,CL,RB","ZW,ZS,NG,SB,CC"
2017-09-01,13,"PA,PL,GC,SI,CL","NG,ZS,ZW,SB,CC"
2017-10-02,13,"PA,PL,GC,SI,RB","ZC,NG,SB,ZW,CC"
2017-11-01,13,"PA,GC,SI,PL,RB","CC,NG,ZC,ZW,SB"
2017-12-01,13,"PA,GC,PL,SI,CL","SB,ZS,NG,ZC,ZW"
2018-01-02,13,"PA,GC,PL,CL,RB","ZC,SB,ZS,NG,ZW"
2018-02-01,15,"PA,PL,CT,GC,CL","ZC,SB,ZS,KC,ZW"
2018-03-01,15,"PA,PL,GC,CT,CL","ZS,NG,ZW,SB,KC"
2018-04-02,15,"PA,PL,GC,CT,CL","SI,NG,ZW,KC,SB"
2018-05-01,15,"PA,CT,GC,PL,CL","ZS,ZW,NG,SB,KC"
2018-06-01,15,"PA,CT,CL,RB,GC","PL,ZW,NG,SB,KC"
2018-07-02,15,"CT,PA,CL,RB,SI","PL,ZW,NG,ZS,KC"
2018-08-01,15,"NG,CT,CL,RB,PA","ZC,PL,SB,ZS,KC"
2018-09-04,15,"NG,CT,RB,CL,PA","SI,PL,ZS,SB,KC"
2018-10-01,15,"NG,PA,CT,RB,CL","GC,SI,SB,ZS,KC"
2018-11-01,15,"NG,PA,CT,RB,CL","HG,ZW,CC,ZS,KC"
2018-12-03,15,"PA,NG,PL,CT,RB","CC,ZC,ZW,KC,ZS"
2019-01-02,15,"PA,NG,GC,PL,SI","SB,ZW,HG,ZS,KC"
2019-02-01,15,"PA,NG,SI,RB,GC","SB,ZW,ZS,HG,KC"
2019-03-01,15,"PA,NG,SI,GC,RB","HG,CT,ZW,ZS,KC"
2019-04-01,15,"PA,PL,NG,GC,SI","SB,ZW,CC,ZS,KC"
2019-05-01,15,"PL,NG,PA,CL,RB","CC,ZC,ZW,ZS,KC"
2019-06-03,15,"PA,NG,RB,GC,CL","CT,HG,KC,SB,ZS"
2019-07-01,15,"PA,GC,NG,RB,SI","SB,KC,ZS,HG,CT"
2019-08-01,15,"PA,GC,PL,NG,SI","ZW,ZS,HG,SB,CT"
2019-09-03,15,"GC,PA,PL,SI,NG","ZS,KC,SB,CT,HG"
2019-10-01,15,"PA,GC,PL,SI,NG","ZW,KC,CT,SB,HG"
2019-11-01,15,"PL,PA,GC,SI,NG","ZW,CT,KC,HG,SB"
2019-12-02,15,"PL,PA,GC,SI,NG","ZW,ZS,CT,SB,HG"
2020-01-02,15,"PL,PA,GC,SI,RB","SB,ZC,ZW,HG,ZS"
2020-02-03,15,"PL,GC,SI,PA,RB","KC,ZC,ZW,ZS,HG"
2020-03-02,15,"PL,GC,SI,RB,PA","ZW,ZC,KC,ZS,HG"
2020-04-01,15,"GC,PL,SI,RB,CL","ZW,PA,ZC,CT,HG"
2020-05-01,15,"GC,PL,SI,CL,RB","CC,SB,CT,ZC,HG"
2020-06-01,15,"GC,PL,SI,CL,PA","CC,CT,ZW,HG,ZC"
2020-07-01,15,"GC,PL,CL,SI,PA","CT,CC,KC,ZW,ZC"
2020-08-03,15,"PL,GC,PA,CL,SI","ZS,KC,CC,ZW,ZC"
2020-09-01,15,"GC,PL,PA,CT,SB","ZS,NG,CC,ZW,ZC"
2020-10-01,15,"GC,PA,SI,PL,CT","CC,NG,RB,ZC,ZW"
2020-11-02,15,"GC,PA,SI,SB,CT","NG,KC,RB,CC,ZW"
2020-12-01,15,"GC,PL,CT,SI,PA","CC,RB,KC,NG,ZW"
2021-01-04,15,"PL,GC,SI,CT,PA","RB,KC,CC,NG,ZW"
2021-02-01,15,"PL,GC,SI,CT,HG","RB,KC,CC,NG,ZW"
2021-03-01,15,"PL,GC,CT,SI,HG","CC,RB,PA,NG,ZW"
2021-04-01,15,"PL,GC,CT,PA,SI","CC,KC,RB,NG,ZW"
2021-05-03,15,"PL,GC,CT,SI,SB","KC,CC,NG,RB,ZW"
2021-06-01,15,"GC,PL,SI,CT,SB","NG,RB,HG,CC,ZW"
2021-07-01,15,"GC,CT,PL,SI,SB","PA,RB,CC,HG,ZW"
2021-08-02,15,"GC,CT,SB,PL,SI","ZS,ZC,RB,ZW,CC"
2021-09-01,15,"GC,CT,SB,NG,SI","RB,ZS,HG,ZW,PA"
2021-10-01,15,"GC,CT,SB,NG,KC","CC,PL,ZS,ZW,PA"
2021-11-01,15,"GC,CT,PL,SI,NG","ZC,CC,ZS,ZW,PA"
2021-12-01,15,"GC,CT,SI,NG,PL","HG,ZW,CC,ZS,PA"
2022-01-03,15,"GC,CT,NG,SI,ZC","ZS,HG,CC,ZW,PA"
2022-02-01,15,"GC,CT,PL,NG,SI","HG,ZS,CC,ZW,PA"
2022-03-01,15,"GC,CT,PL,NG,KC","CL,HG,SB,ZW,PA"
2022-04-01,15,"GC,CT,PL,SI,NG","RB,HG,CC,ZW,PA"
2022-05-02,15,"CT,GC,NG,SI,SB","CC,PL,ZW,HG,PA"
2022-06-01,15,"CT,NG,GC,SB,ZC","PL,ZW,CC,HG,PA"
2022-07-01,15,"NG,CT,GC,KC,SB","PL,ZW,CC,HG,PA"
2022-08-01,15,"NG,CT,GC,RB,CL","CC,PL,ZW,HG,PA"
2022-09-01,15,"NG,GC,CT,RB,KC","SI,CC,ZW,HG,PA"
2022-10-03,15,"NG,KC,CT,RB,ZC","PL,ZW,CC,HG,PA"
2022-11-01,15,"NG,PL,RB,SB,ZC","ZS,CC,ZW,HG,PA"
2022-12-01,15,"PL,NG,GC,SB,RB","ZS,HG,KC,ZW,PA"
2023-01-03,15,"PL,NG,GC,SI,SB","CT,HG,KC,ZW,PA"
2023-02-01,15,"NG,GC,PL,SI,SB","CC,CT,KC,ZW,PA"
2023-03-01,15,"NG,GC,SB,ZS,RB","KC,HG,CT,ZW,PA"
2023-04-03,15,"NG,GC,SB,PL,SI","HG,ZC,CT,ZW,PA"
2023-05-01,15,"NG,PL,GC,SB,SI","ZC,CT,HG,ZW,PA"
2023-06-01,15,"NG,PL,GC,SB,SI","ZS,ZC,HG,ZW,PA"
2023-07-03,15,"NG,GC,SB,PL,SI","KC,HG,CT,ZW,PA"
2023-08-01,12,"NG,GC,SI,PL,SB","CL,HG,ZC,ZW,PA"
2023-09-01,12,"NG,GC,SB,RB,SI","ZS,ZC,ZW,HG,PA"
2023-10-02,12,"NG,SB,GC,SI,CL","ZS,ZC,HG,ZW,PA"
2023-11-01,12,"NG,GC,SB,SI,CL","ZS,ZC,HG,ZW,PA"
2023-12-01,12,"NG,GC,SB,SI,RB","ZS,HG,ZC,ZW,PA"
2024-01-02,12,"NG,GC,SI,PL,RB","HG,ZS,ZW,ZC,PA"
2024-02-01,12,"NG,GC,SI,RB,PL","HG,ZW,ZC,ZS,PA"
2024-03-01,12,"NG,GC,SI,RB,PL","HG,ZW,ZC,ZS,PA"
2024-04-01,12,"NG,GC,SI,RB,CL","HG,ZC,ZW,ZS,PA"
2024-05-01,12,"NG,SI,GC,HG,RB","SB,ZC,ZW,ZS,PA"
2024-06-03,12,"GC,NG,SI,PL,HG","SB,ZW,ZS,ZC,PA"
2024-07-01,12,"GC,NG,SI,PL,HG","SB,ZW,ZC,ZS,PA"
2024-08-01,12,"NG,GC,SI,PL,HG","SB,ZW,ZC,ZS,PA"
2024-09-03,12,"GC,NG,SI,PL,CL","RB,ZW,ZC,ZS,PA"
2024-10-01,12,"GC,SI,NG,PL,HG","RB,ZW,ZC,ZS,PA"
2024-11-01,12,"GC,SI,PL,NG,HG","CL,ZC,ZW,ZS,PA"
2024-12-02,12,"GC,SI,NG,PL,RB","HG,ZC,ZS,ZW,PA"
2025-01-02,12,"GC,NG,SI,PL,RB","SB,HG,ZS,ZW,PA"
2025-02-03,12,"GC,NG,SI,PL,ZC","HG,ZS,SB,ZW,PA"
2025-03-03,12,"GC,NG,SI,PL,ZC","HG,SB,ZS,ZW,PA"
2025-04-01,12,"GC,NG,SI,PL,HG","SB,ZC,ZS,ZW,PA"
2025-05-01,12,"NG,SI,GC,PL,HG","RB,SB,ZS,ZW,PA"
2025-06-02,12,"NG,SI,GC,PL,HG","ZS,SB,ZC,ZW,PA"
2025-07-01,12,"NG,GC,SI,PL,HG","ZS,SB,ZC,PA,ZW"
2025-08-01,12,"GC,NG,SI,PL,HG","ZS,PA,SB,ZC,ZW"
2025-09-02,12,"GC,NG,SI,PL,HG","ZS,ZC,SB,PA,ZW"
2025-10-01,12,"GC,NG,SI,PL,HG","ZS,ZC,PA,SB,ZW"
2025-11-03,12,"NG,GC,SI,PL,HG","CL,PA,ZC,ZW,SB"
2025-12-01,12,"GC,NG,SI,PL,RB","PA,CL,ZC,ZW,SB"
2026-01-02,12,"GC,NG,SI,HG,PL","PA,CL,ZC,ZW,SB"
2026-02-02,12,"NG,GC,SI,PL,HG","CL,ZS,ZC,ZW,SB"
2026-03-02,12,"NG,GC,SI,HG,PL","PA,CL,ZC,ZW,SB"
2026-04-01,12,"NG,GC,SI,PL,RB","ZC,CL,PA,ZW,SB"
2026-05-01,12,"NG,GC,PL,SI,HG","CL,ZC,PA,ZW,SB"
2026-06-01,12,"NG,GC,SI,PL,HG","ZC,CL,ZW,SB,PA"
2026-07-01,12,"NG,GC,SI,PL,HG","ZS,ZC,ZW,SB,PA"
2026-08-03,12,"NG,GC,SI,PL,HG","ZC,CL,ZW,SB,PA"
